phase,branch,condition,seed,order,call_position,token_position,token,token_id,bytes,logprob,rank,top_logprobs
instrument_validation,A,R0,424,A,1,1,{,,[123],-0.017701268196105957,1,"[{""token"":""{"",""token_id"":null,""bytes"":[123],""logprob"":-0.017701268196105957,""rank"":1},{""token"":""{\"""",""token_id"":null,""bytes"":[123,34],""logprob"":-4.527174949645996,""rank"":2},{""token"":""```"",""token_id"":null,""bytes"":[96,96,96],""logprob"":-5.166430473327637,""rank"":3},{""token"":""{\\"",""token_id"":null,""bytes"":[123,92],""logprob"":-9.290816307067871,""rank"":4},{""token"":""{'"",""token_id"":null,""bytes"":[123,39],""logprob"":-9.338777542114258,""rank"":5}]"
instrument_validation,A,R0,424,A,1,2,"
",,[10],-0.0012813667999580503,1,"[{""token"":""\n"",""token_id"":null,""bytes"":[10],""logprob"":-0.0012813667999580503,""rank"":1},{""token"":"" \"""",""token_id"":null,""bytes"":[32,34],""logprob"":-6.833825588226318,""rank"":2},{""token"":""mode"",""token_id"":null,""bytes"":[109,111,100,101],""logprob"":-8.847938537597656,""rank"":3},{""token"":"" "",""token_id"":null,""bytes"":[32],""logprob"":-10.73855209350586,""rank"":4},{""token"":"" \n"",""token_id"":null,""bytes"":[32,10],""logprob"":-11.28103256225586,""rank"":5}]"
instrument_validation,A,R0,424,A,1,3, ,,[32],-0.00021930952789261937,1,"[{""token"":"" "",""token_id"":null,""bytes"":[32],""logprob"":-0.00021930952789261937,""rank"":1},{""token"":""\"""",""token_id"":null,""bytes"":[34],""logprob"":-8.988393783569336,""rank"":2},{""token"":"" \"""",""token_id"":null,""bytes"":[32,34],""logprob"":-9.370800018310547,""rank"":3},{""token"":""  \n"",""token_id"":null,""bytes"":[32,32,10],""logprob"":-13.117914199829102,""rank"":4},{""token"":""\""text"",""token_id"":null,""bytes"":[34,116,101,120,116],""logprob"":-13.223142623901367,""rank"":5}]"
instrument_validation,A,R0,424,A,1,4," """,,"[32,34]",-3.814704541582614e-06,1,"[{""token"":"" \"""",""token_id"":null,""bytes"":[32,34],""logprob"":-3.814704541582614e-06,""rank"":1},{""token"":"" \""_"",""token_id"":null,""bytes"":[32,34,95],""logprob"":-13.24009895324707,""rank"":2},{""token"":"" \""\\\"""",""token_id"":null,""bytes"":[32,34,92,34],""logprob"":-13.954038619995117,""rank"":3},{""token"":"" mode"",""token_id"":null,""bytes"":[32,109,111,100,101],""logprob"":-15.210006713867188,""rank"":4},{""token"":"" \""__"",""token_id"":null,""bytes"":[32,34,95,95],""logprob"":-15.355708122253418,""rank"":5}]"
instrument_validation,A,R0,424,A,1,5,mode,,"[109,111,100,101]",-0.00011563969746930525,1,"[{""token"":""mode"",""token_id"":null,""bytes"":[109,111,100,101],""logprob"":-0.00011563969746930525,""rank"":1},{""token"":""texte"",""token_id"":null,""bytes"":[116,101,120,116,101],""logprob"":-9.487587928771973,""rank"":2},{""token"":""\tmode"",""token_id"":null,""bytes"":[9,109,111,100,101],""logprob"":-12.448882102966309,""rank"":3},{""token"":""message"",""token_id"":null,""bytes"":[109,101,115,115,97,103,101],""logprob"":-12.675307273864746,""rank"":4},{""token"":""type"",""token_id"":null,""bytes"":[116,121,112,101],""logprob"":-12.780400276184082,""rank"":5}]"
instrument_validation,A,R0,424,A,1,6,""":",,"[34,58]",-5.960482212685747e-06,1,"[{""token"":""\"":"",""token_id"":null,""bytes"":[34,58],""logprob"":-5.960482212685747e-06,""rank"":1},{""token"":""\"":\"""",""token_id"":null,""bytes"":[34,58,34],""logprob"":-12.405611038208008,""rank"":2},{""token"":""\"""",""token_id"":null,""bytes"":[34],""logprob"":-13.86256217956543,""rank"":3},{""token"":""\"","",""token_id"":null,""bytes"":[34,44],""logprob"":-14.75390625,""rank"":4},{""token"":""':"",""token_id"":null,""bytes"":[39,58],""logprob"":-15.401510238647461,""rank"":5}]"
instrument_validation,A,R0,424,A,1,7," """,,"[32,34]",-6.878612475702539e-05,1,"[{""token"":"" \"""",""token_id"":null,""bytes"":[32,34],""logprob"":-6.878612475702539e-05,""rank"":1},{""token"":"" \""\"","",""token_id"":null,""bytes"":[32,34,34,44],""logprob"":-11.401308059692383,""rank"":2},{""token"":"" \""..."",""token_id"":null,""bytes"":[32,34,46,46,46],""logprob"":-11.616853713989258,""rank"":3},{""token"":"" parole"",""token_id"":null,""bytes"":[32,112,97,114,111,108,101],""logprob"":-11.877944946289062,""rank"":4},{""token"":"" \""\"""",""token_id"":null,""bytes"":[32,34,34],""logprob"":-12.042781829833984,""rank"":5}]"
instrument_validation,A,R0,424,A,1,8,sil,,"[115,105,108]",-0.6829010248184204,1,"[{""token"":""sil"",""token_id"":null,""bytes"":[115,105,108],""logprob"":-0.6829010248184204,""rank"":1},{""token"":""parole"",""token_id"":null,""bytes"":[112,97,114,111,108,101],""logprob"":-0.7116065621376038,""rank"":2},{""token"":""par"",""token_id"":null,""bytes"":[112,97,114],""logprob"":-7.376031398773193,""rank"":3},{""token"":""pare"",""token_id"":null,""bytes"":[112,97,114,101],""logprob"":-8.316965103149414,""rank"":4},{""token"":""s"",""token_id"":null,""bytes"":[115],""logprob"":-8.35165786743164,""rank"":5}]"
instrument_validation,A,R0,424,A,1,9,ence,,"[101,110,99,101]",-1.0728893357736524e-05,1,"[{""token"":""ence"",""token_id"":null,""bytes"":[101,110,99,101],""logprob"":-1.0728893357736524e-05,""rank"":1},{""token"":""ience"",""token_id"":null,""bytes"":[105,101,110,99,101],""logprob"":-11.881476402282715,""rank"":2},{""token"":""ance"",""token_id"":null,""bytes"":[97,110,99,101],""logprob"":-12.749621391296387,""rank"":3},{""token"":""enc"",""token_id"":null,""bytes"":[101,110,99],""logprob"":-15.021140098571777,""rank"":4},{""token"":""\"","",""token_id"":null,""bytes"":[34,44],""logprob"":-15.82038402557373,""rank"":5}]"
instrument_validation,A,R0,424,A,1,10,""",",,"[34,44]",-0.10400095582008362,1,"[{""token"":""\"","",""token_id"":null,""bytes"":[34,44],""logprob"":-0.10400095582008362,""rank"":1},{""token"":""\"""",""token_id"":null,""bytes"":[34],""logprob"":-2.3149843215942383,""rank"":2},{""token"":""\n"",""token_id"":null,""bytes"":[10],""logprob"":-12.798715591430664,""rank"":3},{""token"":""\""."",""token_id"":null,""bytes"":[34,46],""logprob"":-13.602818489074707,""rank"":4},{""token"":""\\\"","",""token_id"":null,""bytes"":[92,34,44],""logprob"":-14.086886405944824,""rank"":5}]"
instrument_validation,A,R0,424,A,1,11,"
",,[10],-4.529963462118758e-06,1,"[{""token"":""\n"",""token_id"":null,""bytes"":[10],""logprob"":-4.529963462118758e-06,""rank"":1},{""token"":"" \n"",""token_id"":null,""bytes"":[32,10],""logprob"":-12.82629108428955,""rank"":2},{""token"":"""",""token_id"":null,""bytes"":[],""logprob"":-14.03629207611084,""rank"":3},{""token"":""\n\n"",""token_id"":null,""bytes"":[10,10],""logprob"":-14.489842414855957,""rank"":4},{""token"":"" \"""",""token_id"":null,""bytes"":[32,34],""logprob"":-15.350348472595215,""rank"":5}]"
instrument_validation,A,R0,424,A,1,12, ,,[32],-4.768372718899627e-07,1,"[{""token"":"" "",""token_id"":null,""bytes"":[32],""logprob"":-4.768372718899627e-07,""rank"":1},{""token"":"" \"""",""token_id"":null,""bytes"":[32,34],""logprob"":-14.830775260925293,""rank"":2},{""token"":""  \n"",""token_id"":null,""bytes"":[32,32,10],""logprob"":-15.846244812011719,""rank"":3},{""token"":"" texte"",""token_id"":null,""bytes"":[32,116,101,120,116,101],""logprob"":-17.57489776611328,""rank"":4},{""token"":""\"":"",""token_id"":null,""bytes"":[34,58],""logprob"":-17.85828399658203,""rank"":5}]"
instrument_validation,A,R0,424,A,1,13," """,,"[32,34]",-2.7418175250204513e-06,1,"[{""token"":"" \"""",""token_id"":null,""bytes"":[32,34],""logprob"":-2.7418175250204513e-06,""rank"":1},{""token"":"" \""\"""",""token_id"":null,""bytes"":[32,34,34],""logprob"":-12.913479804992676,""rank"":2},{""token"":"" \""\\\"""",""token_id"":null,""bytes"":[32,34,92,34],""logprob"":-15.69869327545166,""rank"":3},{""token"":"" \""_"",""token_id"":null,""bytes"":[32,34,95],""logprob"":-16.026199340820312,""rank"":4},{""token"":"" \""."",""token_id"":null,""bytes"":[32,34,46],""logprob"":-16.689477920532227,""rank"":5}]"
instrument_validation,A,R0,424,A,1,14,texte,,"[116,101,120,116,101]",-0.0006296828505583107,1,"[{""token"":""texte"",""token_id"":null,""bytes"":[116,101,120,116,101],""logprob"":-0.0006296828505583107,""rank"":1},{""token"":""texto"",""token_id"":null,""bytes"":[116,101,120,116,111],""logprob"":-7.841743469238281,""rank"":2},{""token"":"" texte"",""token_id"":null,""bytes"":[32,116,101,120,116,101],""logprob"":-9.23090934753418,""rank"":3},{""token"":""texture"",""token_id"":null,""bytes"":[116,101,120,116,117,114,101],""logprob"":-10.990337371826172,""rank"":4},{""token"":""liste"",""token_id"":null,""bytes"":[108,105,115,116,101],""logprob"":-11.11802864074707,""rank"":5}]"
instrument_validation,A,R0,424,A,1,15,""":",,"[34,58]",-9.775209946383256e-06,1,"[{""token"":""\"":"",""token_id"":null,""bytes"":[34,58],""logprob"":-9.775209946383256e-06,""rank"":1},{""token"":""\"""",""token_id"":null,""bytes"":[34],""logprob"":-11.71143913269043,""rank"":2},{""token"":""\"":\""\"""",""token_id"":null,""bytes"":[34,58,34,34],""logprob"":-13.73509407043457,""rank"":3},{""token"":""\\\"":"",""token_id"":null,""bytes"":[92,34,58],""logprob"":-15.427671432495117,""rank"":4},{""token"":""\"":\"""",""token_id"":null,""bytes"":[34,58,34],""logprob"":-16.406694412231445,""rank"":5}]"
instrument_validation,A,R0,424,A,1,16," """"",,"[32,34,34]",-0.0034958957694470882,1,"[{""token"":"" \""\"""",""token_id"":null,""bytes"":[32,34,34],""logprob"":-0.0034958957694470882,""rank"":1},{""token"":"" \"""",""token_id"":null,""bytes"":[32,34],""logprob"":-5.9778056144714355,""rank"":2},{""token"":"" null"",""token_id"":null,""bytes"":[32,110,117,108,108],""logprob"":-7.4228434562683105,""rank"":3},{""token"":"" \""\"","",""token_id"":null,""bytes"":[32,34,34,44],""logprob"":-8.4609375,""rank"":4},{""token"":"" \""\\\"""",""token_id"":null,""bytes"":[32,34,92,34],""logprob"":-9.420413970947266,""rank"":5}]"
instrument_validation,A,R0,424,A,1,17,"
",,[10],-9.536747711536009e-07,1,"[{""token"":""\n"",""token_id"":null,""bytes"":[10],""logprob"":-9.536747711536009e-07,""rank"":1},{""token"":"""",""token_id"":null,""bytes"":[],""logprob"":-14.770174026489258,""rank"":2},{""token"":"" \n"",""token_id"":null,""bytes"":[32,10],""logprob"":-14.94002914428711,""rank"":3},{""token"":""\n\n"",""token_id"":null,""bytes"":[10,10],""logprob"":-15.378928184509277,""rank"":4},{""token"":""\n\n\n"",""token_id"":null,""bytes"":[10,10,10],""logprob"":-18.373306274414062,""rank"":5}]"
instrument_validation,A,R0,424,A,1,18,},,[125],-2.5033982637978625e-06,1,"[{""token"":""}"",""token_id"":null,""bytes"":[125],""logprob"":-2.5033982637978625e-06,""rank"":1},{""token"":""},"",""token_id"":null,""bytes"":[125,44],""logprob"":-13.417893409729004,""rank"":2},{""token"":""}\"""",""token_id"":null,""bytes"":[125,34],""logprob"":-14.308489799499512,""rank"":3},{""token"":""}'"",""token_id"":null,""bytes"":[125,39],""logprob"":-14.59435749053955,""rank"":4},{""token"":""}`"",""token_id"":null,""bytes"":[125,96],""logprob"":-16.7717342376709,""rank"":5}]"
instrument_validation,A,R0,424,ABCD,1,1,{,,[123],-0.017701268196105957,1,"[{""token"":""{"",""token_id"":null,""bytes"":[123],""logprob"":-0.017701268196105957,""rank"":1},{""token"":""{\"""",""token_id"":null,""bytes"":[123,34],""logprob"":-4.527174949645996,""rank"":2},{""token"":""```"",""token_id"":null,""bytes"":[96,96,96],""logprob"":-5.166430473327637,""rank"":3},{""token"":""{\\"",""token_id"":null,""bytes"":[123,92],""logprob"":-9.290816307067871,""rank"":4},{""token"":""{'"",""token_id"":null,""bytes"":[123,39],""logprob"":-9.338777542114258,""rank"":5}]"
instrument_validation,A,R0,424,ABCD,1,2,"
",,[10],-0.0012813667999580503,1,"[{""token"":""\n"",""token_id"":null,""bytes"":[10],""logprob"":-0.0012813667999580503,""rank"":1},{""token"":"" \"""",""token_id"":null,""bytes"":[32,34],""logprob"":-6.833825588226318,""rank"":2},{""token"":""mode"",""token_id"":null,""bytes"":[109,111,100,101],""logprob"":-8.847938537597656,""rank"":3},{""token"":"" "",""token_id"":null,""bytes"":[32],""logprob"":-10.73855209350586,""rank"":4},{""token"":"" \n"",""token_id"":null,""bytes"":[32,10],""logprob"":-11.28103256225586,""rank"":5}]"
instrument_validation,A,R0,424,ABCD,1,3, ,,[32],-0.00021930952789261937,1,"[{""token"":"" "",""token_id"":null,""bytes"":[32],""logprob"":-0.00021930952789261937,""rank"":1},{""token"":""\"""",""token_id"":null,""bytes"":[34],""logprob"":-8.988393783569336,""rank"":2},{""token"":"" \"""",""token_id"":null,""bytes"":[32,34],""logprob"":-9.370800018310547,""rank"":3},{""token"":""  \n"",""token_id"":null,""bytes"":[32,32,10],""logprob"":-13.117914199829102,""rank"":4},{""token"":""\""text"",""token_id"":null,""bytes"":[34,116,101,120,116],""logprob"":-13.223142623901367,""rank"":5}]"
instrument_validation,A,R0,424,ABCD,1,4," """,,"[32,34]",-3.814704541582614e-06,1,"[{""token"":"" \"""",""token_id"":null,""bytes"":[32,34],""logprob"":-3.814704541582614e-06,""rank"":1},{""token"":"" \""_"",""token_id"":null,""bytes"":[32,34,95],""logprob"":-13.24009895324707,""rank"":2},{""token"":"" \""\\\"""",""token_id"":null,""bytes"":[32,34,92,34],""logprob"":-13.954038619995117,""rank"":3},{""token"":"" mode"",""token_id"":null,""bytes"":[32,109,111,100,101],""logprob"":-15.210006713867188,""rank"":4},{""token"":"" \""__"",""token_id"":null,""bytes"":[32,34,95,95],""logprob"":-15.355708122253418,""rank"":5}]"
instrument_validation,A,R0,424,ABCD,1,5,mode,,"[109,111,100,101]",-0.00011563969746930525,1,"[{""token"":""mode"",""token_id"":null,""bytes"":[109,111,100,101],""logprob"":-0.00011563969746930525,""rank"":1},{""token"":""texte"",""token_id"":null,""bytes"":[116,101,120,116,101],""logprob"":-9.487587928771973,""rank"":2},{""token"":""\tmode"",""token_id"":null,""bytes"":[9,109,111,100,101],""logprob"":-12.448882102966309,""rank"":3},{""token"":""message"",""token_id"":null,""bytes"":[109,101,115,115,97,103,101],""logprob"":-12.675307273864746,""rank"":4},{""token"":""type"",""token_id"":null,""bytes"":[116,121,112,101],""logprob"":-12.780400276184082,""rank"":5}]"
instrument_validation,A,R0,424,ABCD,1,6,""":",,"[34,58]",-5.960482212685747e-06,1,"[{""token"":""\"":"",""token_id"":null,""bytes"":[34,58],""logprob"":-5.960482212685747e-06,""rank"":1},{""token"":""\"":\"""",""token_id"":null,""bytes"":[34,58,34],""logprob"":-12.405611038208008,""rank"":2},{""token"":""\"""",""token_id"":null,""bytes"":[34],""logprob"":-13.86256217956543,""rank"":3},{""token"":""\"","",""token_id"":null,""bytes"":[34,44],""logprob"":-14.75390625,""rank"":4},{""token"":""':"",""token_id"":null,""bytes"":[39,58],""logprob"":-15.401510238647461,""rank"":5}]"
instrument_validation,A,R0,424,ABCD,1,7," """,,"[32,34]",-6.878612475702539e-05,1,"[{""token"":"" \"""",""token_id"":null,""bytes"":[32,34],""logprob"":-6.878612475702539e-05,""rank"":1},{""token"":"" \""\"","",""token_id"":null,""bytes"":[32,34,34,44],""logprob"":-11.401308059692383,""rank"":2},{""token"":"" \""..."",""token_id"":null,""bytes"":[32,34,46,46,46],""logprob"":-11.616853713989258,""rank"":3},{""token"":"" parole"",""token_id"":null,""bytes"":[32,112,97,114,111,108,101],""logprob"":-11.877944946289062,""rank"":4},{""token"":"" \""\"""",""token_id"":null,""bytes"":[32,34,34],""logprob"":-12.042781829833984,""rank"":5}]"
instrument_validation,A,R0,424,ABCD,1,8,sil,,"[115,105,108]",-0.6829010248184204,1,"[{""token"":""sil"",""token_id"":null,""bytes"":[115,105,108],""logprob"":-0.6829010248184204,""rank"":1},{""token"":""parole"",""token_id"":null,""bytes"":[112,97,114,111,108,101],""logprob"":-0.7116065621376038,""rank"":2},{""token"":""par"",""token_id"":null,""bytes"":[112,97,114],""logprob"":-7.376031398773193,""rank"":3},{""token"":""pare"",""token_id"":null,""bytes"":[112,97,114,101],""logprob"":-8.316965103149414,""rank"":4},{""token"":""s"",""token_id"":null,""bytes"":[115],""logprob"":-8.35165786743164,""rank"":5}]"
instrument_validation,A,R0,424,ABCD,1,9,ence,,"[101,110,99,101]",-1.0728893357736524e-05,1,"[{""token"":""ence"",""token_id"":null,""bytes"":[101,110,99,101],""logprob"":-1.0728893357736524e-05,""rank"":1},{""token"":""ience"",""token_id"":null,""bytes"":[105,101,110,99,101],""logprob"":-11.881476402282715,""rank"":2},{""token"":""ance"",""token_id"":null,""bytes"":[97,110,99,101],""logprob"":-12.749621391296387,""rank"":3},{""token"":""enc"",""token_id"":null,""bytes"":[101,110,99],""logprob"":-15.021140098571777,""rank"":4},{""token"":""\"","",""token_id"":null,""bytes"":[34,44],""logprob"":-15.82038402557373,""rank"":5}]"
instrument_validation,A,R0,424,ABCD,1,10,""",",,"[34,44]",-0.10400095582008362,1,"[{""token"":""\"","",""token_id"":null,""bytes"":[34,44],""logprob"":-0.10400095582008362,""rank"":1},{""token"":""\"""",""token_id"":null,""bytes"":[34],""logprob"":-2.3149843215942383,""rank"":2},{""token"":""\n"",""token_id"":null,""bytes"":[10],""logprob"":-12.798715591430664,""rank"":3},{""token"":""\""."",""token_id"":null,""bytes"":[34,46],""logprob"":-13.602818489074707,""rank"":4},{""token"":""\\\"","",""token_id"":null,""bytes"":[92,34,44],""logprob"":-14.086886405944824,""rank"":5}]"
instrument_validation,A,R0,424,ABCD,1,11,"
",,[10],-4.529963462118758e-06,1,"[{""token"":""\n"",""token_id"":null,""bytes"":[10],""logprob"":-4.529963462118758e-06,""rank"":1},{""token"":"" \n"",""token_id"":null,""bytes"":[32,10],""logprob"":-12.82629108428955,""rank"":2},{""token"":"""",""token_id"":null,""bytes"":[],""logprob"":-14.03629207611084,""rank"":3},{""token"":""\n\n"",""token_id"":null,""bytes"":[10,10],""logprob"":-14.489842414855957,""rank"":4},{""token"":"" \"""",""token_id"":null,""bytes"":[32,34],""logprob"":-15.350348472595215,""rank"":5}]"
instrument_validation,A,R0,424,ABCD,1,12, ,,[32],-4.768372718899627e-07,1,"[{""token"":"" "",""token_id"":null,""bytes"":[32],""logprob"":-4.768372718899627e-07,""rank"":1},{""token"":"" \"""",""token_id"":null,""bytes"":[32,34],""logprob"":-14.830775260925293,""rank"":2},{""token"":""  \n"",""token_id"":null,""bytes"":[32,32,10],""logprob"":-15.846244812011719,""rank"":3},{""token"":"" texte"",""token_id"":null,""bytes"":[32,116,101,120,116,101],""logprob"":-17.57489776611328,""rank"":4},{""token"":""\"":"",""token_id"":null,""bytes"":[34,58],""logprob"":-17.85828399658203,""rank"":5}]"
instrument_validation,A,R0,424,ABCD,1,13," """,,"[32,34]",-2.7418175250204513e-06,1,"[{""token"":"" \"""",""token_id"":null,""bytes"":[32,34],""logprob"":-2.7418175250204513e-06,""rank"":1},{""token"":"" \""\"""",""token_id"":null,""bytes"":[32,34,34],""logprob"":-12.913479804992676,""rank"":2},{""token"":"" \""\\\"""",""token_id"":null,""bytes"":[32,34,92,34],""logprob"":-15.69869327545166,""rank"":3},{""token"":"" \""_"",""token_id"":null,""bytes"":[32,34,95],""logprob"":-16.026199340820312,""rank"":4},{""token"":"" \""."",""token_id"":null,""bytes"":[32,34,46],""logprob"":-16.689477920532227,""rank"":5}]"
instrument_validation,A,R0,424,ABCD,1,14,texte,,"[116,101,120,116,101]",-0.0006296828505583107,1,"[{""token"":""texte"",""token_id"":null,""bytes"":[116,101,120,116,101],""logprob"":-0.0006296828505583107,""rank"":1},{""token"":""texto"",""token_id"":null,""bytes"":[116,101,120,116,111],""logprob"":-7.841743469238281,""rank"":2},{""token"":"" texte"",""token_id"":null,""bytes"":[32,116,101,120,116,101],""logprob"":-9.23090934753418,""rank"":3},{""token"":""texture"",""token_id"":null,""bytes"":[116,101,120,116,117,114,101],""logprob"":-10.990337371826172,""rank"":4},{""token"":""liste"",""token_id"":null,""bytes"":[108,105,115,116,101],""logprob"":-11.11802864074707,""rank"":5}]"
instrument_validation,A,R0,424,ABCD,1,15,""":",,"[34,58]",-9.775209946383256e-06,1,"[{""token"":""\"":"",""token_id"":null,""bytes"":[34,58],""logprob"":-9.775209946383256e-06,""rank"":1},{""token"":""\"""",""token_id"":null,""bytes"":[34],""logprob"":-11.71143913269043,""rank"":2},{""token"":""\"":\""\"""",""token_id"":null,""bytes"":[34,58,34,34],""logprob"":-13.73509407043457,""rank"":3},{""token"":""\\\"":"",""token_id"":null,""bytes"":[92,34,58],""logprob"":-15.427671432495117,""rank"":4},{""token"":""\"":\"""",""token_id"":null,""bytes"":[34,58,34],""logprob"":-16.406694412231445,""rank"":5}]"
instrument_validation,A,R0,424,ABCD,1,16," """"",,"[32,34,34]",-0.0034958957694470882,1,"[{""token"":"" \""\"""",""token_id"":null,""bytes"":[32,34,34],""logprob"":-0.0034958957694470882,""rank"":1},{""token"":"" \"""",""token_id"":null,""bytes"":[32,34],""logprob"":-5.9778056144714355,""rank"":2},{""token"":"" null"",""token_id"":null,""bytes"":[32,110,117,108,108],""logprob"":-7.4228434562683105,""rank"":3},{""token"":"" \""\"","",""token_id"":null,""bytes"":[32,34,34,44],""logprob"":-8.4609375,""rank"":4},{""token"":"" \""\\\"""",""token_id"":null,""bytes"":[32,34,92,34],""logprob"":-9.420413970947266,""rank"":5}]"
instrument_validation,A,R0,424,ABCD,1,17,"
",,[10],-9.536747711536009e-07,1,"[{""token"":""\n"",""token_id"":null,""bytes"":[10],""logprob"":-9.536747711536009e-07,""rank"":1},{""token"":"""",""token_id"":null,""bytes"":[],""logprob"":-14.770174026489258,""rank"":2},{""token"":"" \n"",""token_id"":null,""bytes"":[32,10],""logprob"":-14.94002914428711,""rank"":3},{""token"":""\n\n"",""token_id"":null,""bytes"":[10,10],""logprob"":-15.378928184509277,""rank"":4},{""token"":""\n\n\n"",""token_id"":null,""bytes"":[10,10,10],""logprob"":-18.373306274414062,""rank"":5}]"
instrument_validation,A,R0,424,ABCD,1,18,},,[125],-2.5033982637978625e-06,1,"[{""token"":""}"",""token_id"":null,""bytes"":[125],""logprob"":-2.5033982637978625e-06,""rank"":1},{""token"":""},"",""token_id"":null,""bytes"":[125,44],""logprob"":-13.417893409729004,""rank"":2},{""token"":""}\"""",""token_id"":null,""bytes"":[125,34],""logprob"":-14.308489799499512,""rank"":3},{""token"":""}'"",""token_id"":null,""bytes"":[125,39],""logprob"":-14.59435749053955,""rank"":4},{""token"":""}`"",""token_id"":null,""bytes"":[125,96],""logprob"":-16.7717342376709,""rank"":5}]"
instrument_validation,B,R7,424,ABCD,2,1,{,,[123],-0.02172425016760826,1,"[{""token"":""{"",""token_id"":null,""bytes"":[123],""logprob"":-0.02172425016760826,""rank"":1},{""token"":""{\"""",""token_id"":null,""bytes"":[123,34],""logprob"":-4.228072643280029,""rank"":2},{""token"":""```"",""token_id"":null,""bytes"":[96,96,96],""logprob"":-5.131930828094482,""rank"":3},{""token"":""{\\\"""",""token_id"":null,""bytes"":[123,92,34],""logprob"":-9.165180206298828,""rank"":4},{""token"":""{\\"",""token_id"":null,""bytes"":[123,92],""logprob"":-9.315994262695312,""rank"":5}]"
instrument_validation,B,R7,424,ABCD,2,2,"
",,[10],-0.0008808079874143004,1,"[{""token"":""\n"",""token_id"":null,""bytes"":[10],""logprob"":-0.0008808079874143004,""rank"":1},{""token"":"" \"""",""token_id"":null,""bytes"":[32,34],""logprob"":-7.27277135848999,""rank"":2},{""token"":""mode"",""token_id"":null,""bytes"":[109,111,100,101],""logprob"":-8.902280807495117,""rank"":3},{""token"":"" "",""token_id"":null,""bytes"":[32],""logprob"":-10.787778854370117,""rank"":4},{""token"":"" \n"",""token_id"":null,""bytes"":[32,10],""logprob"":-11.593488693237305,""rank"":5}]"
instrument_validation,B,R7,424,ABCD,2,3, ,,[32],-0.0002201441820943728,1,"[{""token"":"" "",""token_id"":null,""bytes"":[32],""logprob"":-0.0002201441820943728,""rank"":1},{""token"":""\"""",""token_id"":null,""bytes"":[34],""logprob"":-8.98767375946045,""rank"":2},{""token"":"" \"""",""token_id"":null,""bytes"":[32,34],""logprob"":-9.363957405090332,""rank"":3},{""token"":""\""text"",""token_id"":null,""bytes"":[34,116,101,120,116],""logprob"":-13.119736671447754,""rank"":4},{""token"":""  \n"",""token_id"":null,""bytes"":[32,32,10],""logprob"":-13.16612720489502,""rank"":5}]"
instrument_validation,B,R7,424,ABCD,2,4," """,,"[32,34]",-4.172333774477011e-06,1,"[{""token"":"" \"""",""token_id"":null,""bytes"":[32,34],""logprob"":-4.172333774477011e-06,""rank"":1},{""token"":"" \""_"",""token_id"":null,""bytes"":[32,34,95],""logprob"":-13.113958358764648,""rank"":2},{""token"":"" \""\\\"""",""token_id"":null,""bytes"":[32,34,92,34],""logprob"":-13.908227920532227,""rank"":3},{""token"":"" \""__"",""token_id"":null,""bytes"":[32,34,95,95],""logprob"":-15.388980865478516,""rank"":4},{""token"":"" mode"",""token_id"":null,""bytes"":[32,109,111,100,101],""logprob"":-15.449271202087402,""rank"":5}]"
instrument_validation,B,R7,424,ABCD,2,5,mode,,"[109,111,100,101]",-0.00011707037629093975,1,"[{""token"":""mode"",""token_id"":null,""bytes"":[109,111,100,101],""logprob"":-0.00011707037629093975,""rank"":1},{""token"":""texte"",""token_id"":null,""bytes"":[116,101,120,116,101],""logprob"":-9.493277549743652,""rank"":2},{""token"":""\tmode"",""token_id"":null,""bytes"":[9,109,111,100,101],""logprob"":-12.450518608093262,""rank"":3},{""token"":""message"",""token_id"":null,""bytes"":[109,101,115,115,97,103,101],""logprob"":-12.52582836151123,""rank"":4},{""token"":""type"",""token_id"":null,""bytes"":[116,121,112,101],""logprob"":-12.704558372497559,""rank"":5}]"
instrument_validation,B,R7,424,ABCD,2,6,""":",,"[34,58]",-6.318112355074845e-06,1,"[{""token"":""\"":"",""token_id"":null,""bytes"":[34,58],""logprob"":-6.318112355074845e-06,""rank"":1},{""token"":""\"":\"""",""token_id"":null,""bytes"":[34,58,34],""logprob"":-12.400069236755371,""rank"":2},{""token"":""\"""",""token_id"":null,""bytes"":[34],""logprob"":-13.777251243591309,""rank"":3},{""token"":""\"","",""token_id"":null,""bytes"":[34,44],""logprob"":-14.631165504455566,""rank"":4},{""token"":""':"",""token_id"":null,""bytes"":[39,58],""logprob"":-15.456767082214355,""rank"":5}]"
instrument_validation,B,R7,424,ABCD,2,7," """,,"[32,34]",-6.84284750605002e-05,1,"[{""token"":"" \"""",""token_id"":null,""bytes"":[32,34],""logprob"":-6.84284750605002e-05,""rank"":1},{""token"":"" \""\"","",""token_id"":null,""bytes"":[32,34,34,44],""logprob"":-11.380424499511719,""rank"":2},{""token"":"" \""..."",""token_id"":null,""bytes"":[32,34,46,46,46],""logprob"":-11.570703506469727,""rank"":3},{""token"":"" parole"",""token_id"":null,""bytes"":[32,112,97,114,111,108,101],""logprob"":-11.879776000976562,""rank"":4},{""token"":"" \""\"""",""token_id"":null,""bytes"":[32,34,34],""logprob"":-12.034069061279297,""rank"":5}]"
instrument_validation,B,R7,424,ABCD,2,8,sil,,"[115,105,108]",-0.6785305142402649,1,"[{""token"":""sil"",""token_id"":null,""bytes"":[115,105,108],""logprob"":-0.6785305142402649,""rank"":1},{""token"":""parole"",""token_id"":null,""bytes"":[112,97,114,111,108,101],""logprob"":-0.7165859341621399,""rank"":2},{""token"":""par"",""token_id"":null,""bytes"":[112,97,114],""logprob"":-7.273228645324707,""rank"":3},{""token"":""pare"",""token_id"":null,""bytes"":[112,97,114,101],""logprob"":-8.244132041931152,""rank"":4},{""token"":""s"",""token_id"":null,""bytes"":[115],""logprob"":-8.282027244567871,""rank"":5}]"
instrument_validation,B,R7,424,ABCD,2,9,ence,,"[101,110,99,101]",-9.179157132166438e-06,1,"[{""token"":""ence"",""token_id"":null,""bytes"":[101,110,99,101],""logprob"":-9.179157132166438e-06,""rank"":1},{""token"":""ience"",""token_id"":null,""bytes"":[105,101,110,99,101],""logprob"":-12.033693313598633,""rank"":2},{""token"":""ance"",""token_id"":null,""bytes"":[97,110,99,101],""logprob"":-12.892942428588867,""rank"":3},{""token"":""enc"",""token_id"":null,""bytes"":[101,110,99],""logprob"":-15.13233757019043,""rank"":4},{""token"":""ences"",""token_id"":null,""bytes"":[101,110,99,101,115],""logprob"":-15.992465019226074,""rank"":5}]"
instrument_validation,B,R7,424,ABCD,2,10,""",",,"[34,44]",-0.10652503371238708,1,"[{""token"":""\"","",""token_id"":null,""bytes"":[34,44],""logprob"":-0.10652503371238708,""rank"":1},{""token"":""\"""",""token_id"":null,""bytes"":[34],""logprob"":-2.292224407196045,""rank"":2},{""token"":""\n"",""token_id"":null,""bytes"":[10],""logprob"":-13.167221069335938,""rank"":3},{""token"":""\""."",""token_id"":null,""bytes"":[34,46],""logprob"":-13.745504379272461,""rank"":4},{""token"":""\\\"","",""token_id"":null,""bytes"":[92,34,44],""logprob"":-14.183154106140137,""rank"":5}]"
instrument_validation,B,R7,424,ABCD,2,11,"
",,[10],-4.0531240301788785e-06,1,"[{""token"":""\n"",""token_id"":null,""bytes"":[10],""logprob"":-4.0531240301788785e-06,""rank"":1},{""token"":"" \n"",""token_id"":null,""bytes"":[32,10],""logprob"":-12.90800666809082,""rank"":2},{""token"":"""",""token_id"":null,""bytes"":[],""logprob"":-14.16970443725586,""rank"":3},{""token"":""\n\n"",""token_id"":null,""bytes"":[10,10],""logprob"":-14.509121894836426,""rank"":4},{""token"":"" \"""",""token_id"":null,""bytes"":[32,34],""logprob"":-15.510653495788574,""rank"":5}]"
instrument_validation,B,R7,424,ABCD,2,12, ,,[32],-4.768372718899627e-07,1,"[{""token"":"" "",""token_id"":null,""bytes"":[32],""logprob"":-4.768372718899627e-07,""rank"":1},{""token"":"" \"""",""token_id"":null,""bytes"":[32,34],""logprob"":-15.015575408935547,""rank"":2},{""token"":""  \n"",""token_id"":null,""bytes"":[32,32,10],""logprob"":-15.97124195098877,""rank"":3},{""token"":"" texte"",""token_id"":null,""bytes"":[32,116,101,120,116,101],""logprob"":-17.74969482421875,""rank"":4},{""token"":""   "",""token_id"":null,""bytes"":[32,32,32],""logprob"":-18.280445098876953,""rank"":5}]"
instrument_validation,B,R7,424,ABCD,2,13," """,,"[32,34]",-2.0265599687263602e-06,1,"[{""token"":"" \"""",""token_id"":null,""bytes"":[32,34],""logprob"":-2.0265599687263602e-06,""rank"":1},{""token"":"" \""\"""",""token_id"":null,""bytes"":[32,34,34],""logprob"":-13.223140716552734,""rank"":2},{""token"":"" \""\\\"""",""token_id"":null,""bytes"":[32,34,92,34],""logprob"":-15.966304779052734,""rank"":3},{""token"":"" \""_"",""token_id"":null,""bytes"":[32,34,95],""logprob"":-16.198970794677734,""rank"":4},{""token"":"" \""..."",""token_id"":null,""bytes"":[32,34,46,46,46],""logprob"":-16.936288833618164,""rank"":5}]"
instrument_validation,B,R7,424,ABCD,2,14,texte,,"[116,101,120,116,101]",-0.000649364956188947,1,"[{""token"":""texte"",""token_id"":null,""bytes"":[116,101,120,116,101],""logprob"":-0.000649364956188947,""rank"":1},{""token"":""texto"",""token_id"":null,""bytes"":[116,101,120,116,111],""logprob"":-7.792206764221191,""rank"":2},{""token"":"" texte"",""token_id"":null,""bytes"":[32,116,101,120,116,101],""logprob"":-9.244690895080566,""rank"":3},{""token"":""texture"",""token_id"":null,""bytes"":[116,101,120,116,117,114,101],""logprob"":-10.890830039978027,""rank"":4},{""token"":""text"",""token_id"":null,""bytes"":[116,101,120,116],""logprob"":-11.115731239318848,""rank"":5}]"
instrument_validation,B,R7,424,ABCD,2,15,""":",,"[34,58]",-1.0848104466276709e-05,1,"[{""token"":""\"":"",""token_id"":null,""bytes"":[34,58],""logprob"":-1.0848104466276709e-05,""rank"":1},{""token"":""\"""",""token_id"":null,""bytes"":[34],""logprob"":-11.591935157775879,""rank"":2},{""token"":""\"":\""\"""",""token_id"":null,""bytes"":[34,58,34,34],""logprob"":-13.789422035217285,""rank"":3},{""token"":""\\\"":"",""token_id"":null,""bytes"":[92,34,58],""logprob"":-15.505274772644043,""rank"":4},{""token"":""\"":\"""",""token_id"":null,""bytes"":[34,58,34],""logprob"":-16.480609893798828,""rank"":5}]"
instrument_validation,B,R7,424,ABCD,2,16," """"",,"[32,34,34]",-0.0031248226296156645,1,"[{""token"":"" \""\"""",""token_id"":null,""bytes"":[32,34,34],""logprob"":-0.0031248226296156645,""rank"":1},{""token"":"" \"""",""token_id"":null,""bytes"":[32,34],""logprob"":-6.100138187408447,""rank"":2},{""token"":"" null"",""token_id"":null,""bytes"":[32,110,117,108,108],""logprob"":-7.526052951812744,""rank"":3},{""token"":"" \""\"","",""token_id"":null,""bytes"":[32,34,34,44],""logprob"":-8.518841743469238,""rank"":4},{""token"":"" \""\\\"""",""token_id"":null,""bytes"":[32,34,92,34],""logprob"":-9.442099571228027,""rank"":5}]"
instrument_validation,B,R7,424,ABCD,2,17,"
",,[10],-8.344653679159819e-07,1,"[{""token"":""\n"",""token_id"":null,""bytes"":[10],""logprob"":-8.344653679159819e-07,""rank"":1},{""token"":"""",""token_id"":null,""bytes"":[],""logprob"":-14.898009300231934,""rank"":2},{""token"":"" \n"",""token_id"":null,""bytes"":[32,10],""logprob"":-15.026812553405762,""rank"":3},{""token"":""\n\n"",""token_id"":null,""bytes"":[10,10],""logprob"":-15.510147094726562,""rank"":4},{""token"":""\n\n\n"",""token_id"":null,""bytes"":[10,10,10],""logprob"":-18.452171325683594,""rank"":5}]"
instrument_validation,B,R7,424,ABCD,2,18,},,[125],-2.5033982637978625e-06,1,"[{""token"":""}"",""token_id"":null,""bytes"":[125],""logprob"":-2.5033982637978625e-06,""rank"":1},{""token"":""},"",""token_id"":null,""bytes"":[125,44],""logprob"":-13.412047386169434,""rank"":2},{""token"":""}\"""",""token_id"":null,""bytes"":[125,34],""logprob"":-14.420966148376465,""rank"":3},{""token"":""}'"",""token_id"":null,""bytes"":[125,39],""logprob"":-14.732012748718262,""rank"":4},{""token"":""}`"",""token_id"":null,""bytes"":[125,96],""logprob"":-16.944538116455078,""rank"":5}]"
instrument_validation,C,K0,424,ABCD,3,1,{,,[123],-0.022347530350089073,1,"[{""token"":""{"",""token_id"":null,""bytes"":[123],""logprob"":-0.022347530350089073,""rank"":1},{""token"":""{\"""",""token_id"":null,""bytes"":[123,34],""logprob"":-4.103880882263184,""rank"":2},{""token"":""```"",""token_id"":null,""bytes"":[96,96,96],""logprob"":-5.384608268737793,""rank"":3},{""token"":""{\\\"""",""token_id"":null,""bytes"":[123,92,34],""logprob"":-9.20559310913086,""rank"":4},{""token"":""{}"",""token_id"":null,""bytes"":[123,125],""logprob"":-9.365748405456543,""rank"":5}]"
instrument_validation,C,K0,424,ABCD,3,2,"
",,[10],-0.0010407617082819343,1,"[{""token"":""\n"",""token_id"":null,""bytes"":[10],""logprob"":-0.0010407617082819343,""rank"":1},{""token"":"" \"""",""token_id"":null,""bytes"":[32,34],""logprob"":-7.071502208709717,""rank"":2},{""token"":""mode"",""token_id"":null,""bytes"":[109,111,100,101],""logprob"":-8.883734703063965,""rank"":3},{""token"":"" "",""token_id"":null,""bytes"":[32],""logprob"":-10.773819923400879,""rank"":4},{""token"":"" \n"",""token_id"":null,""bytes"":[32,10],""logprob"":-11.489826202392578,""rank"":5}]"
instrument_validation,C,K0,424,ABCD,3,3, ,,[32],-0.00021775947243440896,1,"[{""token"":"" "",""token_id"":null,""bytes"":[32],""logprob"":-0.00021775947243440896,""rank"":1},{""token"":""\"""",""token_id"":null,""bytes"":[34],""logprob"":-9.088756561279297,""rank"":2},{""token"":"" \"""",""token_id"":null,""bytes"":[32,34],""logprob"":-9.261333465576172,""rank"":3},{""token"":""\""text"",""token_id"":null,""bytes"":[34,116,101,120,116],""logprob"":-13.031827926635742,""rank"":4},{""token"":""  \n"",""token_id"":null,""bytes"":[32,32,10],""logprob"":-13.105371475219727,""rank"":5}]"
instrument_validation,C,K0,424,ABCD,3,4," """,,"[32,34]",-3.218656047465629e-06,1,"[{""token"":"" \"""",""token_id"":null,""bytes"":[32,34],""logprob"":-3.218656047465629e-06,""rank"":1},{""token"":"" \""_"",""token_id"":null,""bytes"":[32,34,95],""logprob"":-13.295794486999512,""rank"":2},{""token"":"" \""\\\"""",""token_id"":null,""bytes"":[32,34,92,34],""logprob"":-14.324239730834961,""rank"":3},{""token"":"" mode"",""token_id"":null,""bytes"":[32,109,111,100,101],""logprob"":-15.079508781433105,""rank"":4},{""token"":"" \""__"",""token_id"":null,""bytes"":[32,34,95,95],""logprob"":-15.397425651550293,""rank"":5}]"
instrument_validation,C,K0,424,ABCD,3,5,mode,,"[109,111,100,101]",-0.00011695115244947374,1,"[{""token"":""mode"",""token_id"":null,""bytes"":[109,111,100,101],""logprob"":-0.00011695115244947374,""rank"":1},{""token"":""texte"",""token_id"":null,""bytes"":[116,101,120,116,101],""logprob"":-9.467223167419434,""rank"":2},{""token"":""\tmode"",""token_id"":null,""bytes"":[9,109,111,100,101],""logprob"":-12.454880714416504,""rank"":3},{""token"":""message"",""token_id"":null,""bytes"":[109,101,115,115,97,103,101],""logprob"":-12.663521766662598,""rank"":4},{""token"":""type"",""token_id"":null,""bytes"":[116,121,112,101],""logprob"":-12.774247169494629,""rank"":5}]"
instrument_validation,C,K0,424,ABCD,3,6,""":",,"[34,58]",-5.722062269342132e-06,1,"[{""token"":""\"":"",""token_id"":null,""bytes"":[34,58],""logprob"":-5.722062269342132e-06,""rank"":1},{""token"":""\"":\"""",""token_id"":null,""bytes"":[34,58,34],""logprob"":-12.455028533935547,""rank"":2},{""token"":""\"""",""token_id"":null,""bytes"":[34],""logprob"":-14.045772552490234,""rank"":3},{""token"":""\"","",""token_id"":null,""bytes"":[34,44],""logprob"":-14.704669952392578,""rank"":4},{""token"":""':"",""token_id"":null,""bytes"":[39,58],""logprob"":-15.434219360351562,""rank"":5}]"
instrument_validation,C,K0,424,ABCD,3,7," """,,"[32,34]",-6.580569606740028e-05,1,"[{""token"":"" \"""",""token_id"":null,""bytes"":[32,34],""logprob"":-6.580569606740028e-05,""rank"":1},{""token"":"" \""\"","",""token_id"":null,""bytes"":[32,34,34,44],""logprob"":-11.462050437927246,""rank"":2},{""token"":"" \""..."",""token_id"":null,""bytes"":[32,34,46,46,46],""logprob"":-11.589383125305176,""rank"":3},{""token"":"" parole"",""token_id"":null,""bytes"":[32,112,97,114,111,108,101],""logprob"":-11.91740894317627,""rank"":4},{""token"":"" \""\"""",""token_id"":null,""bytes"":[32,34,34],""logprob"":-12.049454689025879,""rank"":5}]"
instrument_validation,C,K0,424,ABCD,3,8,sil,,"[115,105,108]",-0.6199643015861511,1,"[{""token"":""sil"",""token_id"":null,""bytes"":[115,105,108],""logprob"":-0.6199643015861511,""rank"":1},{""token"":""parole"",""token_id"":null,""bytes"":[112,97,114,111,108,101],""logprob"":-0.7807443141937256,""rank"":2},{""token"":""par"",""token_id"":null,""bytes"":[112,97,114],""logprob"":-7.385531902313232,""rank"":3},{""token"":"" parole"",""token_id"":null,""bytes"":[32,112,97,114,111,108,101],""logprob"":-8.325679779052734,""rank"":4},{""token"":""pare"",""token_id"":null,""bytes"":[112,97,114,101],""logprob"":-8.352705001831055,""rank"":5}]"
instrument_validation,C,K0,424,ABCD,3,9,ence,,"[101,110,99,101]",-9.775209946383256e-06,1,"[{""token"":""ence"",""token_id"":null,""bytes"":[101,110,99,101],""logprob"":-9.775209946383256e-06,""rank"":1},{""token"":""ience"",""token_id"":null,""bytes"":[105,101,110,99,101],""logprob"":-11.912710189819336,""rank"":2},{""token"":""ance"",""token_id"":null,""bytes"":[97,110,99,101],""logprob"":-12.932533264160156,""rank"":3},{""token"":""enc"",""token_id"":null,""bytes"":[101,110,99],""logprob"":-15.216045379638672,""rank"":4},{""token"":""\"","",""token_id"":null,""bytes"":[34,44],""logprob"":-16.03968620300293,""rank"":5}]"
instrument_validation,C,K0,424,ABCD,3,10,""",",,"[34,44]",-0.10642677545547485,1,"[{""token"":""\"","",""token_id"":null,""bytes"":[34,44],""logprob"":-0.10642677545547485,""rank"":1},{""token"":""\"""",""token_id"":null,""bytes"":[34],""logprob"":-2.293093204498291,""rank"":2},{""token"":""\n"",""token_id"":null,""bytes"":[10],""logprob"":-13.433211326599121,""rank"":3},{""token"":""\""."",""token_id"":null,""bytes"":[34,46],""logprob"":-13.752901077270508,""rank"":4},{""token"":""\\\"","",""token_id"":null,""bytes"":[92,34,44],""logprob"":-14.33447265625,""rank"":5}]"
instrument_validation,C,K0,424,ABCD,3,11,"
",,[10],-3.337865791763761e-06,1,"[{""token"":""\n"",""token_id"":null,""bytes"":[10],""logprob"":-3.337865791763761e-06,""rank"":1},{""token"":"" \n"",""token_id"":null,""bytes"":[32,10],""logprob"":-13.107783317565918,""rank"":2},{""token"":"""",""token_id"":null,""bytes"":[],""logprob"":-14.255763053894043,""rank"":3},{""token"":""\n\n"",""token_id"":null,""bytes"":[10,10],""logprob"":-14.601638793945312,""rank"":4},{""token"":"" \"""",""token_id"":null,""bytes"":[32,34],""logprob"":-15.553372383117676,""rank"":5}]"
instrument_validation,C,K0,424,ABCD,3,12, ,,[32],-4.768372718899627e-07,1,"[{""token"":"" "",""token_id"":null,""bytes"":[32],""logprob"":-4.768372718899627e-07,""rank"":1},{""token"":"" \"""",""token_id"":null,""bytes"":[32,34],""logprob"":-14.94283676147461,""rank"":2},{""token"":""  \n"",""token_id"":null,""bytes"":[32,32,10],""logprob"":-16.096988677978516,""rank"":3},{""token"":"" texte"",""token_id"":null,""bytes"":[32,116,101,120,116,101],""logprob"":-17.702526092529297,""rank"":4},{""token"":""\"":"",""token_id"":null,""bytes"":[34,58],""logprob"":-18.022602081298828,""rank"":5}]"
instrument_validation,C,K0,424,ABCD,3,13," """,,"[32,34]",-1.3113030945532955e-06,1,"[{""token"":"" \"""",""token_id"":null,""bytes"":[32,34],""logprob"":-1.3113030945532955e-06,""rank"":1},{""token"":"" \""\"""",""token_id"":null,""bytes"":[32,34,34],""logprob"":-13.740971565246582,""rank"":2},{""token"":"" \""\\\"""",""token_id"":null,""bytes"":[32,34,92,34],""logprob"":-16.369064331054688,""rank"":3},{""token"":"" \""."",""token_id"":null,""bytes"":[32,34,46],""logprob"":-16.59925079345703,""rank"":4},{""token"":"" \""_"",""token_id"":null,""bytes"":[32,34,95],""logprob"":-16.92404556274414,""rank"":5}]"
instrument_validation,C,K0,424,ABCD,3,14,texte,,"[116,101,120,116,101]",-0.000701315701007843,1,"[{""token"":""texte"",""token_id"":null,""bytes"":[116,101,120,116,101],""logprob"":-0.000701315701007843,""rank"":1},{""token"":""texto"",""token_id"":null,""bytes"":[116,101,120,116,111],""logprob"":-7.710988521575928,""rank"":2},{""token"":"" texte"",""token_id"":null,""bytes"":[32,116,101,120,116,101],""logprob"":-9.253518104553223,""rank"":3},{""token"":""texture"",""token_id"":null,""bytes"":[116,101,120,116,117,114,101],""logprob"":-10.663298606872559,""rank"":4},{""token"":""text"",""token_id"":null,""bytes"":[116,101,120,116],""logprob"":-10.913947105407715,""rank"":5}]"
instrument_validation,C,K0,424,ABCD,3,15,""":",,"[34,58]",-1.025205165205989e-05,1,"[{""token"":""\"":"",""token_id"":null,""bytes"":[34,58],""logprob"":-1.025205165205989e-05,""rank"":1},{""token"":""\"""",""token_id"":null,""bytes"":[34],""logprob"":-11.64643383026123,""rank"":2},{""token"":""\"":\""\"""",""token_id"":null,""bytes"":[34,58,34,34],""logprob"":-13.708300590515137,""rank"":3},{""token"":""\\\"":"",""token_id"":null,""bytes"":[92,34,58],""logprob"":-15.41968059539795,""rank"":4},{""token"":""\"":\"""",""token_id"":null,""bytes"":[34,58,34],""logprob"":-16.462614059448242,""rank"":5}]"
instrument_validation,C,K0,424,ABCD,3,16," """"",,"[32,34,34]",-0.0032841789070516825,1,"[{""token"":"" \""\"""",""token_id"":null,""bytes"":[32,34,34],""logprob"":-0.0032841789070516825,""rank"":1},{""token"":"" \"""",""token_id"":null,""bytes"":[32,34],""logprob"":-6.025295257568359,""rank"":2},{""token"":"" null"",""token_id"":null,""bytes"":[32,110,117,108,108],""logprob"":-7.520589351654053,""rank"":3},{""token"":"" \""\"","",""token_id"":null,""bytes"":[32,34,34,44],""logprob"":-8.617876052856445,""rank"":4},{""token"":"" \""\\\"""",""token_id"":null,""bytes"":[32,34,92,34],""logprob"":-9.446208953857422,""rank"":5}]"
instrument_validation,C,K0,424,ABCD,3,17,"
",,[10],-8.344653679159819e-07,1,"[{""token"":""\n"",""token_id"":null,""bytes"":[10],""logprob"":-8.344653679159819e-07,""rank"":1},{""token"":"""",""token_id"":null,""bytes"":[],""logprob"":-14.832995414733887,""rank"":2},{""token"":"" \n"",""token_id"":null,""bytes"":[32,10],""logprob"":-15.189888954162598,""rank"":3},{""token"":""\n\n"",""token_id"":null,""bytes"":[10,10],""logprob"":-15.416543006896973,""rank"":4},{""token"":""\n\n\n"",""token_id"":null,""bytes"":[10,10,10],""logprob"":-18.386173248291016,""rank"":5}]"
instrument_validation,C,K0,424,ABCD,3,18,},,[125],-2.3841887468734058e-06,1,"[{""token"":""}"",""token_id"":null,""bytes"":[125],""logprob"":-2.3841887468734058e-06,""rank"":1},{""token"":""},"",""token_id"":null,""bytes"":[125,44],""logprob"":-13.398757934570312,""rank"":2},{""token"":""}\"""",""token_id"":null,""bytes"":[125,34],""logprob"":-14.608040809631348,""rank"":3},{""token"":""}'"",""token_id"":null,""bytes"":[125,39],""logprob"":-14.80576229095459,""rank"":4},{""token"":""}`"",""token_id"":null,""bytes"":[125,96],""logprob"":-16.94948387145996,""rank"":5}]"
instrument_validation,D,K7,424,ABCD,4,1,{,,[123],-0.019648456946015358,1,"[{""token"":""{"",""token_id"":null,""bytes"":[123],""logprob"":-0.019648456946015358,""rank"":1},{""token"":""{\"""",""token_id"":null,""bytes"":[123,34],""logprob"":-4.364804267883301,""rank"":2},{""token"":""```"",""token_id"":null,""bytes"":[96,96,96],""logprob"":-5.162684440612793,""rank"":3},{""token"":""{\\"",""token_id"":null,""bytes"":[123,92],""logprob"":-9.366595268249512,""rank"":4},{""token"":""{'"",""token_id"":null,""bytes"":[123,39],""logprob"":-9.472453117370605,""rank"":5}]"
instrument_validation,D,K7,424,ABCD,4,2,"
",,[10],-0.001262209378182888,1,"[{""token"":""\n"",""token_id"":null,""bytes"":[10],""logprob"":-0.001262209378182888,""rank"":1},{""token"":"" \"""",""token_id"":null,""bytes"":[32,34],""logprob"":-6.884255886077881,""rank"":2},{""token"":""mode"",""token_id"":null,""bytes"":[109,111,100,101],""logprob"":-8.65310287475586,""rank"":3},{""token"":"" "",""token_id"":null,""bytes"":[32],""logprob"":-10.568531036376953,""rank"":4},{""token"":"" \n"",""token_id"":null,""bytes"":[32,10],""logprob"":-11.43088150024414,""rank"":5}]"
instrument_validation,D,K7,424,ABCD,4,3, ,,[32],-0.0002571078948676586,1,"[{""token"":"" "",""token_id"":null,""bytes"":[32],""logprob"":-0.0002571078948676586,""rank"":1},{""token"":""\"""",""token_id"":null,""bytes"":[34],""logprob"":-8.83296012878418,""rank"":2},{""token"":"" \"""",""token_id"":null,""bytes"":[32,34],""logprob"":-9.205730438232422,""rank"":3},{""token"":""\""text"",""token_id"":null,""bytes"":[34,116,101,120,116],""logprob"":-13.042868614196777,""rank"":4},{""token"":""  \n"",""token_id"":null,""bytes"":[32,32,10],""logprob"":-13.055774688720703,""rank"":5}]"
instrument_validation,D,K7,424,ABCD,4,4," """,,"[32,34]",-5.1260126383567695e-06,1,"[{""token"":"" \"""",""token_id"":null,""bytes"":[32,34],""logprob"":-5.1260126383567695e-06,""rank"":1},{""token"":"" \""_"",""token_id"":null,""bytes"":[32,34,95],""logprob"":-12.858902931213379,""rank"":2},{""token"":"" \""\\\"""",""token_id"":null,""bytes"":[32,34,92,34],""logprob"":-13.873766899108887,""rank"":3},{""token"":"" mode"",""token_id"":null,""bytes"":[32,109,111,100,101],""logprob"":-14.700273513793945,""rank"":4},{""token"":"" \""__"",""token_id"":null,""bytes"":[32,34,95,95],""logprob"":-15.031352996826172,""rank"":5}]"
instrument_validation,D,K7,424,ABCD,4,5,mode,,"[109,111,100,101]",-0.00010383668268332258,1,"[{""token"":""mode"",""token_id"":null,""bytes"":[109,111,100,101],""logprob"":-0.00010383668268332258,""rank"":1},{""token"":""texte"",""token_id"":null,""bytes"":[116,101,120,116,101],""logprob"":-9.640795707702637,""rank"":2},{""token"":""\tmode"",""token_id"":null,""bytes"":[9,109,111,100,101],""logprob"":-12.447422981262207,""rank"":3},{""token"":""message"",""token_id"":null,""bytes"":[109,101,115,115,97,103,101],""logprob"":-12.718585014343262,""rank"":4},{""token"":""type"",""token_id"":null,""bytes"":[116,121,112,101],""logprob"":-12.868250846862793,""rank"":5}]"
instrument_validation,D,K7,424,ABCD,4,6,""":",,"[34,58]",-5.960482212685747e-06,1,"[{""token"":""\"":"",""token_id"":null,""bytes"":[34,58],""logprob"":-5.960482212685747e-06,""rank"":1},{""token"":""\"":\"""",""token_id"":null,""bytes"":[34,58,34],""logprob"":-12.444189071655273,""rank"":2},{""token"":""\"""",""token_id"":null,""bytes"":[34],""logprob"":-13.91639518737793,""rank"":3},{""token"":""\"","",""token_id"":null,""bytes"":[34,44],""logprob"":-14.644887924194336,""rank"":4},{""token"":""':"",""token_id"":null,""bytes"":[39,58],""logprob"":-15.362749099731445,""rank"":5}]"
instrument_validation,D,K7,424,ABCD,4,7," """,,"[32,34]",-7.009752152953297e-05,1,"[{""token"":"" \"""",""token_id"":null,""bytes"":[32,34],""logprob"":-7.009752152953297e-05,""rank"":1},{""token"":"" \""\"","",""token_id"":null,""bytes"":[32,34,34,44],""logprob"":-11.385831832885742,""rank"":2},{""token"":"" \""..."",""token_id"":null,""bytes"":[32,34,46,46,46],""logprob"":-11.577933311462402,""rank"":3},{""token"":"" parole"",""token_id"":null,""bytes"":[32,112,97,114,111,108,101],""logprob"":-11.88742446899414,""rank"":4},{""token"":"" \""\"""",""token_id"":null,""bytes"":[32,34,34],""logprob"":-12.021692276000977,""rank"":5}]"
instrument_validation,D,K7,424,ABCD,4,8,sil,,"[115,105,108]",-0.5934948325157166,1,"[{""token"":""sil"",""token_id"":null,""bytes"":[115,105,108],""logprob"":-0.5934948325157166,""rank"":1},{""token"":""parole"",""token_id"":null,""bytes"":[112,97,114,111,108,101],""logprob"":-0.8133338689804077,""rank"":2},{""token"":""par"",""token_id"":null,""bytes"":[112,97,114],""logprob"":-7.302597522735596,""rank"":3},{""token"":""pare"",""token_id"":null,""bytes"":[112,97,114,101],""logprob"":-8.257190704345703,""rank"":4},{""token"":""s"",""token_id"":null,""bytes"":[115],""logprob"":-8.34564208984375,""rank"":5}]"
instrument_validation,D,K7,424,ABCD,4,9,ence,,"[101,110,99,101]",-9.775209946383256e-06,1,"[{""token"":""ence"",""token_id"":null,""bytes"":[101,110,99,101],""logprob"":-9.775209946383256e-06,""rank"":1},{""token"":""ience"",""token_id"":null,""bytes"":[105,101,110,99,101],""logprob"":-11.974973678588867,""rank"":2},{""token"":""ance"",""token_id"":null,""bytes"":[97,110,99,101],""logprob"":-12.842367172241211,""rank"":3},{""token"":""enc"",""token_id"":null,""bytes"":[101,110,99],""logprob"":-15.266870498657227,""rank"":4},{""token"":""ences"",""token_id"":null,""bytes"":[101,110,99,101,115],""logprob"":-16.035558700561523,""rank"":5}]"
instrument_validation,D,K7,424,ABCD,4,10,""",",,"[34,44]",-0.11132138222455978,1,"[{""token"":""\"","",""token_id"":null,""bytes"":[34,44],""logprob"":-0.11132138222455978,""rank"":1},{""token"":""\"""",""token_id"":null,""bytes"":[34],""logprob"":-2.2505369186401367,""rank"":2},{""token"":""\n"",""token_id"":null,""bytes"":[10],""logprob"":-12.997644424438477,""rank"":3},{""token"":""\""."",""token_id"":null,""bytes"":[34,46],""logprob"":-13.728401184082031,""rank"":4},{""token"":""\\\"","",""token_id"":null,""bytes"":[92,34,44],""logprob"":-14.240416526794434,""rank"":5}]"
instrument_validation,D,K7,424,ABCD,4,11,"
",,[10],-3.57628505298635e-06,1,"[{""token"":""\n"",""token_id"":null,""bytes"":[10],""logprob"":-3.57628505298635e-06,""rank"":1},{""token"":"" \n"",""token_id"":null,""bytes"":[32,10],""logprob"":-13.045957565307617,""rank"":2},{""token"":"""",""token_id"":null,""bytes"":[],""logprob"":-14.220623016357422,""rank"":3},{""token"":""\n\n"",""token_id"":null,""bytes"":[10,10],""logprob"":-14.449294090270996,""rank"":4},{""token"":"" \"""",""token_id"":null,""bytes"":[32,34],""logprob"":-15.582581520080566,""rank"":5}]"
instrument_validation,D,K7,424,ABCD,4,12, ,,[32],-4.768372718899627e-07,1,"[{""token"":"" "",""token_id"":null,""bytes"":[32],""logprob"":-4.768372718899627e-07,""rank"":1},{""token"":"" \"""",""token_id"":null,""bytes"":[32,34],""logprob"":-14.934100151062012,""rank"":2},{""token"":""  \n"",""token_id"":null,""bytes"":[32,32,10],""logprob"":-15.774998664855957,""rank"":3},{""token"":"" texte"",""token_id"":null,""bytes"":[32,116,101,120,116,101],""logprob"":-17.64464569091797,""rank"":4},{""token"":""\"":"",""token_id"":null,""bytes"":[34,58],""logprob"":-17.890995025634766,""rank"":5}]"
instrument_validation,D,K7,424,ABCD,4,13," """,,"[32,34]",-2.0265599687263602e-06,1,"[{""token"":"" \"""",""token_id"":null,""bytes"":[32,34],""logprob"":-2.0265599687263602e-06,""rank"":1},{""token"":"" \""\"""",""token_id"":null,""bytes"":[32,34,34],""logprob"":-13.254087448120117,""rank"":2},{""token"":"" \""\\\"""",""token_id"":null,""bytes"":[32,34,92,34],""logprob"":-16.043081283569336,""rank"":3},{""token"":"" \""_"",""token_id"":null,""bytes"":[32,34,95],""logprob"":-16.407825469970703,""rank"":4},{""token"":"" \""."",""token_id"":null,""bytes"":[32,34,46],""logprob"":-16.942138671875,""rank"":5}]"
instrument_validation,D,K7,424,ABCD,4,14,texte,,"[116,101,120,116,101]",-0.0006448320928029716,1,"[{""token"":""texte"",""token_id"":null,""bytes"":[116,101,120,116,101],""logprob"":-0.0006448320928029716,""rank"":1},{""token"":""texto"",""token_id"":null,""bytes"":[116,101,120,116,111],""logprob"":-7.806743621826172,""rank"":2},{""token"":"" texte"",""token_id"":null,""bytes"":[32,116,101,120,116,101],""logprob"":-9.280204772949219,""rank"":3},{""token"":""texture"",""token_id"":null,""bytes"":[116,101,120,116,117,114,101],""logprob"":-10.911214828491211,""rank"":4},{""token"":""text"",""token_id"":null,""bytes"":[116,101,120,116],""logprob"":-11.027225494384766,""rank"":5}]"
instrument_validation,D,K7,424,ABCD,4,15,""":",,"[34,58]",-9.179157132166438e-06,1,"[{""token"":""\"":"",""token_id"":null,""bytes"":[34,58],""logprob"":-9.179157132166438e-06,""rank"":1},{""token"":""\"""",""token_id"":null,""bytes"":[34],""logprob"":-11.782276153564453,""rank"":2},{""token"":""\"":\""\"""",""token_id"":null,""bytes"":[34,58,34,34],""logprob"":-13.713590621948242,""rank"":3},{""token"":""\\\"":"",""token_id"":null,""bytes"":[92,34,58],""logprob"":-15.420682907104492,""rank"":4},{""token"":""\"":\"""",""token_id"":null,""bytes"":[34,58,34],""logprob"":-16.319738388061523,""rank"":5}]"
instrument_validation,D,K7,424,ABCD,4,16," """"",,"[32,34,34]",-0.0032456680200994015,1,"[{""token"":"" \""\"""",""token_id"":null,""bytes"":[32,34,34],""logprob"":-0.0032456680200994015,""rank"":1},{""token"":"" \"""",""token_id"":null,""bytes"":[32,34],""logprob"":-6.055448055267334,""rank"":2},{""token"":"" null"",""token_id"":null,""bytes"":[32,110,117,108,108],""logprob"":-7.501000881195068,""rank"":3},{""token"":"" \""\"","",""token_id"":null,""bytes"":[32,34,34,44],""logprob"":-8.500384330749512,""rank"":4},{""token"":"" \""\\\"""",""token_id"":null,""bytes"":[32,34,92,34],""logprob"":-9.465580940246582,""rank"":5}]"
instrument_validation,D,K7,424,ABCD,4,17,"
",,[10],-8.344653679159819e-07,1,"[{""token"":""\n"",""token_id"":null,""bytes"":[10],""logprob"":-8.344653679159819e-07,""rank"":1},{""token"":"""",""token_id"":null,""bytes"":[],""logprob"":-14.713308334350586,""rank"":2},{""token"":"" \n"",""token_id"":null,""bytes"":[32,10],""logprob"":-15.195917129516602,""rank"":3},{""token"":""\n\n"",""token_id"":null,""bytes"":[10,10],""logprob"":-15.342458724975586,""rank"":4},{""token"":""\n\n\n"",""token_id"":null,""bytes"":[10,10,10],""logprob"":-18.374958038330078,""rank"":5}]"
instrument_validation,D,K7,424,ABCD,4,18,},,[125],-2.622607780722319e-06,1,"[{""token"":""}"",""token_id"":null,""bytes"":[125],""logprob"":-2.622607780722319e-06,""rank"":1},{""token"":""},"",""token_id"":null,""bytes"":[125,44],""logprob"":-13.304072380065918,""rank"":2},{""token"":""}\"""",""token_id"":null,""bytes"":[125,34],""logprob"":-14.436419486999512,""rank"":3},{""token"":""}'"",""token_id"":null,""bytes"":[125,39],""logprob"":-14.71263599395752,""rank"":4},{""token"":"""",""token_id"":null,""bytes"":[],""logprob"":-16.880449295043945,""rank"":5}]"
instrument_validation,A,R0,424,ABCD,1,1,{,,[123],-0.017701268196105957,1,"[{""token"":""{"",""token_id"":null,""bytes"":[123],""logprob"":-0.017701268196105957,""rank"":1},{""token"":""{\"""",""token_id"":null,""bytes"":[123,34],""logprob"":-4.527174949645996,""rank"":2},{""token"":""```"",""token_id"":null,""bytes"":[96,96,96],""logprob"":-5.166430473327637,""rank"":3},{""token"":""{\\"",""token_id"":null,""bytes"":[123,92],""logprob"":-9.290816307067871,""rank"":4},{""token"":""{'"",""token_id"":null,""bytes"":[123,39],""logprob"":-9.338777542114258,""rank"":5},{""token"":""Non"",""token_id"":null,""bytes"":[78,111,110],""logprob"":-9.447481155395508,""rank"":6},{""token"":""{}"",""token_id"":null,""bytes"":[123,125],""logprob"":-9.566797256469727,""rank"":7},{""token"":""{\\\"""",""token_id"":null,""bytes"":[123,92,34],""logprob"":-9.63088321685791,""rank"":8},{""token"":""\""{"",""token_id"":null,""bytes"":[34,123],""logprob"":-9.878501892089844,""rank"":9},{""token"":""Je"",""token_id"":null,""bytes"":[74,101],""logprob"":-10.000271797180176,""rank"":10}]"
instrument_validation,A,R0,424,ABCD,1,2,"
",,[10],-0.0012813667999580503,1,"[{""token"":""\n"",""token_id"":null,""bytes"":[10],""logprob"":-0.0012813667999580503,""rank"":1},{""token"":"" \"""",""token_id"":null,""bytes"":[32,34],""logprob"":-6.833825588226318,""rank"":2},{""token"":""mode"",""token_id"":null,""bytes"":[109,111,100,101],""logprob"":-8.847938537597656,""rank"":3},{""token"":"" "",""token_id"":null,""bytes"":[32],""logprob"":-10.73855209350586,""rank"":4},{""token"":"" \n"",""token_id"":null,""bytes"":[32,10],""logprob"":-11.28103256225586,""rank"":5},{""token"":""  \n"",""token_id"":null,""bytes"":[32,32,10],""logprob"":-11.962854385375977,""rank"":6},{""token"":"" mode"",""token_id"":null,""bytes"":[32,109,111,100,101],""logprob"":-12.063124656677246,""rank"":7},{""token"":""\r\n"",""token_id"":null,""bytes"":[13,10],""logprob"":-13.473426818847656,""rank"":8},{""token"":""“"",""token_id"":null,""bytes"":[226,128,156],""logprob"":-13.753426551818848,""rank"":9},{""token"":""(\"""",""token_id"":null,""bytes"":[40,34],""logprob"":-14.187026977539062,""rank"":10}]"
instrument_validation,A,R0,424,ABCD,1,3, ,,[32],-0.00021930952789261937,1,"[{""token"":"" "",""token_id"":null,""bytes"":[32],""logprob"":-0.00021930952789261937,""rank"":1},{""token"":""\"""",""token_id"":null,""bytes"":[34],""logprob"":-8.988393783569336,""rank"":2},{""token"":"" \"""",""token_id"":null,""bytes"":[32,34],""logprob"":-9.370800018310547,""rank"":3},{""token"":""  \n"",""token_id"":null,""bytes"":[32,32,10],""logprob"":-13.117914199829102,""rank"":4},{""token"":""\""text"",""token_id"":null,""bytes"":[34,116,101,120,116],""logprob"":-13.223142623901367,""rank"":5},{""token"":""   "",""token_id"":null,""bytes"":[32,32,32],""logprob"":-13.438491821289062,""rank"":6},{""token"":""\""type"",""token_id"":null,""bytes"":[34,116,121,112,101],""logprob"":-13.501017570495605,""rank"":7},{""token"":""\t"",""token_id"":null,""bytes"":[9],""logprob"":-13.73525333404541,""rank"":8},{""token"":""\""c"",""token_id"":null,""bytes"":[34,99],""logprob"":-15.0701904296875,""rank"":9},{""token"":""     "",""token_id"":null,""bytes"":[32,32,32,32,32],""logprob"":-15.51673698425293,""rank"":10}]"
instrument_validation,A,R0,424,ABCD,1,4," """,,"[32,34]",-3.814704541582614e-06,1,"[{""token"":"" \"""",""token_id"":null,""bytes"":[32,34],""logprob"":-3.814704541582614e-06,""rank"":1},{""token"":"" \""_"",""token_id"":null,""bytes"":[32,34,95],""logprob"":-13.24009895324707,""rank"":2},{""token"":"" \""\\\"""",""token_id"":null,""bytes"":[32,34,92,34],""logprob"":-13.954038619995117,""rank"":3},{""token"":"" mode"",""token_id"":null,""bytes"":[32,109,111,100,101],""logprob"":-15.210006713867188,""rank"":4},{""token"":"" \""__"",""token_id"":null,""bytes"":[32,34,95,95],""logprob"":-15.355708122253418,""rank"":5},{""token"":"" \""\\"",""token_id"":null,""bytes"":[32,34,92],""logprob"":-15.450132369995117,""rank"":6},{""token"":"" \""["",""token_id"":null,""bytes"":[32,34,91],""logprob"":-16.00754737854004,""rank"":7},{""token"":"" \""<"",""token_id"":null,""bytes"":[32,34,60],""logprob"":-16.153993606567383,""rank"":8},{""token"":"" \\\"""",""token_id"":null,""bytes"":[32,92,34],""logprob"":-16.391189575195312,""rank"":9},{""token"":"" \""..."",""token_id"":null,""bytes"":[32,34,46,46,46],""logprob"":-16.477943420410156,""rank"":10}]"
instrument_validation,A,R0,424,ABCD,1,5,mode,,"[109,111,100,101]",-0.00011563969746930525,1,"[{""token"":""mode"",""token_id"":null,""bytes"":[109,111,100,101],""logprob"":-0.00011563969746930525,""rank"":1},{""token"":""texte"",""token_id"":null,""bytes"":[116,101,120,116,101],""logprob"":-9.487587928771973,""rank"":2},{""token"":""\tmode"",""token_id"":null,""bytes"":[9,109,111,100,101],""logprob"":-12.448882102966309,""rank"":3},{""token"":""message"",""token_id"":null,""bytes"":[109,101,115,115,97,103,101],""logprob"":-12.675307273864746,""rank"":4},{""token"":""type"",""token_id"":null,""bytes"":[116,121,112,101],""logprob"":-12.780400276184082,""rank"":5},{""token"":""text"",""token_id"":null,""bytes"":[116,101,120,116],""logprob"":-13.042001724243164,""rank"":6},{""token"":"".mode"",""token_id"":null,""bytes"":[46,109,111,100,101],""logprob"":-13.079663276672363,""rank"":7},{""token"":""modes"",""token_id"":null,""bytes"":[109,111,100,101,115],""logprob"":-13.081001281738281,""rank"":8},{""token"":""modele"",""token_id"":null,""bytes"":[109,111,100,101,108,101],""logprob"":-13.331745147705078,""rank"":9},{""token"":""sil"",""token_id"":null,""bytes"":[115,105,108],""logprob"":-13.381333351135254,""rank"":10}]"
instrument_validation,A,R0,424,ABCD,1,6,""":",,"[34,58]",-5.960482212685747e-06,1,"[{""token"":""\"":"",""token_id"":null,""bytes"":[34,58],""logprob"":-5.960482212685747e-06,""rank"":1},{""token"":""\"":\"""",""token_id"":null,""bytes"":[34,58,34],""logprob"":-12.405611038208008,""rank"":2},{""token"":""\"""",""token_id"":null,""bytes"":[34],""logprob"":-13.86256217956543,""rank"":3},{""token"":""\"","",""token_id"":null,""bytes"":[34,44],""logprob"":-14.75390625,""rank"":4},{""token"":""':"",""token_id"":null,""bytes"":[39,58],""logprob"":-15.401510238647461,""rank"":5},{""token"":""\\\"":"",""token_id"":null,""bytes"":[92,34,58],""logprob"":-15.598514556884766,""rank"":6},{""token"":"" parole"",""token_id"":null,""bytes"":[32,112,97,114,111,108,101],""logprob"":-16.06739044189453,""rank"":7},{""token"":""**:"",""token_id"":null,""bytes"":[42,42,58],""logprob"":-16.491647720336914,""rank"":8},{""token"":"" \"":"",""token_id"":null,""bytes"":[32,34,58],""logprob"":-17.176694869995117,""rank"":9},{""token"":""\""):"",""token_id"":null,""bytes"":[34,41,58],""logprob"":-17.55042839050293,""rank"":10}]"
instrument_validation,A,R0,424,ABCD,1,7," """,,"[32,34]",-6.878612475702539e-05,1,"[{""token"":"" \"""",""token_id"":null,""bytes"":[32,34],""logprob"":-6.878612475702539e-05,""rank"":1},{""token"":"" \""\"","",""token_id"":null,""bytes"":[32,34,34,44],""logprob"":-11.401308059692383,""rank"":2},{""token"":"" \""..."",""token_id"":null,""bytes"":[32,34,46,46,46],""logprob"":-11.616853713989258,""rank"":3},{""token"":"" parole"",""token_id"":null,""bytes"":[32,112,97,114,111,108,101],""logprob"":-11.877944946289062,""rank"":4},{""token"":"" \""\"""",""token_id"":null,""bytes"":[32,34,34],""logprob"":-12.042781829833984,""rank"":5},{""token"":"" \""\\\"""",""token_id"":null,""bytes"":[32,34,92,34],""logprob"":-12.130338668823242,""rank"":6},{""token"":"" \""\\"",""token_id"":null,""bytes"":[32,34,92],""logprob"":-12.172094345092773,""rank"":7},{""token"":"" \""'"",""token_id"":null,""bytes"":[32,34,39],""logprob"":-12.492805480957031,""rank"":8},{""token"":"" silence"",""token_id"":null,""bytes"":[32,115,105,108,101,110,99,101],""logprob"":-12.577716827392578,""rank"":9},{""token"":"" [\"""",""token_id"":null,""bytes"":[32,91,34],""logprob"":-12.782429695129395,""rank"":10}]"
instrument_validation,A,R0,424,ABCD,1,8,sil,,"[115,105,108]",-0.6829010248184204,1,"[{""token"":""sil"",""token_id"":null,""bytes"":[115,105,108],""logprob"":-0.6829010248184204,""rank"":1},{""token"":""parole"",""token_id"":null,""bytes"":[112,97,114,111,108,101],""logprob"":-0.7116065621376038,""rank"":2},{""token"":""par"",""token_id"":null,""bytes"":[112,97,114],""logprob"":-7.376031398773193,""rank"":3},{""token"":""pare"",""token_id"":null,""bytes"":[112,97,114,101],""logprob"":-8.316965103149414,""rank"":4},{""token"":""s"",""token_id"":null,""bytes"":[115],""logprob"":-8.35165786743164,""rank"":5},{""token"":"" parole"",""token_id"":null,""bytes"":[32,112,97,114,111,108,101],""logprob"":-8.36668586730957,""rank"":6},{""token"":""silent"",""token_id"":null,""bytes"":[115,105,108,101,110,116],""logprob"":-8.760774612426758,""rank"":7},{""token"":""il"",""token_id"":null,""bytes"":[105,108],""logprob"":-8.76882553100586,""rank"":8},{""token"":"" Silence"",""token_id"":null,""bytes"":[32,83,105,108,101,110,99,101],""logprob"":-9.212411880493164,""rank"":9},{""token"":""ver"",""token_id"":null,""bytes"":[118,101,114],""logprob"":-9.506980895996094,""rank"":10}]"
instrument_validation,A,R0,424,ABCD,1,9,ence,,"[101,110,99,101]",-1.0728893357736524e-05,1,"[{""token"":""ence"",""token_id"":null,""bytes"":[101,110,99,101],""logprob"":-1.0728893357736524e-05,""rank"":1},{""token"":""ience"",""token_id"":null,""bytes"":[105,101,110,99,101],""logprob"":-11.881476402282715,""rank"":2},{""token"":""ance"",""token_id"":null,""bytes"":[97,110,99,101],""logprob"":-12.749621391296387,""rank"":3},{""token"":""enc"",""token_id"":null,""bytes"":[101,110,99],""logprob"":-15.021140098571777,""rank"":4},{""token"":""\"","",""token_id"":null,""bytes"":[34,44],""logprob"":-15.82038402557373,""rank"":5},{""token"":""ences"",""token_id"":null,""bytes"":[101,110,99,101,115],""logprob"":-15.967652320861816,""rank"":6},{""token"":""ène"",""token_id"":null,""bytes"":[195,168,110,101],""logprob"":-16.167163848876953,""rank"":7},{""token"":""ense"",""token_id"":null,""bytes"":[101,110,115,101],""logprob"":-16.302770614624023,""rank"":8},{""token"":""ince"",""token_id"":null,""bytes"":[105,110,99,101],""logprob"":-16.532535552978516,""rank"":9},{""token"":""enced"",""token_id"":null,""bytes"":[101,110,99,101,100],""logprob"":-16.716724395751953,""rank"":10}]"
instrument_validation,A,R0,424,ABCD,1,10,""",",,"[34,44]",-0.10400095582008362,1,"[{""token"":""\"","",""token_id"":null,""bytes"":[34,44],""logprob"":-0.10400095582008362,""rank"":1},{""token"":""\"""",""token_id"":null,""bytes"":[34],""logprob"":-2.3149843215942383,""rank"":2},{""token"":""\n"",""token_id"":null,""bytes"":[10],""logprob"":-12.798715591430664,""rank"":3},{""token"":""\""."",""token_id"":null,""bytes"":[34,46],""logprob"":-13.602818489074707,""rank"":4},{""token"":""\\\"","",""token_id"":null,""bytes"":[92,34,44],""logprob"":-14.086886405944824,""rank"":5},{""token"":""',"",""token_id"":null,""bytes"":[39,44],""logprob"":-14.169767379760742,""rank"":6},{""token"":"" \"","",""token_id"":null,""bytes"":[32,34,44],""logprob"":-14.584572792053223,""rank"":7},{""token"":""\""}"",""token_id"":null,""bytes"":[34,125],""logprob"":-15.109505653381348,""rank"":8},{""token"":""'"",""token_id"":null,""bytes"":[39],""logprob"":-15.347468376159668,""rank"":9},{""token"":""\""،"",""token_id"":null,""bytes"":[34,216,140],""logprob"":-15.385069847106934,""rank"":10}]"
instrument_validation,A,R0,424,ABCD,1,11,"
",,[10],-4.529963462118758e-06,1,"[{""token"":""\n"",""token_id"":null,""bytes"":[10],""logprob"":-4.529963462118758e-06,""rank"":1},{""token"":"" \n"",""token_id"":null,""bytes"":[32,10],""logprob"":-12.82629108428955,""rank"":2},{""token"":"""",""token_id"":null,""bytes"":[],""logprob"":-14.03629207611084,""rank"":3},{""token"":""\n\n"",""token_id"":null,""bytes"":[10,10],""logprob"":-14.489842414855957,""rank"":4},{""token"":"" \"""",""token_id"":null,""bytes"":[32,34],""logprob"":-15.350348472595215,""rank"":5},{""token"":""\r\n"",""token_id"":null,""bytes"":[13,10],""logprob"":-15.496855735778809,""rank"":6},{""token"":""  \n"",""token_id"":null,""bytes"":[32,32,10],""logprob"":-16.986282348632812,""rank"":7},{""token"":"" \""\"""",""token_id"":null,""bytes"":[32,34,34],""logprob"":-18.53266143798828,""rank"":8},{""token"":"" //"",""token_id"":null,""bytes"":[32,47,47],""logprob"":-18.962074279785156,""rank"":9},{""token"":""\t\n"",""token_id"":null,""bytes"":[9,10],""logprob"":-19.158586502075195,""rank"":10}]"
instrument_validation,A,R0,424,ABCD,1,12, ,,[32],-4.768372718899627e-07,1,"[{""token"":"" "",""token_id"":null,""bytes"":[32],""logprob"":-4.768372718899627e-07,""rank"":1},{""token"":"" \"""",""token_id"":null,""bytes"":[32,34],""logprob"":-14.830775260925293,""rank"":2},{""token"":""  \n"",""token_id"":null,""bytes"":[32,32,10],""logprob"":-15.846244812011719,""rank"":3},{""token"":"" texte"",""token_id"":null,""bytes"":[32,116,101,120,116,101],""logprob"":-17.57489776611328,""rank"":4},{""token"":""\"":"",""token_id"":null,""bytes"":[34,58],""logprob"":-17.85828399658203,""rank"":5},{""token"":""   "",""token_id"":null,""bytes"":[32,32,32],""logprob"":-17.916858673095703,""rank"":6},{""token"":""\"""",""token_id"":null,""bytes"":[34],""logprob"":-18.34922218322754,""rank"":7},{""token"":""  "",""token_id"":null,""bytes"":[32,32],""logprob"":-18.437122344970703,""rank"":8},{""token"":""\t"",""token_id"":null,""bytes"":[9],""logprob"":-18.6859073638916,""rank"":9},{""token"":"""",""token_id"":null,""bytes"":[],""logprob"":-18.98271942138672,""rank"":10}]"
instrument_validation,A,R0,424,ABCD,1,13," """,,"[32,34]",-2.7418175250204513e-06,1,"[{""token"":"" \"""",""token_id"":null,""bytes"":[32,34],""logprob"":-2.7418175250204513e-06,""rank"":1},{""token"":"" \""\"""",""token_id"":null,""bytes"":[32,34,34],""logprob"":-12.913479804992676,""rank"":2},{""token"":"" \""\\\"""",""token_id"":null,""bytes"":[32,34,92,34],""logprob"":-15.69869327545166,""rank"":3},{""token"":"" \""_"",""token_id"":null,""bytes"":[32,34,95],""logprob"":-16.026199340820312,""rank"":4},{""token"":"" \""."",""token_id"":null,""bytes"":[32,34,46],""logprob"":-16.689477920532227,""rank"":5},{""token"":"" \""..."",""token_id"":null,""bytes"":[32,34,46,46,46],""logprob"":-16.78761100769043,""rank"":6},{""token"":"" \""<"",""token_id"":null,""bytes"":[32,34,60],""logprob"":-16.832658767700195,""rank"":7},{""token"":"" \""\\"",""token_id"":null,""bytes"":[32,34,92],""logprob"":-16.89679527282715,""rank"":8},{""token"":"" \\\"""",""token_id"":null,""bytes"":[32,92,34],""logprob"":-17.02959442138672,""rank"":9},{""token"":"" \""__"",""token_id"":null,""bytes"":[32,34,95,95],""logprob"":-17.070863723754883,""rank"":10}]"
instrument_validation,A,R0,424,ABCD,1,14,texte,,"[116,101,120,116,101]",-0.0006296828505583107,1,"[{""token"":""texte"",""token_id"":null,""bytes"":[116,101,120,116,101],""logprob"":-0.0006296828505583107,""rank"":1},{""token"":""texto"",""token_id"":null,""bytes"":[116,101,120,116,111],""logprob"":-7.841743469238281,""rank"":2},{""token"":"" texte"",""token_id"":null,""bytes"":[32,116,101,120,116,101],""logprob"":-9.23090934753418,""rank"":3},{""token"":""texture"",""token_id"":null,""bytes"":[116,101,120,116,117,114,101],""logprob"":-10.990337371826172,""rank"":4},{""token"":""liste"",""token_id"":null,""bytes"":[108,105,115,116,101],""logprob"":-11.11802864074707,""rank"":5},{""token"":""text"",""token_id"":null,""bytes"":[116,101,120,116],""logprob"":-11.178504943847656,""rank"":6},{""token"":""teste"",""token_id"":null,""bytes"":[116,101,115,116,101],""logprob"":-11.39581298828125,""rank"":7},{""token"":""textContent"",""token_id"":null,""bytes"":[116,101,120,116,67,111,110,116,101,110,116],""logprob"":-11.457679748535156,""rank"":8},{""token"":""reste"",""token_id"":null,""bytes"":[114,101,115,116,101],""logprob"":-11.609077453613281,""rank"":9},{""token"":""texts"",""token_id"":null,""bytes"":[116,101,120,116,115],""logprob"":-12.040653228759766,""rank"":10}]"
instrument_validation,A,R0,424,ABCD,1,15,""":",,"[34,58]",-9.775209946383256e-06,1,"[{""token"":""\"":"",""token_id"":null,""bytes"":[34,58],""logprob"":-9.775209946383256e-06,""rank"":1},{""token"":""\"""",""token_id"":null,""bytes"":[34],""logprob"":-11.71143913269043,""rank"":2},{""token"":""\"":\""\"""",""token_id"":null,""bytes"":[34,58,34,34],""logprob"":-13.73509407043457,""rank"":3},{""token"":""\\\"":"",""token_id"":null,""bytes"":[92,34,58],""logprob"":-15.427671432495117,""rank"":4},{""token"":""\"":\"""",""token_id"":null,""bytes"":[34,58,34],""logprob"":-16.406694412231445,""rank"":5},{""token"":""\""\"""",""token_id"":null,""bytes"":[34,34],""logprob"":-16.437700271606445,""rank"":6},{""token"":"" \""\"""",""token_id"":null,""bytes"":[32,34,34],""logprob"":-17.2104434967041,""rank"":7},{""token"":""\""\"":"",""token_id"":null,""bytes"":[34,34,58],""logprob"":-17.4022274017334,""rank"":8},{""token"":""':"",""token_id"":null,""bytes"":[39,58],""logprob"":-17.6079044342041,""rank"":9},{""token"":"" \"":"",""token_id"":null,""bytes"":[32,34,58],""logprob"":-18.01476287841797,""rank"":10}]"
instrument_validation,A,R0,424,ABCD,1,16," """"",,"[32,34,34]",-0.0034958957694470882,1,"[{""token"":"" \""\"""",""token_id"":null,""bytes"":[32,34,34],""logprob"":-0.0034958957694470882,""rank"":1},{""token"":"" \"""",""token_id"":null,""bytes"":[32,34],""logprob"":-5.9778056144714355,""rank"":2},{""token"":"" null"",""token_id"":null,""bytes"":[32,110,117,108,108],""logprob"":-7.4228434562683105,""rank"":3},{""token"":"" \""\"","",""token_id"":null,""bytes"":[32,34,34,44],""logprob"":-8.4609375,""rank"":4},{""token"":"" \""\\\"""",""token_id"":null,""bytes"":[32,34,92,34],""logprob"":-9.420413970947266,""rank"":5},{""token"":"" []"",""token_id"":null,""bytes"":[32,91,93],""logprob"":-11.656631469726562,""rank"":6},{""token"":"" \""\"";"",""token_id"":null,""bytes"":[32,34,34,59],""logprob"":-11.845447540283203,""rank"":7},{""token"":"" \"":"",""token_id"":null,""bytes"":[32,34,58],""logprob"":-12.072834014892578,""rank"":8},{""token"":"" \""\"")"",""token_id"":null,""bytes"":[32,34,34,41],""logprob"":-12.155651092529297,""rank"":9},{""token"":"" \""*\"""",""token_id"":null,""bytes"":[32,34,42,34],""logprob"":-12.868125915527344,""rank"":10}]"
instrument_validation,A,R0,424,ABCD,1,17,"
",,[10],-9.536747711536009e-07,1,"[{""token"":""\n"",""token_id"":null,""bytes"":[10],""logprob"":-9.536747711536009e-07,""rank"":1},{""token"":"""",""token_id"":null,""bytes"":[],""logprob"":-14.770174026489258,""rank"":2},{""token"":"" \n"",""token_id"":null,""bytes"":[32,10],""logprob"":-14.94002914428711,""rank"":3},{""token"":""\n\n"",""token_id"":null,""bytes"":[10,10],""logprob"":-15.378928184509277,""rank"":4},{""token"":""\n\n\n"",""token_id"":null,""bytes"":[10,10,10],""logprob"":-18.373306274414062,""rank"":5},{""token"":"""",""token_id"":null,""bytes"":[],""logprob"":-18.497316360473633,""rank"":6},{""token"":""\r\n"",""token_id"":null,""bytes"":[13,10],""logprob"":-18.56676483154297,""rank"":7},{""token"":"" //"",""token_id"":null,""bytes"":[32,47,47],""logprob"":-18.672527313232422,""rank"":8},{""token"":""\t\n"",""token_id"":null,""bytes"":[9,10],""logprob"":-18.991260528564453,""rank"":9},{""token"":""  \n"",""token_id"":null,""bytes"":[32,32,10],""logprob"":-19.251365661621094,""rank"":10}]"
instrument_validation,A,R0,424,ABCD,1,18,},,[125],-2.5033982637978625e-06,1,"[{""token"":""}"",""token_id"":null,""bytes"":[125],""logprob"":-2.5033982637978625e-06,""rank"":1},{""token"":""},"",""token_id"":null,""bytes"":[125,44],""logprob"":-13.417893409729004,""rank"":2},{""token"":""}\"""",""token_id"":null,""bytes"":[125,34],""logprob"":-14.308489799499512,""rank"":3},{""token"":""}'"",""token_id"":null,""bytes"":[125,39],""logprob"":-14.59435749053955,""rank"":4},{""token"":""}`"",""token_id"":null,""bytes"":[125,96],""logprob"":-16.7717342376709,""rank"":5},{""token"":"""",""token_id"":null,""bytes"":[],""logprob"":-16.82588768005371,""rank"":6},{""token"":""};"",""token_id"":null,""bytes"":[125,59],""logprob"":-17.208248138427734,""rank"":7},{""token"":"" }"",""token_id"":null,""bytes"":[32,125],""logprob"":-17.439159393310547,""rank"":8},{""token"":""]"",""token_id"":null,""bytes"":[93],""logprob"":-17.67775535583496,""rank"":9},{""token"":""}</"",""token_id"":null,""bytes"":[125,60,47],""logprob"":-17.851497650146484,""rank"":10}]"
instrument_validation,B,R7,424,ABCD,2,1,{,,[123],-0.02172425016760826,1,"[{""token"":""{"",""token_id"":null,""bytes"":[123],""logprob"":-0.02172425016760826,""rank"":1},{""token"":""{\"""",""token_id"":null,""bytes"":[123,34],""logprob"":-4.228072643280029,""rank"":2},{""token"":""```"",""token_id"":null,""bytes"":[96,96,96],""logprob"":-5.131930828094482,""rank"":3},{""token"":""{\\\"""",""token_id"":null,""bytes"":[123,92,34],""logprob"":-9.165180206298828,""rank"":4},{""token"":""{\\"",""token_id"":null,""bytes"":[123,92],""logprob"":-9.315994262695312,""rank"":5},{""token"":""{'"",""token_id"":null,""bytes"":[123,39],""logprob"":-9.473036766052246,""rank"":6},{""token"":""{}"",""token_id"":null,""bytes"":[123,125],""logprob"":-9.504569053649902,""rank"":7},{""token"":""\""{"",""token_id"":null,""bytes"":[34,123],""logprob"":-9.673643112182617,""rank"":8},{""token"":""\"""",""token_id"":null,""bytes"":[34],""logprob"":-9.748357772827148,""rank"":9},{""token"":""{j"",""token_id"":null,""bytes"":[123,106],""logprob"":-9.762773513793945,""rank"":10}]"
instrument_validation,B,R7,424,ABCD,2,2,"
",,[10],-0.0008808079874143004,1,"[{""token"":""\n"",""token_id"":null,""bytes"":[10],""logprob"":-0.0008808079874143004,""rank"":1},{""token"":"" \"""",""token_id"":null,""bytes"":[32,34],""logprob"":-7.27277135848999,""rank"":2},{""token"":""mode"",""token_id"":null,""bytes"":[109,111,100,101],""logprob"":-8.902280807495117,""rank"":3},{""token"":"" "",""token_id"":null,""bytes"":[32],""logprob"":-10.787778854370117,""rank"":4},{""token"":"" \n"",""token_id"":null,""bytes"":[32,10],""logprob"":-11.593488693237305,""rank"":5},{""token"":"" mode"",""token_id"":null,""bytes"":[32,109,111,100,101],""logprob"":-12.135059356689453,""rank"":6},{""token"":""  \n"",""token_id"":null,""bytes"":[32,32,10],""logprob"":-12.24781608581543,""rank"":7},{""token"":""\r\n"",""token_id"":null,""bytes"":[13,10],""logprob"":-13.689537048339844,""rank"":8},{""token"":""“"",""token_id"":null,""bytes"":[226,128,156],""logprob"":-14.19550609588623,""rank"":9},{""token"":""type"",""token_id"":null,""bytes"":[116,121,112,101],""logprob"":-14.436548233032227,""rank"":10}]"
instrument_validation,B,R7,424,ABCD,2,3, ,,[32],-0.0002201441820943728,1,"[{""token"":"" "",""token_id"":null,""bytes"":[32],""logprob"":-0.0002201441820943728,""rank"":1},{""token"":""\"""",""token_id"":null,""bytes"":[34],""logprob"":-8.98767375946045,""rank"":2},{""token"":"" \"""",""token_id"":null,""bytes"":[32,34],""logprob"":-9.363957405090332,""rank"":3},{""token"":""\""text"",""token_id"":null,""bytes"":[34,116,101,120,116],""logprob"":-13.119736671447754,""rank"":4},{""token"":""  \n"",""token_id"":null,""bytes"":[32,32,10],""logprob"":-13.16612720489502,""rank"":5},{""token"":""\""type"",""token_id"":null,""bytes"":[34,116,121,112,101],""logprob"":-13.387600898742676,""rank"":6},{""token"":""   "",""token_id"":null,""bytes"":[32,32,32],""logprob"":-13.5285005569458,""rank"":7},{""token"":""\t"",""token_id"":null,""bytes"":[9],""logprob"":-13.758211135864258,""rank"":8},{""token"":""\""c"",""token_id"":null,""bytes"":[34,99],""logprob"":-15.063492774963379,""rank"":9},{""token"":""     "",""token_id"":null,""bytes"":[32,32,32,32,32],""logprob"":-15.506272315979004,""rank"":10}]"
instrument_validation,B,R7,424,ABCD,2,4," """,,"[32,34]",-4.172333774477011e-06,1,"[{""token"":"" \"""",""token_id"":null,""bytes"":[32,34],""logprob"":-4.172333774477011e-06,""rank"":1},{""token"":"" \""_"",""token_id"":null,""bytes"":[32,34,95],""logprob"":-13.113958358764648,""rank"":2},{""token"":"" \""\\\"""",""token_id"":null,""bytes"":[32,34,92,34],""logprob"":-13.908227920532227,""rank"":3},{""token"":"" \""__"",""token_id"":null,""bytes"":[32,34,95,95],""logprob"":-15.388980865478516,""rank"":4},{""token"":"" mode"",""token_id"":null,""bytes"":[32,109,111,100,101],""logprob"":-15.449271202087402,""rank"":5},{""token"":"" \""\\"",""token_id"":null,""bytes"":[32,34,92],""logprob"":-15.526116371154785,""rank"":6},{""token"":"" \""["",""token_id"":null,""bytes"":[32,34,91],""logprob"":-16.104637145996094,""rank"":7},{""token"":"" \""<"",""token_id"":null,""bytes"":[32,34,60],""logprob"":-16.330711364746094,""rank"":8},{""token"":"" \""..."",""token_id"":null,""bytes"":[32,34,46,46,46],""logprob"":-16.376426696777344,""rank"":9},{""token"":"" \\\"""",""token_id"":null,""bytes"":[32,92,34],""logprob"":-16.57913589477539,""rank"":10}]"
instrument_validation,B,R7,424,ABCD,2,5,mode,,"[109,111,100,101]",-0.00011707037629093975,1,"[{""token"":""mode"",""token_id"":null,""bytes"":[109,111,100,101],""logprob"":-0.00011707037629093975,""rank"":1},{""token"":""texte"",""token_id"":null,""bytes"":[116,101,120,116,101],""logprob"":-9.493277549743652,""rank"":2},{""token"":""\tmode"",""token_id"":null,""bytes"":[9,109,111,100,101],""logprob"":-12.450518608093262,""rank"":3},{""token"":""message"",""token_id"":null,""bytes"":[109,101,115,115,97,103,101],""logprob"":-12.52582836151123,""rank"":4},{""token"":""type"",""token_id"":null,""bytes"":[116,121,112,101],""logprob"":-12.704558372497559,""rank"":5},{""token"":""modes"",""token_id"":null,""bytes"":[109,111,100,101,115],""logprob"":-13.00879192352295,""rank"":6},{""token"":""text"",""token_id"":null,""bytes"":[116,101,120,116],""logprob"":-13.02730655670166,""rank"":7},{""token"":"".mode"",""token_id"":null,""bytes"":[46,109,111,100,101],""logprob"":-13.08121395111084,""rank"":8},{""token"":""modele"",""token_id"":null,""bytes"":[109,111,100,101,108,101],""logprob"":-13.304131507873535,""rank"":9},{""token"":""code"",""token_id"":null,""bytes"":[99,111,100,101],""logprob"":-13.3998384475708,""rank"":10}]"
instrument_validation,B,R7,424,ABCD,2,6,""":",,"[34,58]",-6.318112355074845e-06,1,"[{""token"":""\"":"",""token_id"":null,""bytes"":[34,58],""logprob"":-6.318112355074845e-06,""rank"":1},{""token"":""\"":\"""",""token_id"":null,""bytes"":[34,58,34],""logprob"":-12.400069236755371,""rank"":2},{""token"":""\"""",""token_id"":null,""bytes"":[34],""logprob"":-13.777251243591309,""rank"":3},{""token"":""\"","",""token_id"":null,""bytes"":[34,44],""logprob"":-14.631165504455566,""rank"":4},{""token"":""':"",""token_id"":null,""bytes"":[39,58],""logprob"":-15.456767082214355,""rank"":5},{""token"":""\\\"":"",""token_id"":null,""bytes"":[92,34,58],""logprob"":-15.548569679260254,""rank"":6},{""token"":"" parole"",""token_id"":null,""bytes"":[32,112,97,114,111,108,101],""logprob"":-16.078182220458984,""rank"":7},{""token"":""**:"",""token_id"":null,""bytes"":[42,42,58],""logprob"":-16.53583526611328,""rank"":8},{""token"":"" \"":"",""token_id"":null,""bytes"":[32,34,58],""logprob"":-17.16021156311035,""rank"":9},{""token"":""\""):"",""token_id"":null,""bytes"":[34,41,58],""logprob"":-17.6252498626709,""rank"":10}]"
instrument_validation,B,R7,424,ABCD,2,7," """,,"[32,34]",-6.84284750605002e-05,1,"[{""token"":"" \"""",""token_id"":null,""bytes"":[32,34],""logprob"":-6.84284750605002e-05,""rank"":1},{""token"":"" \""\"","",""token_id"":null,""bytes"":[32,34,34,44],""logprob"":-11.380424499511719,""rank"":2},{""token"":"" \""..."",""token_id"":null,""bytes"":[32,34,46,46,46],""logprob"":-11.570703506469727,""rank"":3},{""token"":"" parole"",""token_id"":null,""bytes"":[32,112,97,114,111,108,101],""logprob"":-11.879776000976562,""rank"":4},{""token"":"" \""\"""",""token_id"":null,""bytes"":[32,34,34],""logprob"":-12.034069061279297,""rank"":5},{""token"":"" \""\\"",""token_id"":null,""bytes"":[32,34,92],""logprob"":-12.164905548095703,""rank"":6},{""token"":"" \""\\\"""",""token_id"":null,""bytes"":[32,34,92,34],""logprob"":-12.202396392822266,""rank"":7},{""token"":"" \""'"",""token_id"":null,""bytes"":[32,34,39],""logprob"":-12.554153442382812,""rank"":8},{""token"":"" silence"",""token_id"":null,""bytes"":[32,115,105,108,101,110,99,101],""logprob"":-12.614547729492188,""rank"":9},{""token"":"" [\"""",""token_id"":null,""bytes"":[32,91,34],""logprob"":-12.863336563110352,""rank"":10}]"
instrument_validation,B,R7,424,ABCD,2,8,sil,,"[115,105,108]",-0.6785305142402649,1,"[{""token"":""sil"",""token_id"":null,""bytes"":[115,105,108],""logprob"":-0.6785305142402649,""rank"":1},{""token"":""parole"",""token_id"":null,""bytes"":[112,97,114,111,108,101],""logprob"":-0.7165859341621399,""rank"":2},{""token"":""par"",""token_id"":null,""bytes"":[112,97,114],""logprob"":-7.273228645324707,""rank"":3},{""token"":""pare"",""token_id"":null,""bytes"":[112,97,114,101],""logprob"":-8.244132041931152,""rank"":4},{""token"":""s"",""token_id"":null,""bytes"":[115],""logprob"":-8.282027244567871,""rank"":5},{""token"":"" parole"",""token_id"":null,""bytes"":[32,112,97,114,111,108,101],""logprob"":-8.345601081848145,""rank"":6},{""token"":""il"",""token_id"":null,""bytes"":[105,108],""logprob"":-8.678450584411621,""rank"":7},{""token"":""silent"",""token_id"":null,""bytes"":[115,105,108,101,110,116],""logprob"":-8.759028434753418,""rank"":8},{""token"":"" Silence"",""token_id"":null,""bytes"":[32,83,105,108,101,110,99,101],""logprob"":-9.19161319732666,""rank"":9},{""token"":""ver"",""token_id"":null,""bytes"":[118,101,114],""logprob"":-9.335183143615723,""rank"":10}]"
instrument_validation,B,R7,424,ABCD,2,9,ence,,"[101,110,99,101]",-9.179157132166438e-06,1,"[{""token"":""ence"",""token_id"":null,""bytes"":[101,110,99,101],""logprob"":-9.179157132166438e-06,""rank"":1},{""token"":""ience"",""token_id"":null,""bytes"":[105,101,110,99,101],""logprob"":-12.033693313598633,""rank"":2},{""token"":""ance"",""token_id"":null,""bytes"":[97,110,99,101],""logprob"":-12.892942428588867,""rank"":3},{""token"":""enc"",""token_id"":null,""bytes"":[101,110,99],""logprob"":-15.13233757019043,""rank"":4},{""token"":""ences"",""token_id"":null,""bytes"":[101,110,99,101,115],""logprob"":-15.992465019226074,""rank"":5},{""token"":""\"","",""token_id"":null,""bytes"":[34,44],""logprob"":-16.00364875793457,""rank"":6},{""token"":""ène"",""token_id"":null,""bytes"":[195,168,110,101],""logprob"":-16.335693359375,""rank"":7},{""token"":""ense"",""token_id"":null,""bytes"":[101,110,115,101],""logprob"":-16.374631881713867,""rank"":8},{""token"":""ince"",""token_id"":null,""bytes"":[105,110,99,101],""logprob"":-16.63836097717285,""rank"":9},{""token"":""enced"",""token_id"":null,""bytes"":[101,110,99,101,100],""logprob"":-16.825773239135742,""rank"":10}]"
instrument_validation,B,R7,424,ABCD,2,10,""",",,"[34,44]",-0.10652503371238708,1,"[{""token"":""\"","",""token_id"":null,""bytes"":[34,44],""logprob"":-0.10652503371238708,""rank"":1},{""token"":""\"""",""token_id"":null,""bytes"":[34],""logprob"":-2.292224407196045,""rank"":2},{""token"":""\n"",""token_id"":null,""bytes"":[10],""logprob"":-13.167221069335938,""rank"":3},{""token"":""\""."",""token_id"":null,""bytes"":[34,46],""logprob"":-13.745504379272461,""rank"":4},{""token"":""\\\"","",""token_id"":null,""bytes"":[92,34,44],""logprob"":-14.183154106140137,""rank"":5},{""token"":""',"",""token_id"":null,""bytes"":[39,44],""logprob"":-14.31869125366211,""rank"":6},{""token"":"" \"","",""token_id"":null,""bytes"":[32,34,44],""logprob"":-14.853628158569336,""rank"":7},{""token"":""\""}"",""token_id"":null,""bytes"":[34,125],""logprob"":-15.259098052978516,""rank"":8},{""token"":""'"",""token_id"":null,""bytes"":[39],""logprob"":-15.433650970458984,""rank"":9},{""token"":""\""،"",""token_id"":null,""bytes"":[34,216,140],""logprob"":-15.486459732055664,""rank"":10}]"
instrument_validation,B,R7,424,ABCD,2,11,"
",,[10],-4.0531240301788785e-06,1,"[{""token"":""\n"",""token_id"":null,""bytes"":[10],""logprob"":-4.0531240301788785e-06,""rank"":1},{""token"":"" \n"",""token_id"":null,""bytes"":[32,10],""logprob"":-12.90800666809082,""rank"":2},{""token"":"""",""token_id"":null,""bytes"":[],""logprob"":-14.16970443725586,""rank"":3},{""token"":""\n\n"",""token_id"":null,""bytes"":[10,10],""logprob"":-14.509121894836426,""rank"":4},{""token"":"" \"""",""token_id"":null,""bytes"":[32,34],""logprob"":-15.510653495788574,""rank"":5},{""token"":""\r\n"",""token_id"":null,""bytes"":[13,10],""logprob"":-15.636159896850586,""rank"":6},{""token"":""  \n"",""token_id"":null,""bytes"":[32,32,10],""logprob"":-17.189529418945312,""rank"":7},{""token"":"" \""\"""",""token_id"":null,""bytes"":[32,34,34],""logprob"":-18.683391571044922,""rank"":8},{""token"":"" //"",""token_id"":null,""bytes"":[32,47,47],""logprob"":-18.903255462646484,""rank"":9},{""token"":""\t\n"",""token_id"":null,""bytes"":[9,10],""logprob"":-19.315635681152344,""rank"":10}]"
instrument_validation,B,R7,424,ABCD,2,12, ,,[32],-4.768372718899627e-07,1,"[{""token"":"" "",""token_id"":null,""bytes"":[32],""logprob"":-4.768372718899627e-07,""rank"":1},{""token"":"" \"""",""token_id"":null,""bytes"":[32,34],""logprob"":-15.015575408935547,""rank"":2},{""token"":""  \n"",""token_id"":null,""bytes"":[32,32,10],""logprob"":-15.97124195098877,""rank"":3},{""token"":"" texte"",""token_id"":null,""bytes"":[32,116,101,120,116,101],""logprob"":-17.74969482421875,""rank"":4},{""token"":""   "",""token_id"":null,""bytes"":[32,32,32],""logprob"":-18.280445098876953,""rank"":5},{""token"":""\"":"",""token_id"":null,""bytes"":[34,58],""logprob"":-18.35386085510254,""rank"":6},{""token"":""\"""",""token_id"":null,""bytes"":[34],""logprob"":-18.697397232055664,""rank"":7},{""token"":""  "",""token_id"":null,""bytes"":[32,32],""logprob"":-18.71950912475586,""rank"":8},{""token"":""\t"",""token_id"":null,""bytes"":[9],""logprob"":-18.91667938232422,""rank"":9},{""token"":"""",""token_id"":null,""bytes"":[],""logprob"":-19.310272216796875,""rank"":10}]"
instrument_validation,B,R7,424,ABCD,2,13," """,,"[32,34]",-2.0265599687263602e-06,1,"[{""token"":"" \"""",""token_id"":null,""bytes"":[32,34],""logprob"":-2.0265599687263602e-06,""rank"":1},{""token"":"" \""\"""",""token_id"":null,""bytes"":[32,34,34],""logprob"":-13.223140716552734,""rank"":2},{""token"":"" \""\\\"""",""token_id"":null,""bytes"":[32,34,92,34],""logprob"":-15.966304779052734,""rank"":3},{""token"":"" \""_"",""token_id"":null,""bytes"":[32,34,95],""logprob"":-16.198970794677734,""rank"":4},{""token"":"" \""..."",""token_id"":null,""bytes"":[32,34,46,46,46],""logprob"":-16.936288833618164,""rank"":5},{""token"":"" \""\\"",""token_id"":null,""bytes"":[32,34,92],""logprob"":-17.140249252319336,""rank"":6},{""token"":"" \""<"",""token_id"":null,""bytes"":[32,34,60],""logprob"":-17.150043487548828,""rank"":7},{""token"":"" \""."",""token_id"":null,""bytes"":[32,34,46],""logprob"":-17.15288543701172,""rank"":8},{""token"":"" \\\"""",""token_id"":null,""bytes"":[32,92,34],""logprob"":-17.178312301635742,""rank"":9},{""token"":"" \""__"",""token_id"":null,""bytes"":[32,34,95,95],""logprob"":-17.386140823364258,""rank"":10}]"
instrument_validation,B,R7,424,ABCD,2,14,texte,,"[116,101,120,116,101]",-0.000649364956188947,1,"[{""token"":""texte"",""token_id"":null,""bytes"":[116,101,120,116,101],""logprob"":-0.000649364956188947,""rank"":1},{""token"":""texto"",""token_id"":null,""bytes"":[116,101,120,116,111],""logprob"":-7.792206764221191,""rank"":2},{""token"":"" texte"",""token_id"":null,""bytes"":[32,116,101,120,116,101],""logprob"":-9.244690895080566,""rank"":3},{""token"":""texture"",""token_id"":null,""bytes"":[116,101,120,116,117,114,101],""logprob"":-10.890830039978027,""rank"":4},{""token"":""text"",""token_id"":null,""bytes"":[116,101,120,116],""logprob"":-11.115731239318848,""rank"":5},{""token"":""liste"",""token_id"":null,""bytes"":[108,105,115,116,101],""logprob"":-11.182448387145996,""rank"":6},{""token"":""textContent"",""token_id"":null,""bytes"":[116,101,120,116,67,111,110,116,101,110,116],""logprob"":-11.407805442810059,""rank"":7},{""token"":""teste"",""token_id"":null,""bytes"":[116,101,115,116,101],""logprob"":-11.458174705505371,""rank"":8},{""token"":""reste"",""token_id"":null,""bytes"":[114,101,115,116,101],""logprob"":-11.648634910583496,""rank"":9},{""token"":""texts"",""token_id"":null,""bytes"":[116,101,120,116,115],""logprob"":-12.051970481872559,""rank"":10}]"
instrument_validation,B,R7,424,ABCD,2,15,""":",,"[34,58]",-1.0848104466276709e-05,1,"[{""token"":""\"":"",""token_id"":null,""bytes"":[34,58],""logprob"":-1.0848104466276709e-05,""rank"":1},{""token"":""\"""",""token_id"":null,""bytes"":[34],""logprob"":-11.591935157775879,""rank"":2},{""token"":""\"":\""\"""",""token_id"":null,""bytes"":[34,58,34,34],""logprob"":-13.789422035217285,""rank"":3},{""token"":""\\\"":"",""token_id"":null,""bytes"":[92,34,58],""logprob"":-15.505274772644043,""rank"":4},{""token"":""\"":\"""",""token_id"":null,""bytes"":[34,58,34],""logprob"":-16.480609893798828,""rank"":5},{""token"":""\""\"""",""token_id"":null,""bytes"":[34,34],""logprob"":-16.486652374267578,""rank"":6},{""token"":"" \""\"""",""token_id"":null,""bytes"":[32,34,34],""logprob"":-17.332462310791016,""rank"":7},{""token"":""\""\"":"",""token_id"":null,""bytes"":[34,34,58],""logprob"":-17.563003540039062,""rank"":8},{""token"":""':"",""token_id"":null,""bytes"":[39,58],""logprob"":-17.678428649902344,""rank"":9},{""token"":"" \"":"",""token_id"":null,""bytes"":[32,34,58],""logprob"":-18.161922454833984,""rank"":10}]"
instrument_validation,B,R7,424,ABCD,2,16," """"",,"[32,34,34]",-0.0031248226296156645,1,"[{""token"":"" \""\"""",""token_id"":null,""bytes"":[32,34,34],""logprob"":-0.0031248226296156645,""rank"":1},{""token"":"" \"""",""token_id"":null,""bytes"":[32,34],""logprob"":-6.100138187408447,""rank"":2},{""token"":"" null"",""token_id"":null,""bytes"":[32,110,117,108,108],""logprob"":-7.526052951812744,""rank"":3},{""token"":"" \""\"","",""token_id"":null,""bytes"":[32,34,34,44],""logprob"":-8.518841743469238,""rank"":4},{""token"":"" \""\\\"""",""token_id"":null,""bytes"":[32,34,92,34],""logprob"":-9.442099571228027,""rank"":5},{""token"":"" []"",""token_id"":null,""bytes"":[32,91,93],""logprob"":-11.80165958404541,""rank"":6},{""token"":"" \""\"";"",""token_id"":null,""bytes"":[32,34,34,59],""logprob"":-11.854388236999512,""rank"":7},{""token"":"" \""\"")"",""token_id"":null,""bytes"":[32,34,34,41],""logprob"":-12.193669319152832,""rank"":8},{""token"":"" \"":"",""token_id"":null,""bytes"":[32,34,58],""logprob"":-12.201075553894043,""rank"":9},{""token"":"" \""*\"""",""token_id"":null,""bytes"":[32,34,42,34],""logprob"":-13.012121200561523,""rank"":10}]"
instrument_validation,B,R7,424,ABCD,2,17,"
",,[10],-8.344653679159819e-07,1,"[{""token"":""\n"",""token_id"":null,""bytes"":[10],""logprob"":-8.344653679159819e-07,""rank"":1},{""token"":"""",""token_id"":null,""bytes"":[],""logprob"":-14.898009300231934,""rank"":2},{""token"":"" \n"",""token_id"":null,""bytes"":[32,10],""logprob"":-15.026812553405762,""rank"":3},{""token"":""\n\n"",""token_id"":null,""bytes"":[10,10],""logprob"":-15.510147094726562,""rank"":4},{""token"":""\n\n\n"",""token_id"":null,""bytes"":[10,10,10],""logprob"":-18.452171325683594,""rank"":5},{""token"":""\r\n"",""token_id"":null,""bytes"":[13,10],""logprob"":-18.60983657836914,""rank"":6},{""token"":"""",""token_id"":null,""bytes"":[],""logprob"":-18.63644027709961,""rank"":7},{""token"":"" //"",""token_id"":null,""bytes"":[32,47,47],""logprob"":-18.81763458251953,""rank"":8},{""token"":""\t\n"",""token_id"":null,""bytes"":[9,10],""logprob"":-19.102571487426758,""rank"":9},{""token"":""  \n"",""token_id"":null,""bytes"":[32,32,10],""logprob"":-19.350847244262695,""rank"":10}]"
instrument_validation,B,R7,424,ABCD,2,18,},,[125],-2.5033982637978625e-06,1,"[{""token"":""}"",""token_id"":null,""bytes"":[125],""logprob"":-2.5033982637978625e-06,""rank"":1},{""token"":""},"",""token_id"":null,""bytes"":[125,44],""logprob"":-13.412047386169434,""rank"":2},{""token"":""}\"""",""token_id"":null,""bytes"":[125,34],""logprob"":-14.420966148376465,""rank"":3},{""token"":""}'"",""token_id"":null,""bytes"":[125,39],""logprob"":-14.732012748718262,""rank"":4},{""token"":""}`"",""token_id"":null,""bytes"":[125,96],""logprob"":-16.944538116455078,""rank"":5},{""token"":"""",""token_id"":null,""bytes"":[],""logprob"":-17.07771873474121,""rank"":6},{""token"":""};"",""token_id"":null,""bytes"":[125,59],""logprob"":-17.29252052307129,""rank"":7},{""token"":"" }"",""token_id"":null,""bytes"":[32,125],""logprob"":-17.51074981689453,""rank"":8},{""token"":""]"",""token_id"":null,""bytes"":[93],""logprob"":-17.624441146850586,""rank"":9},{""token"":""}</"",""token_id"":null,""bytes"":[125,60,47],""logprob"":-17.889892578125,""rank"":10}]"
instrument_validation,C,K0,424,ABCD,3,1,{,,[123],-0.022347530350089073,1,"[{""token"":""{"",""token_id"":null,""bytes"":[123],""logprob"":-0.022347530350089073,""rank"":1},{""token"":""{\"""",""token_id"":null,""bytes"":[123,34],""logprob"":-4.103880882263184,""rank"":2},{""token"":""```"",""token_id"":null,""bytes"":[96,96,96],""logprob"":-5.384608268737793,""rank"":3},{""token"":""{\\\"""",""token_id"":null,""bytes"":[123,92,34],""logprob"":-9.20559310913086,""rank"":4},{""token"":""{}"",""token_id"":null,""bytes"":[123,125],""logprob"":-9.365748405456543,""rank"":5},{""token"":""{\\"",""token_id"":null,""bytes"":[123,92],""logprob"":-9.38434886932373,""rank"":6},{""token"":""\"""",""token_id"":null,""bytes"":[34],""logprob"":-9.560626029968262,""rank"":7},{""token"":""{'"",""token_id"":null,""bytes"":[123,39],""logprob"":-9.563183784484863,""rank"":8},{""token"":""\""{"",""token_id"":null,""bytes"":[34,123],""logprob"":-9.581123352050781,""rank"":9},{""token"":""{j"",""token_id"":null,""bytes"":[123,106],""logprob"":-9.85186767578125,""rank"":10}]"
instrument_validation,C,K0,424,ABCD,3,2,"
",,[10],-0.0010407617082819343,1,"[{""token"":""\n"",""token_id"":null,""bytes"":[10],""logprob"":-0.0010407617082819343,""rank"":1},{""token"":"" \"""",""token_id"":null,""bytes"":[32,34],""logprob"":-7.071502208709717,""rank"":2},{""token"":""mode"",""token_id"":null,""bytes"":[109,111,100,101],""logprob"":-8.883734703063965,""rank"":3},{""token"":"" "",""token_id"":null,""bytes"":[32],""logprob"":-10.773819923400879,""rank"":4},{""token"":"" \n"",""token_id"":null,""bytes"":[32,10],""logprob"":-11.489826202392578,""rank"":5},{""token"":"" mode"",""token_id"":null,""bytes"":[32,109,111,100,101],""logprob"":-12.151412963867188,""rank"":6},{""token"":""  \n"",""token_id"":null,""bytes"":[32,32,10],""logprob"":-12.230362892150879,""rank"":7},{""token"":""\r\n"",""token_id"":null,""bytes"":[13,10],""logprob"":-13.607529640197754,""rank"":8},{""token"":""“"",""token_id"":null,""bytes"":[226,128,156],""logprob"":-14.075776100158691,""rank"":9},{""token"":""(\"""",""token_id"":null,""bytes"":[40,34],""logprob"":-14.391439437866211,""rank"":10}]"
instrument_validation,C,K0,424,ABCD,3,3, ,,[32],-0.00021775947243440896,1,"[{""token"":"" "",""token_id"":null,""bytes"":[32],""logprob"":-0.00021775947243440896,""rank"":1},{""token"":""\"""",""token_id"":null,""bytes"":[34],""logprob"":-9.088756561279297,""rank"":2},{""token"":"" \"""",""token_id"":null,""bytes"":[32,34],""logprob"":-9.261333465576172,""rank"":3},{""token"":""\""text"",""token_id"":null,""bytes"":[34,116,101,120,116],""logprob"":-13.031827926635742,""rank"":4},{""token"":""  \n"",""token_id"":null,""bytes"":[32,32,10],""logprob"":-13.105371475219727,""rank"":5},{""token"":""\""type"",""token_id"":null,""bytes"":[34,116,121,112,101],""logprob"":-13.343097686767578,""rank"":6},{""token"":""   "",""token_id"":null,""bytes"":[32,32,32],""logprob"":-13.5609712600708,""rank"":7},{""token"":""\t"",""token_id"":null,""bytes"":[9],""logprob"":-13.680267333984375,""rank"":8},{""token"":""\""c"",""token_id"":null,""bytes"":[34,99],""logprob"":-15.041730880737305,""rank"":9},{""token"":""     "",""token_id"":null,""bytes"":[32,32,32,32,32],""logprob"":-15.402347564697266,""rank"":10}]"
instrument_validation,C,K0,424,ABCD,3,4," """,,"[32,34]",-3.218656047465629e-06,1,"[{""token"":"" \"""",""token_id"":null,""bytes"":[32,34],""logprob"":-3.218656047465629e-06,""rank"":1},{""token"":"" \""_"",""token_id"":null,""bytes"":[32,34,95],""logprob"":-13.295794486999512,""rank"":2},{""token"":"" \""\\\"""",""token_id"":null,""bytes"":[32,34,92,34],""logprob"":-14.324239730834961,""rank"":3},{""token"":"" mode"",""token_id"":null,""bytes"":[32,109,111,100,101],""logprob"":-15.079508781433105,""rank"":4},{""token"":"" \""__"",""token_id"":null,""bytes"":[32,34,95,95],""logprob"":-15.397425651550293,""rank"":5},{""token"":"" \""\\"",""token_id"":null,""bytes"":[32,34,92],""logprob"":-15.581576347351074,""rank"":6},{""token"":"" \""["",""token_id"":null,""bytes"":[32,34,91],""logprob"":-16.01211166381836,""rank"":7},{""token"":"" \""<"",""token_id"":null,""bytes"":[32,34,60],""logprob"":-16.039506912231445,""rank"":8},{""token"":"" \""..."",""token_id"":null,""bytes"":[32,34,46,46,46],""logprob"":-16.570999145507812,""rank"":9},{""token"":"" \\\"""",""token_id"":null,""bytes"":[32,92,34],""logprob"":-16.77471351623535,""rank"":10}]"
instrument_validation,C,K0,424,ABCD,3,5,mode,,"[109,111,100,101]",-0.00011695115244947374,1,"[{""token"":""mode"",""token_id"":null,""bytes"":[109,111,100,101],""logprob"":-0.00011695115244947374,""rank"":1},{""token"":""texte"",""token_id"":null,""bytes"":[116,101,120,116,101],""logprob"":-9.467223167419434,""rank"":2},{""token"":""\tmode"",""token_id"":null,""bytes"":[9,109,111,100,101],""logprob"":-12.454880714416504,""rank"":3},{""token"":""message"",""token_id"":null,""bytes"":[109,101,115,115,97,103,101],""logprob"":-12.663521766662598,""rank"":4},{""token"":""type"",""token_id"":null,""bytes"":[116,121,112,101],""logprob"":-12.774247169494629,""rank"":5},{""token"":""text"",""token_id"":null,""bytes"":[116,101,120,116],""logprob"":-13.038310050964355,""rank"":6},{""token"":""modes"",""token_id"":null,""bytes"":[109,111,100,101,115],""logprob"":-13.055916786193848,""rank"":7},{""token"":"".mode"",""token_id"":null,""bytes"":[46,109,111,100,101],""logprob"":-13.104939460754395,""rank"":8},{""token"":""modele"",""token_id"":null,""bytes"":[109,111,100,101,108,101],""logprob"":-13.266457557678223,""rank"":9},{""token"":""code"",""token_id"":null,""bytes"":[99,111,100,101],""logprob"":-13.34420108795166,""rank"":10}]"
instrument_validation,C,K0,424,ABCD,3,6,""":",,"[34,58]",-5.722062269342132e-06,1,"[{""token"":""\"":"",""token_id"":null,""bytes"":[34,58],""logprob"":-5.722062269342132e-06,""rank"":1},{""token"":""\"":\"""",""token_id"":null,""bytes"":[34,58,34],""logprob"":-12.455028533935547,""rank"":2},{""token"":""\"""",""token_id"":null,""bytes"":[34],""logprob"":-14.045772552490234,""rank"":3},{""token"":""\"","",""token_id"":null,""bytes"":[34,44],""logprob"":-14.704669952392578,""rank"":4},{""token"":""':"",""token_id"":null,""bytes"":[39,58],""logprob"":-15.434219360351562,""rank"":5},{""token"":""\\\"":"",""token_id"":null,""bytes"":[92,34,58],""logprob"":-15.6852388381958,""rank"":6},{""token"":"" parole"",""token_id"":null,""bytes"":[32,112,97,114,111,108,101],""logprob"":-16.20048713684082,""rank"":7},{""token"":""**:"",""token_id"":null,""bytes"":[42,42,58],""logprob"":-16.584470748901367,""rank"":8},{""token"":"" \"":"",""token_id"":null,""bytes"":[32,34,58],""logprob"":-17.2637882232666,""rank"":9},{""token"":""\""):"",""token_id"":null,""bytes"":[34,41,58],""logprob"":-17.564666748046875,""rank"":10}]"
instrument_validation,C,K0,424,ABCD,3,7," """,,"[32,34]",-6.580569606740028e-05,1,"[{""token"":"" \"""",""token_id"":null,""bytes"":[32,34],""logprob"":-6.580569606740028e-05,""rank"":1},{""token"":"" \""\"","",""token_id"":null,""bytes"":[32,34,34,44],""logprob"":-11.462050437927246,""rank"":2},{""token"":"" \""..."",""token_id"":null,""bytes"":[32,34,46,46,46],""logprob"":-11.589383125305176,""rank"":3},{""token"":"" parole"",""token_id"":null,""bytes"":[32,112,97,114,111,108,101],""logprob"":-11.91740894317627,""rank"":4},{""token"":"" \""\"""",""token_id"":null,""bytes"":[32,34,34],""logprob"":-12.049454689025879,""rank"":5},{""token"":"" \""\\\"""",""token_id"":null,""bytes"":[32,34,92,34],""logprob"":-12.176072120666504,""rank"":6},{""token"":"" \""\\"",""token_id"":null,""bytes"":[32,34,92],""logprob"":-12.242812156677246,""rank"":7},{""token"":"" \""'"",""token_id"":null,""bytes"":[32,34,39],""logprob"":-12.505087852478027,""rank"":8},{""token"":"" silence"",""token_id"":null,""bytes"":[32,115,105,108,101,110,99,101],""logprob"":-12.663191795349121,""rank"":9},{""token"":"" [\"""",""token_id"":null,""bytes"":[32,91,34],""logprob"":-12.878005027770996,""rank"":10}]"
instrument_validation,C,K0,424,ABCD,3,8,sil,,"[115,105,108]",-0.6199643015861511,1,"[{""token"":""sil"",""token_id"":null,""bytes"":[115,105,108],""logprob"":-0.6199643015861511,""rank"":1},{""token"":""parole"",""token_id"":null,""bytes"":[112,97,114,111,108,101],""logprob"":-0.7807443141937256,""rank"":2},{""token"":""par"",""token_id"":null,""bytes"":[112,97,114],""logprob"":-7.385531902313232,""rank"":3},{""token"":"" parole"",""token_id"":null,""bytes"":[32,112,97,114,111,108,101],""logprob"":-8.325679779052734,""rank"":4},{""token"":""pare"",""token_id"":null,""bytes"":[112,97,114,101],""logprob"":-8.352705001831055,""rank"":5},{""token"":""s"",""token_id"":null,""bytes"":[115],""logprob"":-8.371803283691406,""rank"":6},{""token"":""il"",""token_id"":null,""bytes"":[105,108],""logprob"":-8.694746017456055,""rank"":7},{""token"":""silent"",""token_id"":null,""bytes"":[115,105,108,101,110,116],""logprob"":-8.703237533569336,""rank"":8},{""token"":"" Silence"",""token_id"":null,""bytes"":[32,83,105,108,101,110,99,101],""logprob"":-9.31553840637207,""rank"":9},{""token"":""ver"",""token_id"":null,""bytes"":[118,101,114],""logprob"":-9.44383430480957,""rank"":10}]"
instrument_validation,C,K0,424,ABCD,3,9,ence,,"[101,110,99,101]",-9.775209946383256e-06,1,"[{""token"":""ence"",""token_id"":null,""bytes"":[101,110,99,101],""logprob"":-9.775209946383256e-06,""rank"":1},{""token"":""ience"",""token_id"":null,""bytes"":[105,101,110,99,101],""logprob"":-11.912710189819336,""rank"":2},{""token"":""ance"",""token_id"":null,""bytes"":[97,110,99,101],""logprob"":-12.932533264160156,""rank"":3},{""token"":""enc"",""token_id"":null,""bytes"":[101,110,99],""logprob"":-15.216045379638672,""rank"":4},{""token"":""\"","",""token_id"":null,""bytes"":[34,44],""logprob"":-16.03968620300293,""rank"":5},{""token"":""ences"",""token_id"":null,""bytes"":[101,110,99,101,115],""logprob"":-16.05914878845215,""rank"":6},{""token"":""ense"",""token_id"":null,""bytes"":[101,110,115,101],""logprob"":-16.32276725769043,""rank"":7},{""token"":""ène"",""token_id"":null,""bytes"":[195,168,110,101],""logprob"":-16.33088493347168,""rank"":8},{""token"":""ince"",""token_id"":null,""bytes"":[105,110,99,101],""logprob"":-16.661741256713867,""rank"":9},{""token"":""enced"",""token_id"":null,""bytes"":[101,110,99,101,100],""logprob"":-16.82032585144043,""rank"":10}]"
instrument_validation,C,K0,424,ABCD,3,10,""",",,"[34,44]",-0.10642677545547485,1,"[{""token"":""\"","",""token_id"":null,""bytes"":[34,44],""logprob"":-0.10642677545547485,""rank"":1},{""token"":""\"""",""token_id"":null,""bytes"":[34],""logprob"":-2.293093204498291,""rank"":2},{""token"":""\n"",""token_id"":null,""bytes"":[10],""logprob"":-13.433211326599121,""rank"":3},{""token"":""\""."",""token_id"":null,""bytes"":[34,46],""logprob"":-13.752901077270508,""rank"":4},{""token"":""\\\"","",""token_id"":null,""bytes"":[92,34,44],""logprob"":-14.33447265625,""rank"":5},{""token"":""',"",""token_id"":null,""bytes"":[39,44],""logprob"":-14.360281944274902,""rank"":6},{""token"":"" \"","",""token_id"":null,""bytes"":[32,34,44],""logprob"":-14.874029159545898,""rank"":7},{""token"":""\""}"",""token_id"":null,""bytes"":[34,125],""logprob"":-15.420639991760254,""rank"":8},{""token"":""\""،"",""token_id"":null,""bytes"":[34,216,140],""logprob"":-15.461689949035645,""rank"":9},{""token"":""'"",""token_id"":null,""bytes"":[39],""logprob"":-15.488754272460938,""rank"":10}]"
instrument_validation,C,K0,424,ABCD,3,11,"
",,[10],-3.337865791763761e-06,1,"[{""token"":""\n"",""token_id"":null,""bytes"":[10],""logprob"":-3.337865791763761e-06,""rank"":1},{""token"":"" \n"",""token_id"":null,""bytes"":[32,10],""logprob"":-13.107783317565918,""rank"":2},{""token"":"""",""token_id"":null,""bytes"":[],""logprob"":-14.255763053894043,""rank"":3},{""token"":""\n\n"",""token_id"":null,""bytes"":[10,10],""logprob"":-14.601638793945312,""rank"":4},{""token"":"" \"""",""token_id"":null,""bytes"":[32,34],""logprob"":-15.553372383117676,""rank"":5},{""token"":""\r\n"",""token_id"":null,""bytes"":[13,10],""logprob"":-15.717998504638672,""rank"":6},{""token"":""  \n"",""token_id"":null,""bytes"":[32,32,10],""logprob"":-17.250919342041016,""rank"":7},{""token"":"" \""\"""",""token_id"":null,""bytes"":[32,34,34],""logprob"":-18.689069747924805,""rank"":8},{""token"":"" //"",""token_id"":null,""bytes"":[32,47,47],""logprob"":-19.13735580444336,""rank"":9},{""token"":""\t\n"",""token_id"":null,""bytes"":[9,10],""logprob"":-19.39875602722168,""rank"":10}]"
instrument_validation,C,K0,424,ABCD,3,12, ,,[32],-4.768372718899627e-07,1,"[{""token"":"" "",""token_id"":null,""bytes"":[32],""logprob"":-4.768372718899627e-07,""rank"":1},{""token"":"" \"""",""token_id"":null,""bytes"":[32,34],""logprob"":-14.94283676147461,""rank"":2},{""token"":""  \n"",""token_id"":null,""bytes"":[32,32,10],""logprob"":-16.096988677978516,""rank"":3},{""token"":"" texte"",""token_id"":null,""bytes"":[32,116,101,120,116,101],""logprob"":-17.702526092529297,""rank"":4},{""token"":""\"":"",""token_id"":null,""bytes"":[34,58],""logprob"":-18.022602081298828,""rank"":5},{""token"":""   "",""token_id"":null,""bytes"":[32,32,32],""logprob"":-18.22530746459961,""rank"":6},{""token"":""\"""",""token_id"":null,""bytes"":[34],""logprob"":-18.692485809326172,""rank"":7},{""token"":""  "",""token_id"":null,""bytes"":[32,32],""logprob"":-18.783313751220703,""rank"":8},{""token"":""\t"",""token_id"":null,""bytes"":[9],""logprob"":-18.91851806640625,""rank"":9},{""token"":"""",""token_id"":null,""bytes"":[],""logprob"":-19.315269470214844,""rank"":10}]"
instrument_validation,C,K0,424,ABCD,3,13," """,,"[32,34]",-1.3113030945532955e-06,1,"[{""token"":"" \"""",""token_id"":null,""bytes"":[32,34],""logprob"":-1.3113030945532955e-06,""rank"":1},{""token"":"" \""\"""",""token_id"":null,""bytes"":[32,34,34],""logprob"":-13.740971565246582,""rank"":2},{""token"":"" \""\\\"""",""token_id"":null,""bytes"":[32,34,92,34],""logprob"":-16.369064331054688,""rank"":3},{""token"":"" \""."",""token_id"":null,""bytes"":[32,34,46],""logprob"":-16.59925079345703,""rank"":4},{""token"":"" \""_"",""token_id"":null,""bytes"":[32,34,95],""logprob"":-16.92404556274414,""rank"":5},{""token"":"" \""<"",""token_id"":null,""bytes"":[32,34,60],""logprob"":-17.27499008178711,""rank"":6},{""token"":"" \\\"""",""token_id"":null,""bytes"":[32,92,34],""logprob"":-17.641260147094727,""rank"":7},{""token"":"" \""\\"",""token_id"":null,""bytes"":[32,34,92],""logprob"":-17.741228103637695,""rank"":8},{""token"":"" \""..."",""token_id"":null,""bytes"":[32,34,46,46,46],""logprob"":-17.746110916137695,""rank"":9},{""token"":"" \""'"",""token_id"":null,""bytes"":[32,34,39],""logprob"":-17.932268142700195,""rank"":10}]"
instrument_validation,C,K0,424,ABCD,3,14,texte,,"[116,101,120,116,101]",-0.000701315701007843,1,"[{""token"":""texte"",""token_id"":null,""bytes"":[116,101,120,116,101],""logprob"":-0.000701315701007843,""rank"":1},{""token"":""texto"",""token_id"":null,""bytes"":[116,101,120,116,111],""logprob"":-7.710988521575928,""rank"":2},{""token"":"" texte"",""token_id"":null,""bytes"":[32,116,101,120,116,101],""logprob"":-9.253518104553223,""rank"":3},{""token"":""texture"",""token_id"":null,""bytes"":[116,101,120,116,117,114,101],""logprob"":-10.663298606872559,""rank"":4},{""token"":""text"",""token_id"":null,""bytes"":[116,101,120,116],""logprob"":-10.913947105407715,""rank"":5},{""token"":""liste"",""token_id"":null,""bytes"":[108,105,115,116,101],""logprob"":-11.08092212677002,""rank"":6},{""token"":""teste"",""token_id"":null,""bytes"":[116,101,115,116,101],""logprob"":-11.324700355529785,""rank"":7},{""token"":""textContent"",""token_id"":null,""bytes"":[116,101,120,116,67,111,110,116,101,110,116],""logprob"":-11.402945518493652,""rank"":8},{""token"":""reste"",""token_id"":null,""bytes"":[114,101,115,116,101],""logprob"":-11.492579460144043,""rank"":9},{""token"":""texts"",""token_id"":null,""bytes"":[116,101,120,116,115],""logprob"":-12.064157485961914,""rank"":10}]"
instrument_validation,C,K0,424,ABCD,3,15,""":",,"[34,58]",-1.025205165205989e-05,1,"[{""token"":""\"":"",""token_id"":null,""bytes"":[34,58],""logprob"":-1.025205165205989e-05,""rank"":1},{""token"":""\"""",""token_id"":null,""bytes"":[34],""logprob"":-11.64643383026123,""rank"":2},{""token"":""\"":\""\"""",""token_id"":null,""bytes"":[34,58,34,34],""logprob"":-13.708300590515137,""rank"":3},{""token"":""\\\"":"",""token_id"":null,""bytes"":[92,34,58],""logprob"":-15.41968059539795,""rank"":4},{""token"":""\"":\"""",""token_id"":null,""bytes"":[34,58,34],""logprob"":-16.462614059448242,""rank"":5},{""token"":""\""\"""",""token_id"":null,""bytes"":[34,34],""logprob"":-16.53469467163086,""rank"":6},{""token"":"" \""\"""",""token_id"":null,""bytes"":[32,34,34],""logprob"":-17.336502075195312,""rank"":7},{""token"":""\""\"":"",""token_id"":null,""bytes"":[34,34,58],""logprob"":-17.662321090698242,""rank"":8},{""token"":""':"",""token_id"":null,""bytes"":[39,58],""logprob"":-17.828018188476562,""rank"":9},{""token"":"" \"":"",""token_id"":null,""bytes"":[32,34,58],""logprob"":-18.205772399902344,""rank"":10}]"
instrument_validation,C,K0,424,ABCD,3,16," """"",,"[32,34,34]",-0.0032841789070516825,1,"[{""token"":"" \""\"""",""token_id"":null,""bytes"":[32,34,34],""logprob"":-0.0032841789070516825,""rank"":1},{""token"":"" \"""",""token_id"":null,""bytes"":[32,34],""logprob"":-6.025295257568359,""rank"":2},{""token"":"" null"",""token_id"":null,""bytes"":[32,110,117,108,108],""logprob"":-7.520589351654053,""rank"":3},{""token"":"" \""\"","",""token_id"":null,""bytes"":[32,34,34,44],""logprob"":-8.617876052856445,""rank"":4},{""token"":"" \""\\\"""",""token_id"":null,""bytes"":[32,34,92,34],""logprob"":-9.446208953857422,""rank"":5},{""token"":"" []"",""token_id"":null,""bytes"":[32,91,93],""logprob"":-11.816221237182617,""rank"":6},{""token"":"" \""\"";"",""token_id"":null,""bytes"":[32,34,34,59],""logprob"":-11.869340896606445,""rank"":7},{""token"":"" \"":"",""token_id"":null,""bytes"":[32,34,58],""logprob"":-12.094524383544922,""rank"":8},{""token"":"" \""\"")"",""token_id"":null,""bytes"":[32,34,34,41],""logprob"":-12.238908767700195,""rank"":9},{""token"":"" \""*\"""",""token_id"":null,""bytes"":[32,34,42,34],""logprob"":-13.078939437866211,""rank"":10}]"
instrument_validation,C,K0,424,ABCD,3,17,"
",,[10],-8.344653679159819e-07,1,"[{""token"":""\n"",""token_id"":null,""bytes"":[10],""logprob"":-8.344653679159819e-07,""rank"":1},{""token"":"""",""token_id"":null,""bytes"":[],""logprob"":-14.832995414733887,""rank"":2},{""token"":"" \n"",""token_id"":null,""bytes"":[32,10],""logprob"":-15.189888954162598,""rank"":3},{""token"":""\n\n"",""token_id"":null,""bytes"":[10,10],""logprob"":-15.416543006896973,""rank"":4},{""token"":""\n\n\n"",""token_id"":null,""bytes"":[10,10,10],""logprob"":-18.386173248291016,""rank"":5},{""token"":"""",""token_id"":null,""bytes"":[],""logprob"":-18.612646102905273,""rank"":6},{""token"":""\r\n"",""token_id"":null,""bytes"":[13,10],""logprob"":-18.677608489990234,""rank"":7},{""token"":"" //"",""token_id"":null,""bytes"":[32,47,47],""logprob"":-18.968183517456055,""rank"":8},{""token"":""\t\n"",""token_id"":null,""bytes"":[9,10],""logprob"":-19.17608070373535,""rank"":9},{""token"":""  \n"",""token_id"":null,""bytes"":[32,32,10],""logprob"":-19.481338500976562,""rank"":10}]"
instrument_validation,C,K0,424,ABCD,3,18,},,[125],-2.3841887468734058e-06,1,"[{""token"":""}"",""token_id"":null,""bytes"":[125],""logprob"":-2.3841887468734058e-06,""rank"":1},{""token"":""},"",""token_id"":null,""bytes"":[125,44],""logprob"":-13.398757934570312,""rank"":2},{""token"":""}\"""",""token_id"":null,""bytes"":[125,34],""logprob"":-14.608040809631348,""rank"":3},{""token"":""}'"",""token_id"":null,""bytes"":[125,39],""logprob"":-14.80576229095459,""rank"":4},{""token"":""}`"",""token_id"":null,""bytes"":[125,96],""logprob"":-16.94948387145996,""rank"":5},{""token"":"""",""token_id"":null,""bytes"":[],""logprob"":-17.215120315551758,""rank"":6},{""token"":""};"",""token_id"":null,""bytes"":[125,59],""logprob"":-17.38937759399414,""rank"":7},{""token"":"" }"",""token_id"":null,""bytes"":[32,125],""logprob"":-17.54527473449707,""rank"":8},{""token"":""]"",""token_id"":null,""bytes"":[93],""logprob"":-17.704071044921875,""rank"":9},{""token"":""}</"",""token_id"":null,""bytes"":[125,60,47],""logprob"":-17.941545486450195,""rank"":10}]"
instrument_validation,D,K7,424,ABCD,4,1,{,,[123],-0.019648456946015358,1,"[{""token"":""{"",""token_id"":null,""bytes"":[123],""logprob"":-0.019648456946015358,""rank"":1},{""token"":""{\"""",""token_id"":null,""bytes"":[123,34],""logprob"":-4.364804267883301,""rank"":2},{""token"":""```"",""token_id"":null,""bytes"":[96,96,96],""logprob"":-5.162684440612793,""rank"":3},{""token"":""{\\"",""token_id"":null,""bytes"":[123,92],""logprob"":-9.366595268249512,""rank"":4},{""token"":""{'"",""token_id"":null,""bytes"":[123,39],""logprob"":-9.472453117370605,""rank"":5},{""token"":""{}"",""token_id"":null,""bytes"":[123,125],""logprob"":-9.494473457336426,""rank"":6},{""token"":""{\\\"""",""token_id"":null,""bytes"":[123,92,34],""logprob"":-9.505270957946777,""rank"":7},{""token"":""\""{"",""token_id"":null,""bytes"":[34,123],""logprob"":-9.792084693908691,""rank"":8},{""token"":""Non"",""token_id"":null,""bytes"":[78,111,110],""logprob"":-9.808493614196777,""rank"":9},{""token"":""\"""",""token_id"":null,""bytes"":[34],""logprob"":-9.881277084350586,""rank"":10}]"
instrument_validation,D,K7,424,ABCD,4,2,"
",,[10],-0.001262209378182888,1,"[{""token"":""\n"",""token_id"":null,""bytes"":[10],""logprob"":-0.001262209378182888,""rank"":1},{""token"":"" \"""",""token_id"":null,""bytes"":[32,34],""logprob"":-6.884255886077881,""rank"":2},{""token"":""mode"",""token_id"":null,""bytes"":[109,111,100,101],""logprob"":-8.65310287475586,""rank"":3},{""token"":"" "",""token_id"":null,""bytes"":[32],""logprob"":-10.568531036376953,""rank"":4},{""token"":"" \n"",""token_id"":null,""bytes"":[32,10],""logprob"":-11.43088150024414,""rank"":5},{""token"":"" mode"",""token_id"":null,""bytes"":[32,109,111,100,101],""logprob"":-11.952136993408203,""rank"":6},{""token"":""  \n"",""token_id"":null,""bytes"":[32,32,10],""logprob"":-12.063013076782227,""rank"":7},{""token"":""\r\n"",""token_id"":null,""bytes"":[13,10],""logprob"":-13.566338539123535,""rank"":8},{""token"":""“"",""token_id"":null,""bytes"":[226,128,156],""logprob"":-13.866504669189453,""rank"":9},{""token"":""(\"""",""token_id"":null,""bytes"":[40,34],""logprob"":-14.13412857055664,""rank"":10}]"
instrument_validation,D,K7,424,ABCD,4,3, ,,[32],-0.0002571078948676586,1,"[{""token"":"" "",""token_id"":null,""bytes"":[32],""logprob"":-0.0002571078948676586,""rank"":1},{""token"":""\"""",""token_id"":null,""bytes"":[34],""logprob"":-8.83296012878418,""rank"":2},{""token"":"" \"""",""token_id"":null,""bytes"":[32,34],""logprob"":-9.205730438232422,""rank"":3},{""token"":""\""text"",""token_id"":null,""bytes"":[34,116,101,120,116],""logprob"":-13.042868614196777,""rank"":4},{""token"":""  \n"",""token_id"":null,""bytes"":[32,32,10],""logprob"":-13.055774688720703,""rank"":5},{""token"":""\""type"",""token_id"":null,""bytes"":[34,116,121,112,101],""logprob"":-13.175363540649414,""rank"":6},{""token"":""   "",""token_id"":null,""bytes"":[32,32,32],""logprob"":-13.369407653808594,""rank"":7},{""token"":""\t"",""token_id"":null,""bytes"":[9],""logprob"":-13.624162673950195,""rank"":8},{""token"":""\""c"",""token_id"":null,""bytes"":[34,99],""logprob"":-14.893842697143555,""rank"":9},{""token"":""     "",""token_id"":null,""bytes"":[32,32,32,32,32],""logprob"":-15.342988967895508,""rank"":10}]"
instrument_validation,D,K7,424,ABCD,4,4," """,,"[32,34]",-5.1260126383567695e-06,1,"[{""token"":"" \"""",""token_id"":null,""bytes"":[32,34],""logprob"":-5.1260126383567695e-06,""rank"":1},{""token"":"" \""_"",""token_id"":null,""bytes"":[32,34,95],""logprob"":-12.858902931213379,""rank"":2},{""token"":"" \""\\\"""",""token_id"":null,""bytes"":[32,34,92,34],""logprob"":-13.873766899108887,""rank"":3},{""token"":"" mode"",""token_id"":null,""bytes"":[32,109,111,100,101],""logprob"":-14.700273513793945,""rank"":4},{""token"":"" \""__"",""token_id"":null,""bytes"":[32,34,95,95],""logprob"":-15.031352996826172,""rank"":5},{""token"":"" \""\\"",""token_id"":null,""bytes"":[32,34,92],""logprob"":-15.264193534851074,""rank"":6},{""token"":"" \""["",""token_id"":null,""bytes"":[32,34,91],""logprob"":-15.620293617248535,""rank"":7},{""token"":"" \""<"",""token_id"":null,""bytes"":[32,34,60],""logprob"":-15.895415306091309,""rank"":8},{""token"":"" \""..."",""token_id"":null,""bytes"":[32,34,46,46,46],""logprob"":-16.117229461669922,""rank"":9},{""token"":"" \\\"""",""token_id"":null,""bytes"":[32,92,34],""logprob"":-16.221529006958008,""rank"":10}]"
instrument_validation,D,K7,424,ABCD,4,5,mode,,"[109,111,100,101]",-0.00010383668268332258,1,"[{""token"":""mode"",""token_id"":null,""bytes"":[109,111,100,101],""logprob"":-0.00010383668268332258,""rank"":1},{""token"":""texte"",""token_id"":null,""bytes"":[116,101,120,116,101],""logprob"":-9.640795707702637,""rank"":2},{""token"":""\tmode"",""token_id"":null,""bytes"":[9,109,111,100,101],""logprob"":-12.447422981262207,""rank"":3},{""token"":""message"",""token_id"":null,""bytes"":[109,101,115,115,97,103,101],""logprob"":-12.718585014343262,""rank"":4},{""token"":""type"",""token_id"":null,""bytes"":[116,121,112,101],""logprob"":-12.868250846862793,""rank"":5},{""token"":""modes"",""token_id"":null,""bytes"":[109,111,100,101,115],""logprob"":-13.078417778015137,""rank"":6},{""token"":""text"",""token_id"":null,""bytes"":[116,101,120,116],""logprob"":-13.099413871765137,""rank"":7},{""token"":"".mode"",""token_id"":null,""bytes"":[46,109,111,100,101],""logprob"":-13.143644332885742,""rank"":8},{""token"":""sil"",""token_id"":null,""bytes"":[115,105,108],""logprob"":-13.317655563354492,""rank"":9},{""token"":""modele"",""token_id"":null,""bytes"":[109,111,100,101,108,101],""logprob"":-13.381434440612793,""rank"":10}]"
instrument_validation,D,K7,424,ABCD,4,6,""":",,"[34,58]",-5.960482212685747e-06,1,"[{""token"":""\"":"",""token_id"":null,""bytes"":[34,58],""logprob"":-5.960482212685747e-06,""rank"":1},{""token"":""\"":\"""",""token_id"":null,""bytes"":[34,58,34],""logprob"":-12.444189071655273,""rank"":2},{""token"":""\"""",""token_id"":null,""bytes"":[34],""logprob"":-13.91639518737793,""rank"":3},{""token"":""\"","",""token_id"":null,""bytes"":[34,44],""logprob"":-14.644887924194336,""rank"":4},{""token"":""':"",""token_id"":null,""bytes"":[39,58],""logprob"":-15.362749099731445,""rank"":5},{""token"":""\\\"":"",""token_id"":null,""bytes"":[92,34,58],""logprob"":-15.55712890625,""rank"":6},{""token"":"" parole"",""token_id"":null,""bytes"":[32,112,97,114,111,108,101],""logprob"":-16.164949417114258,""rank"":7},{""token"":""**:"",""token_id"":null,""bytes"":[42,42,58],""logprob"":-16.489091873168945,""rank"":8},{""token"":"" \"":"",""token_id"":null,""bytes"":[32,34,58],""logprob"":-17.01500701904297,""rank"":9},{""token"":""\""):"",""token_id"":null,""bytes"":[34,41,58],""logprob"":-17.60111427307129,""rank"":10}]"
instrument_validation,D,K7,424,ABCD,4,7," """,,"[32,34]",-7.009752152953297e-05,1,"[{""token"":"" \"""",""token_id"":null,""bytes"":[32,34],""logprob"":-7.009752152953297e-05,""rank"":1},{""token"":"" \""\"","",""token_id"":null,""bytes"":[32,34,34,44],""logprob"":-11.385831832885742,""rank"":2},{""token"":"" \""..."",""token_id"":null,""bytes"":[32,34,46,46,46],""logprob"":-11.577933311462402,""rank"":3},{""token"":"" parole"",""token_id"":null,""bytes"":[32,112,97,114,111,108,101],""logprob"":-11.88742446899414,""rank"":4},{""token"":"" \""\"""",""token_id"":null,""bytes"":[32,34,34],""logprob"":-12.021692276000977,""rank"":5},{""token"":"" \""\\\"""",""token_id"":null,""bytes"":[32,34,92,34],""logprob"":-12.14454460144043,""rank"":6},{""token"":"" \""\\"",""token_id"":null,""bytes"":[32,34,92],""logprob"":-12.16492748260498,""rank"":7},{""token"":"" silence"",""token_id"":null,""bytes"":[32,115,105,108,101,110,99,101],""logprob"":-12.451881408691406,""rank"":8},{""token"":"" \""'"",""token_id"":null,""bytes"":[32,34,39],""logprob"":-12.453731536865234,""rank"":9},{""token"":"" [\"""",""token_id"":null,""bytes"":[32,91,34],""logprob"":-12.780323028564453,""rank"":10}]"
instrument_validation,D,K7,424,ABCD,4,8,sil,,"[115,105,108]",-0.5934948325157166,1,"[{""token"":""sil"",""token_id"":null,""bytes"":[115,105,108],""logprob"":-0.5934948325157166,""rank"":1},{""token"":""parole"",""token_id"":null,""bytes"":[112,97,114,111,108,101],""logprob"":-0.8133338689804077,""rank"":2},{""token"":""par"",""token_id"":null,""bytes"":[112,97,114],""logprob"":-7.302597522735596,""rank"":3},{""token"":""pare"",""token_id"":null,""bytes"":[112,97,114,101],""logprob"":-8.257190704345703,""rank"":4},{""token"":""s"",""token_id"":null,""bytes"":[115],""logprob"":-8.34564208984375,""rank"":5},{""token"":"" parole"",""token_id"":null,""bytes"":[32,112,97,114,111,108,101],""logprob"":-8.380970001220703,""rank"":6},{""token"":""silent"",""token_id"":null,""bytes"":[115,105,108,101,110,116],""logprob"":-8.630544662475586,""rank"":7},{""token"":""il"",""token_id"":null,""bytes"":[105,108],""logprob"":-8.643259048461914,""rank"":8},{""token"":"" Silence"",""token_id"":null,""bytes"":[32,83,105,108,101,110,99,101],""logprob"":-9.334901809692383,""rank"":9},{""token"":""ver"",""token_id"":null,""bytes"":[118,101,114],""logprob"":-9.407228469848633,""rank"":10}]"
instrument_validation,D,K7,424,ABCD,4,9,ence,,"[101,110,99,101]",-9.775209946383256e-06,1,"[{""token"":""ence"",""token_id"":null,""bytes"":[101,110,99,101],""logprob"":-9.775209946383256e-06,""rank"":1},{""token"":""ience"",""token_id"":null,""bytes"":[105,101,110,99,101],""logprob"":-11.974973678588867,""rank"":2},{""token"":""ance"",""token_id"":null,""bytes"":[97,110,99,101],""logprob"":-12.842367172241211,""rank"":3},{""token"":""enc"",""token_id"":null,""bytes"":[101,110,99],""logprob"":-15.266870498657227,""rank"":4},{""token"":""ences"",""token_id"":null,""bytes"":[101,110,99,101,115],""logprob"":-16.035558700561523,""rank"":5},{""token"":""\"","",""token_id"":null,""bytes"":[34,44],""logprob"":-16.113271713256836,""rank"":6},{""token"":""ène"",""token_id"":null,""bytes"":[195,168,110,101],""logprob"":-16.271135330200195,""rank"":7},{""token"":""ense"",""token_id"":null,""bytes"":[101,110,115,101],""logprob"":-16.435754776000977,""rank"":8},{""token"":""ince"",""token_id"":null,""bytes"":[105,110,99,101],""logprob"":-16.594709396362305,""rank"":9},{""token"":""enced"",""token_id"":null,""bytes"":[101,110,99,101,100],""logprob"":-16.807905197143555,""rank"":10}]"
instrument_validation,D,K7,424,ABCD,4,10,""",",,"[34,44]",-0.11132138222455978,1,"[{""token"":""\"","",""token_id"":null,""bytes"":[34,44],""logprob"":-0.11132138222455978,""rank"":1},{""token"":""\"""",""token_id"":null,""bytes"":[34],""logprob"":-2.2505369186401367,""rank"":2},{""token"":""\n"",""token_id"":null,""bytes"":[10],""logprob"":-12.997644424438477,""rank"":3},{""token"":""\""."",""token_id"":null,""bytes"":[34,46],""logprob"":-13.728401184082031,""rank"":4},{""token"":""\\\"","",""token_id"":null,""bytes"":[92,34,44],""logprob"":-14.240416526794434,""rank"":5},{""token"":""',"",""token_id"":null,""bytes"":[39,44],""logprob"":-14.30571460723877,""rank"":6},{""token"":"" \"","",""token_id"":null,""bytes"":[32,34,44],""logprob"":-14.860421180725098,""rank"":7},{""token"":""\""}"",""token_id"":null,""bytes"":[34,125],""logprob"":-15.325457572937012,""rank"":8},{""token"":""'"",""token_id"":null,""bytes"":[39],""logprob"":-15.399259567260742,""rank"":9},{""token"":""\""،"",""token_id"":null,""bytes"":[34,216,140],""logprob"":-15.443180084228516,""rank"":10}]"
instrument_validation,D,K7,424,ABCD,4,11,"
",,[10],-3.57628505298635e-06,1,"[{""token"":""\n"",""token_id"":null,""bytes"":[10],""logprob"":-3.57628505298635e-06,""rank"":1},{""token"":"" \n"",""token_id"":null,""bytes"":[32,10],""logprob"":-13.045957565307617,""rank"":2},{""token"":"""",""token_id"":null,""bytes"":[],""logprob"":-14.220623016357422,""rank"":3},{""token"":""\n\n"",""token_id"":null,""bytes"":[10,10],""logprob"":-14.449294090270996,""rank"":4},{""token"":"" \"""",""token_id"":null,""bytes"":[32,34],""logprob"":-15.582581520080566,""rank"":5},{""token"":""\r\n"",""token_id"":null,""bytes"":[13,10],""logprob"":-15.622284889221191,""rank"":6},{""token"":""  \n"",""token_id"":null,""bytes"":[32,32,10],""logprob"":-17.22903060913086,""rank"":7},{""token"":"" \""\"""",""token_id"":null,""bytes"":[32,34,34],""logprob"":-18.781455993652344,""rank"":8},{""token"":"" //"",""token_id"":null,""bytes"":[32,47,47],""logprob"":-19.219606399536133,""rank"":9},{""token"":""\t\n"",""token_id"":null,""bytes"":[9,10],""logprob"":-19.362184524536133,""rank"":10}]"
instrument_validation,D,K7,424,ABCD,4,12, ,,[32],-4.768372718899627e-07,1,"[{""token"":"" "",""token_id"":null,""bytes"":[32],""logprob"":-4.768372718899627e-07,""rank"":1},{""token"":"" \"""",""token_id"":null,""bytes"":[32,34],""logprob"":-14.934100151062012,""rank"":2},{""token"":""  \n"",""token_id"":null,""bytes"":[32,32,10],""logprob"":-15.774998664855957,""rank"":3},{""token"":"" texte"",""token_id"":null,""bytes"":[32,116,101,120,116,101],""logprob"":-17.64464569091797,""rank"":4},{""token"":""\"":"",""token_id"":null,""bytes"":[34,58],""logprob"":-17.890995025634766,""rank"":5},{""token"":""   "",""token_id"":null,""bytes"":[32,32,32],""logprob"":-18.07646369934082,""rank"":6},{""token"":""\"""",""token_id"":null,""bytes"":[34],""logprob"":-18.484519958496094,""rank"":7},{""token"":""  "",""token_id"":null,""bytes"":[32,32],""logprob"":-18.582347869873047,""rank"":8},{""token"":""\t"",""token_id"":null,""bytes"":[9],""logprob"":-18.86141586303711,""rank"":9},{""token"":"""",""token_id"":null,""bytes"":[],""logprob"":-18.987621307373047,""rank"":10}]"
instrument_validation,D,K7,424,ABCD,4,13," """,,"[32,34]",-2.0265599687263602e-06,1,"[{""token"":"" \"""",""token_id"":null,""bytes"":[32,34],""logprob"":-2.0265599687263602e-06,""rank"":1},{""token"":"" \""\"""",""token_id"":null,""bytes"":[32,34,34],""logprob"":-13.254087448120117,""rank"":2},{""token"":"" \""\\\"""",""token_id"":null,""bytes"":[32,34,92,34],""logprob"":-16.043081283569336,""rank"":3},{""token"":"" \""_"",""token_id"":null,""bytes"":[32,34,95],""logprob"":-16.407825469970703,""rank"":4},{""token"":"" \""."",""token_id"":null,""bytes"":[32,34,46],""logprob"":-16.942138671875,""rank"":5},{""token"":"" \\\"""",""token_id"":null,""bytes"":[32,92,34],""logprob"":-17.075725555419922,""rank"":6},{""token"":"" \""..."",""token_id"":null,""bytes"":[32,34,46,46,46],""logprob"":-17.085031509399414,""rank"":7},{""token"":"" \""<"",""token_id"":null,""bytes"":[32,34,60],""logprob"":-17.107070922851562,""rank"":8},{""token"":"" \""\\"",""token_id"":null,""bytes"":[32,34,92],""logprob"":-17.52213478088379,""rank"":9},{""token"":"" \""["",""token_id"":null,""bytes"":[32,34,91],""logprob"":-17.631324768066406,""rank"":10}]"
instrument_validation,D,K7,424,ABCD,4,14,texte,,"[116,101,120,116,101]",-0.0006448320928029716,1,"[{""token"":""texte"",""token_id"":null,""bytes"":[116,101,120,116,101],""logprob"":-0.0006448320928029716,""rank"":1},{""token"":""texto"",""token_id"":null,""bytes"":[116,101,120,116,111],""logprob"":-7.806743621826172,""rank"":2},{""token"":"" texte"",""token_id"":null,""bytes"":[32,116,101,120,116,101],""logprob"":-9.280204772949219,""rank"":3},{""token"":""texture"",""token_id"":null,""bytes"":[116,101,120,116,117,114,101],""logprob"":-10.911214828491211,""rank"":4},{""token"":""text"",""token_id"":null,""bytes"":[116,101,120,116],""logprob"":-11.027225494384766,""rank"":5},{""token"":""liste"",""token_id"":null,""bytes"":[108,105,115,116,101],""logprob"":-11.093482971191406,""rank"":6},{""token"":""textContent"",""token_id"":null,""bytes"":[116,101,120,116,67,111,110,116,101,110,116],""logprob"":-11.37800407409668,""rank"":7},{""token"":""teste"",""token_id"":null,""bytes"":[116,101,115,116,101],""logprob"":-11.395620346069336,""rank"":8},{""token"":""reste"",""token_id"":null,""bytes"":[114,101,115,116,101],""logprob"":-11.591926574707031,""rank"":9},{""token"":""texts"",""token_id"":null,""bytes"":[116,101,120,116,115],""logprob"":-12.084078788757324,""rank"":10}]"
instrument_validation,D,K7,424,ABCD,4,15,""":",,"[34,58]",-9.179157132166438e-06,1,"[{""token"":""\"":"",""token_id"":null,""bytes"":[34,58],""logprob"":-9.179157132166438e-06,""rank"":1},{""token"":""\"""",""token_id"":null,""bytes"":[34],""logprob"":-11.782276153564453,""rank"":2},{""token"":""\"":\""\"""",""token_id"":null,""bytes"":[34,58,34,34],""logprob"":-13.713590621948242,""rank"":3},{""token"":""\\\"":"",""token_id"":null,""bytes"":[92,34,58],""logprob"":-15.420682907104492,""rank"":4},{""token"":""\"":\"""",""token_id"":null,""bytes"":[34,58,34],""logprob"":-16.319738388061523,""rank"":5},{""token"":""\""\"""",""token_id"":null,""bytes"":[34,34],""logprob"":-16.432748794555664,""rank"":6},{""token"":"" \""\"""",""token_id"":null,""bytes"":[32,34,34],""logprob"":-17.301897048950195,""rank"":7},{""token"":""\""\"":"",""token_id"":null,""bytes"":[34,34,58],""logprob"":-17.441070556640625,""rank"":8},{""token"":""':"",""token_id"":null,""bytes"":[39,58],""logprob"":-17.710803985595703,""rank"":9},{""token"":"" \"":"",""token_id"":null,""bytes"":[32,34,58],""logprob"":-18.046131134033203,""rank"":10}]"
instrument_validation,D,K7,424,ABCD,4,16," """"",,"[32,34,34]",-0.0032456680200994015,1,"[{""token"":"" \""\"""",""token_id"":null,""bytes"":[32,34,34],""logprob"":-0.0032456680200994015,""rank"":1},{""token"":"" \"""",""token_id"":null,""bytes"":[32,34],""logprob"":-6.055448055267334,""rank"":2},{""token"":"" null"",""token_id"":null,""bytes"":[32,110,117,108,108],""logprob"":-7.501000881195068,""rank"":3},{""token"":"" \""\"","",""token_id"":null,""bytes"":[32,34,34,44],""logprob"":-8.500384330749512,""rank"":4},{""token"":"" \""\\\"""",""token_id"":null,""bytes"":[32,34,92,34],""logprob"":-9.465580940246582,""rank"":5},{""token"":"" []"",""token_id"":null,""bytes"":[32,91,93],""logprob"":-11.753584861755371,""rank"":6},{""token"":"" \""\"";"",""token_id"":null,""bytes"":[32,34,34,59],""logprob"":-11.858902931213379,""rank"":7},{""token"":"" \""\"")"",""token_id"":null,""bytes"":[32,34,34,41],""logprob"":-12.181952476501465,""rank"":8},{""token"":"" \"":"",""token_id"":null,""bytes"":[32,34,58],""logprob"":-12.214859962463379,""rank"":9},{""token"":"" \""*\"""",""token_id"":null,""bytes"":[32,34,42,34],""logprob"":-12.99639892578125,""rank"":10}]"
instrument_validation,D,K7,424,ABCD,4,17,"
",,[10],-8.344653679159819e-07,1,"[{""token"":""\n"",""token_id"":null,""bytes"":[10],""logprob"":-8.344653679159819e-07,""rank"":1},{""token"":"""",""token_id"":null,""bytes"":[],""logprob"":-14.713308334350586,""rank"":2},{""token"":"" \n"",""token_id"":null,""bytes"":[32,10],""logprob"":-15.195917129516602,""rank"":3},{""token"":""\n\n"",""token_id"":null,""bytes"":[10,10],""logprob"":-15.342458724975586,""rank"":4},{""token"":""\n\n\n"",""token_id"":null,""bytes"":[10,10,10],""logprob"":-18.374958038330078,""rank"":5},{""token"":"""",""token_id"":null,""bytes"":[],""logprob"":-18.63283920288086,""rank"":6},{""token"":""\r\n"",""token_id"":null,""bytes"":[13,10],""logprob"":-18.732601165771484,""rank"":7},{""token"":"" //"",""token_id"":null,""bytes"":[32,47,47],""logprob"":-18.796165466308594,""rank"":8},{""token"":""\t\n"",""token_id"":null,""bytes"":[9,10],""logprob"":-19.20122528076172,""rank"":9},{""token"":""  \n"",""token_id"":null,""bytes"":[32,32,10],""logprob"":-19.43815803527832,""rank"":10}]"
instrument_validation,D,K7,424,ABCD,4,18,},,[125],-2.622607780722319e-06,1,"[{""token"":""}"",""token_id"":null,""bytes"":[125],""logprob"":-2.622607780722319e-06,""rank"":1},{""token"":""},"",""token_id"":null,""bytes"":[125,44],""logprob"":-13.304072380065918,""rank"":2},{""token"":""}\"""",""token_id"":null,""bytes"":[125,34],""logprob"":-14.436419486999512,""rank"":3},{""token"":""}'"",""token_id"":null,""bytes"":[125,39],""logprob"":-14.71263599395752,""rank"":4},{""token"":"""",""token_id"":null,""bytes"":[],""logprob"":-16.880449295043945,""rank"":5},{""token"":""}`"",""token_id"":null,""bytes"":[125,96],""logprob"":-16.897716522216797,""rank"":6},{""token"":""};"",""token_id"":null,""bytes"":[125,59],""logprob"":-17.290348052978516,""rank"":7},{""token"":"" }"",""token_id"":null,""bytes"":[32,125],""logprob"":-17.51471519470215,""rank"":8},{""token"":""]"",""token_id"":null,""bytes"":[93],""logprob"":-17.634220123291016,""rank"":9},{""token"":""}</"",""token_id"":null,""bytes"":[125,60,47],""logprob"":-17.89411735534668,""rank"":10}]"
instrument_validation,A,R0,424,ABCD,1,1,{,,[123],-0.017701268196105957,1,"[{""token"":""{"",""token_id"":null,""bytes"":[123],""logprob"":-0.017701268196105957,""rank"":1},{""token"":""{\"""",""token_id"":null,""bytes"":[123,34],""logprob"":-4.527174949645996,""rank"":2},{""token"":""```"",""token_id"":null,""bytes"":[96,96,96],""logprob"":-5.166430473327637,""rank"":3},{""token"":""{\\"",""token_id"":null,""bytes"":[123,92],""logprob"":-9.290816307067871,""rank"":4},{""token"":""{'"",""token_id"":null,""bytes"":[123,39],""logprob"":-9.338777542114258,""rank"":5},{""token"":""Non"",""token_id"":null,""bytes"":[78,111,110],""logprob"":-9.447481155395508,""rank"":6},{""token"":""{}"",""token_id"":null,""bytes"":[123,125],""logprob"":-9.566797256469727,""rank"":7},{""token"":""{\\\"""",""token_id"":null,""bytes"":[123,92,34],""logprob"":-9.63088321685791,""rank"":8},{""token"":""\""{"",""token_id"":null,""bytes"":[34,123],""logprob"":-9.878501892089844,""rank"":9},{""token"":""Je"",""token_id"":null,""bytes"":[74,101],""logprob"":-10.000271797180176,""rank"":10},{""token"":""{j"",""token_id"":null,""bytes"":[123,106],""logprob"":-10.005799293518066,""rank"":11},{""token"":""\"""",""token_id"":null,""bytes"":[34],""logprob"":-10.166411399841309,""rank"":12},{""token"":""{{"",""token_id"":null,""bytes"":[123,123],""logprob"":-10.180159568786621,""rank"":13},{""token"":""JSON"",""token_id"":null,""bytes"":[74,83,79,78],""logprob"":-10.34681510925293,""rank"":14},{""token"":""Il"",""token_id"":null,""bytes"":[73,108],""logprob"":-10.813281059265137,""rank"":15},{""token"":""Vo"",""token_id"":null,""bytes"":[86,111],""logprob"":-10.816905975341797,""rank"":16},{""token"":""<think>"",""token_id"":null,""bytes"":[60,116,104,105,110,107,62],""logprob"":-10.887112617492676,""rank"":17},{""token"":""Oui"",""token_id"":null,""bytes"":[79,117,105],""logprob"":-11.02979564666748,""rank"":18},{""token"":""{s"",""token_id"":null,""bytes"":[123,115],""logprob"":-11.061858177185059,""rank"":19},{""token"":""J"",""token_id"":null,""bytes"":[74],""logprob"":-11.361538887023926,""rank"":20}]"
instrument_validation,A,R0,424,ABCD,1,2,"
",,[10],-0.0012813667999580503,1,"[{""token"":""\n"",""token_id"":null,""bytes"":[10],""logprob"":-0.0012813667999580503,""rank"":1},{""token"":"" \"""",""token_id"":null,""bytes"":[32,34],""logprob"":-6.833825588226318,""rank"":2},{""token"":""mode"",""token_id"":null,""bytes"":[109,111,100,101],""logprob"":-8.847938537597656,""rank"":3},{""token"":"" "",""token_id"":null,""bytes"":[32],""logprob"":-10.73855209350586,""rank"":4},{""token"":"" \n"",""token_id"":null,""bytes"":[32,10],""logprob"":-11.28103256225586,""rank"":5},{""token"":""  \n"",""token_id"":null,""bytes"":[32,32,10],""logprob"":-11.962854385375977,""rank"":6},{""token"":"" mode"",""token_id"":null,""bytes"":[32,109,111,100,101],""logprob"":-12.063124656677246,""rank"":7},{""token"":""\r\n"",""token_id"":null,""bytes"":[13,10],""logprob"":-13.473426818847656,""rank"":8},{""token"":""“"",""token_id"":null,""bytes"":[226,128,156],""logprob"":-13.753426551818848,""rank"":9},{""token"":""(\"""",""token_id"":null,""bytes"":[40,34],""logprob"":-14.187026977539062,""rank"":10},{""token"":""type"",""token_id"":null,""bytes"":[116,121,112,101],""logprob"":-14.278741836547852,""rank"":11},{""token"":""\n\n"",""token_id"":null,""bytes"":[10,10],""logprob"":-14.310306549072266,""rank"":12},{""token"":""kind"",""token_id"":null,""bytes"":[107,105,110,100],""logprob"":-14.431916236877441,""rank"":13},{""token"":""Mode"",""token_id"":null,""bytes"":[77,111,100,101],""logprob"":-14.541267395019531,""rank"":14},{""token"":""\"""",""token_id"":null,""bytes"":[34],""logprob"":-14.553479194641113,""rank"":15},{""token"":""status"",""token_id"":null,""bytes"":[115,116,97,116,117,115],""logprob"":-14.695738792419434,""rank"":16},{""token"":""json"",""token_id"":null,""bytes"":[106,115,111,110],""logprob"":-14.742249488830566,""rank"":17},{""token"":""_mode"",""token_id"":null,""bytes"":[95,109,111,100,101],""logprob"":-15.020057678222656,""rank"":18},{""token"":""info"",""token_id"":null,""bytes"":[105,110,102,111],""logprob"":-15.11687183380127,""rank"":19},{""token"":""=\"""",""token_id"":null,""bytes"":[61,34],""logprob"":-15.154011726379395,""rank"":20}]"
instrument_validation,A,R0,424,ABCD,1,3, ,,[32],-0.00021930952789261937,1,"[{""token"":"" "",""token_id"":null,""bytes"":[32],""logprob"":-0.00021930952789261937,""rank"":1},{""token"":""\"""",""token_id"":null,""bytes"":[34],""logprob"":-8.988393783569336,""rank"":2},{""token"":"" \"""",""token_id"":null,""bytes"":[32,34],""logprob"":-9.370800018310547,""rank"":3},{""token"":""  \n"",""token_id"":null,""bytes"":[32,32,10],""logprob"":-13.117914199829102,""rank"":4},{""token"":""\""text"",""token_id"":null,""bytes"":[34,116,101,120,116],""logprob"":-13.223142623901367,""rank"":5},{""token"":""   "",""token_id"":null,""bytes"":[32,32,32],""logprob"":-13.438491821289062,""rank"":6},{""token"":""\""type"",""token_id"":null,""bytes"":[34,116,121,112,101],""logprob"":-13.501017570495605,""rank"":7},{""token"":""\t"",""token_id"":null,""bytes"":[9],""logprob"":-13.73525333404541,""rank"":8},{""token"":""\""c"",""token_id"":null,""bytes"":[34,99],""logprob"":-15.0701904296875,""rank"":9},{""token"":""     "",""token_id"":null,""bytes"":[32,32,32,32,32],""logprob"":-15.51673698425293,""rank"":10},{""token"":""\""data"",""token_id"":null,""bytes"":[34,100,97,116,97],""logprob"":-15.917112350463867,""rank"":11},{""token"":""}"",""token_id"":null,""bytes"":[125],""logprob"":-15.989500045776367,""rank"":12},{""token"":""  "",""token_id"":null,""bytes"":[32,32],""logprob"":-16.022634506225586,""rank"":13},{""token"":""mode"",""token_id"":null,""bytes"":[109,111,100,101],""logprob"":-16.096477508544922,""rank"":14},{""token"":""\""I"",""token_id"":null,""bytes"":[34,73],""logprob"":-16.351146697998047,""rank"":15},{""token"":""\""C"",""token_id"":null,""bytes"":[34,67],""logprob"":-16.446863174438477,""rank"":16},{""token"":""“"",""token_id"":null,""bytes"":[226,128,156],""logprob"":-16.519390106201172,""rank"":17},{""token"":""\""name"",""token_id"":null,""bytes"":[34,110,97,109,101],""logprob"":-16.543872833251953,""rank"":18},{""token"":""\""d"",""token_id"":null,""bytes"":[34,100],""logprob"":-16.565610885620117,""rank"":19},{""token"":""\""w"",""token_id"":null,""bytes"":[34,119],""logprob"":-16.76726531982422,""rank"":20}]"
instrument_validation,A,R0,424,ABCD,1,4," """,,"[32,34]",-3.814704541582614e-06,1,"[{""token"":"" \"""",""token_id"":null,""bytes"":[32,34],""logprob"":-3.814704541582614e-06,""rank"":1},{""token"":"" \""_"",""token_id"":null,""bytes"":[32,34,95],""logprob"":-13.24009895324707,""rank"":2},{""token"":"" \""\\\"""",""token_id"":null,""bytes"":[32,34,92,34],""logprob"":-13.954038619995117,""rank"":3},{""token"":"" mode"",""token_id"":null,""bytes"":[32,109,111,100,101],""logprob"":-15.210006713867188,""rank"":4},{""token"":"" \""__"",""token_id"":null,""bytes"":[32,34,95,95],""logprob"":-15.355708122253418,""rank"":5},{""token"":"" \""\\"",""token_id"":null,""bytes"":[32,34,92],""logprob"":-15.450132369995117,""rank"":6},{""token"":"" \""["",""token_id"":null,""bytes"":[32,34,91],""logprob"":-16.00754737854004,""rank"":7},{""token"":"" \""<"",""token_id"":null,""bytes"":[32,34,60],""logprob"":-16.153993606567383,""rank"":8},{""token"":"" \\\"""",""token_id"":null,""bytes"":[32,92,34],""logprob"":-16.391189575195312,""rank"":9},{""token"":"" \""..."",""token_id"":null,""bytes"":[32,34,46,46,46],""logprob"":-16.477943420410156,""rank"":10},{""token"":"" '"",""token_id"":null,""bytes"":[32,39],""logprob"":-16.775691986083984,""rank"":11},{""token"":"" \""**"",""token_id"":null,""bytes"":[32,34,42,42],""logprob"":-16.856386184692383,""rank"":12},{""token"":"" \""/"",""token_id"":null,""bytes"":[32,34,47],""logprob"":-16.965438842773438,""rank"":13},{""token"":"" \""@"",""token_id"":null,""bytes"":[32,34,64],""logprob"":-17.05619239807129,""rank"":14},{""token"":"" \""*"",""token_id"":null,""bytes"":[32,34,42],""logprob"":-17.071819305419922,""rank"":15},{""token"":"" \"":"",""token_id"":null,""bytes"":[32,34,58],""logprob"":-17.359359741210938,""rank"":16},{""token"":"" \""{"",""token_id"":null,""bytes"":[32,34,123],""logprob"":-17.435161590576172,""rank"":17},{""token"":"" //"",""token_id"":null,""bytes"":[32,47,47],""logprob"":-17.435508728027344,""rank"":18},{""token"":"" \""$"",""token_id"":null,""bytes"":[32,34,36],""logprob"":-17.508686065673828,""rank"":19},{""token"":"" \""{\\\"""",""token_id"":null,""bytes"":[32,34,123,92,34],""logprob"":-17.62692642211914,""rank"":20}]"
instrument_validation,A,R0,424,ABCD,1,5,mode,,"[109,111,100,101]",-0.00011563969746930525,1,"[{""token"":""mode"",""token_id"":null,""bytes"":[109,111,100,101],""logprob"":-0.00011563969746930525,""rank"":1},{""token"":""texte"",""token_id"":null,""bytes"":[116,101,120,116,101],""logprob"":-9.487587928771973,""rank"":2},{""token"":""\tmode"",""token_id"":null,""bytes"":[9,109,111,100,101],""logprob"":-12.448882102966309,""rank"":3},{""token"":""message"",""token_id"":null,""bytes"":[109,101,115,115,97,103,101],""logprob"":-12.675307273864746,""rank"":4},{""token"":""type"",""token_id"":null,""bytes"":[116,121,112,101],""logprob"":-12.780400276184082,""rank"":5},{""token"":""text"",""token_id"":null,""bytes"":[116,101,120,116],""logprob"":-13.042001724243164,""rank"":6},{""token"":"".mode"",""token_id"":null,""bytes"":[46,109,111,100,101],""logprob"":-13.079663276672363,""rank"":7},{""token"":""modes"",""token_id"":null,""bytes"":[109,111,100,101,115],""logprob"":-13.081001281738281,""rank"":8},{""token"":""modele"",""token_id"":null,""bytes"":[109,111,100,101,108,101],""logprob"":-13.331745147705078,""rank"":9},{""token"":""sil"",""token_id"":null,""bytes"":[115,105,108],""logprob"":-13.381333351135254,""rank"":10},{""token"":""code"",""token_id"":null,""bytes"":[99,111,100,101],""logprob"":-13.403704643249512,""rank"":11},{""token"":""Mode"",""token_id"":null,""bytes"":[77,111,100,101],""logprob"":-13.462742805480957,""rank"":12},{""token"":""-mode"",""token_id"":null,""bytes"":[45,109,111,100,101],""logprob"":-13.612018585205078,""rank"":13},{""token"":""modo"",""token_id"":null,""bytes"":[109,111,100,111],""logprob"":-13.63233757019043,""rank"":14},{""token"":""mod"",""token_id"":null,""bytes"":[109,111,100],""logprob"":-13.877416610717773,""rank"":15},{""token"":""(mode"",""token_id"":null,""bytes"":[40,109,111,100,101],""logprob"":-13.956504821777344,""rank"":16},{""token"":""modal"",""token_id"":null,""bytes"":[109,111,100,97,108],""logprob"":-14.041918754577637,""rank"":17},{""token"":""_mode"",""token_id"":null,""bytes"":[95,109,111,100,101],""logprob"":-14.10530948638916,""rank"":18},{""token"":"" mode"",""token_id"":null,""bytes"":[32,109,111,100,101],""logprob"":-14.214813232421875,""rank"":19},{""token"":""m"",""token_id"":null,""bytes"":[109],""logprob"":-14.257067680358887,""rank"":20}]"
instrument_validation,A,R0,424,ABCD,1,6,""":",,"[34,58]",-5.960482212685747e-06,1,"[{""token"":""\"":"",""token_id"":null,""bytes"":[34,58],""logprob"":-5.960482212685747e-06,""rank"":1},{""token"":""\"":\"""",""token_id"":null,""bytes"":[34,58,34],""logprob"":-12.405611038208008,""rank"":2},{""token"":""\"""",""token_id"":null,""bytes"":[34],""logprob"":-13.86256217956543,""rank"":3},{""token"":""\"","",""token_id"":null,""bytes"":[34,44],""logprob"":-14.75390625,""rank"":4},{""token"":""':"",""token_id"":null,""bytes"":[39,58],""logprob"":-15.401510238647461,""rank"":5},{""token"":""\\\"":"",""token_id"":null,""bytes"":[92,34,58],""logprob"":-15.598514556884766,""rank"":6},{""token"":"" parole"",""token_id"":null,""bytes"":[32,112,97,114,111,108,101],""logprob"":-16.06739044189453,""rank"":7},{""token"":""**:"",""token_id"":null,""bytes"":[42,42,58],""logprob"":-16.491647720336914,""rank"":8},{""token"":"" \"":"",""token_id"":null,""bytes"":[32,34,58],""logprob"":-17.176694869995117,""rank"":9},{""token"":""\""):"",""token_id"":null,""bytes"":[34,41,58],""logprob"":-17.55042839050293,""rank"":10},{""token"":""\""."",""token_id"":null,""bytes"":[34,46],""logprob"":-17.84729766845703,""rank"":11},{""token"":"" silence"",""token_id"":null,""bytes"":[32,115,105,108,101,110,99,101],""logprob"":-17.922487258911133,""rank"":12},{""token"":""):"",""token_id"":null,""bytes"":[41,58],""logprob"":-18.053009033203125,""rank"":13},{""token"":""”:"",""token_id"":null,""bytes"":[226,128,157,58],""logprob"":-18.445890426635742,""rank"":14},{""token"":"" parl"",""token_id"":null,""bytes"":[32,112,97,114,108],""logprob"":-18.491117477416992,""rank"":15},{""token"":""\"">"",""token_id"":null,""bytes"":[34,62],""logprob"":-18.661081314086914,""rank"":16},{""token"":""$:"",""token_id"":null,""bytes"":[36,58],""logprob"":-18.746980667114258,""rank"":17},{""token"":""_par"",""token_id"":null,""bytes"":[95,112,97,114],""logprob"":-18.884031295776367,""rank"":18},{""token"":""\"";"",""token_id"":null,""bytes"":[34,59],""logprob"":-18.885835647583008,""rank"":19},{""token"":""*:"",""token_id"":null,""bytes"":[42,58],""logprob"":-18.998401641845703,""rank"":20}]"
instrument_validation,A,R0,424,ABCD,1,7," """,,"[32,34]",-6.878612475702539e-05,1,"[{""token"":"" \"""",""token_id"":null,""bytes"":[32,34],""logprob"":-6.878612475702539e-05,""rank"":1},{""token"":"" \""\"","",""token_id"":null,""bytes"":[32,34,34,44],""logprob"":-11.401308059692383,""rank"":2},{""token"":"" \""..."",""token_id"":null,""bytes"":[32,34,46,46,46],""logprob"":-11.616853713989258,""rank"":3},{""token"":"" parole"",""token_id"":null,""bytes"":[32,112,97,114,111,108,101],""logprob"":-11.877944946289062,""rank"":4},{""token"":"" \""\"""",""token_id"":null,""bytes"":[32,34,34],""logprob"":-12.042781829833984,""rank"":5},{""token"":"" \""\\\"""",""token_id"":null,""bytes"":[32,34,92,34],""logprob"":-12.130338668823242,""rank"":6},{""token"":"" \""\\"",""token_id"":null,""bytes"":[32,34,92],""logprob"":-12.172094345092773,""rank"":7},{""token"":"" \""'"",""token_id"":null,""bytes"":[32,34,39],""logprob"":-12.492805480957031,""rank"":8},{""token"":"" silence"",""token_id"":null,""bytes"":[32,115,105,108,101,110,99,101],""logprob"":-12.577716827392578,""rank"":9},{""token"":"" [\"""",""token_id"":null,""bytes"":[32,91,34],""logprob"":-12.782429695129395,""rank"":10},{""token"":"" \""_"",""token_id"":null,""bytes"":[32,34,95],""logprob"":-13.490315437316895,""rank"":11},{""token"":"" \""."",""token_id"":null,""bytes"":[32,34,46],""logprob"":-13.538432121276855,""rank"":12},{""token"":""parole"",""token_id"":null,""bytes"":[112,97,114,111,108,101],""logprob"":-13.77717399597168,""rank"":13},{""token"":"" \""|"",""token_id"":null,""bytes"":[32,34,124],""logprob"":-13.915393829345703,""rank"":14},{""token"":"" \""["",""token_id"":null,""bytes"":[32,34,91],""logprob"":-14.056291580200195,""rank"":15},{""token"":"" \"","",""token_id"":null,""bytes"":[32,34,44],""logprob"":-14.091474533081055,""rank"":16},{""token"":"" \""/"",""token_id"":null,""bytes"":[32,34,47],""logprob"":-14.275449752807617,""rank"":17},{""token"":"" {\"""",""token_id"":null,""bytes"":[32,123,34],""logprob"":-14.298709869384766,""rank"":18},{""token"":"" \""#"",""token_id"":null,""bytes"":[32,34,35],""logprob"":-14.402286529541016,""rank"":19},{""token"":"" \""<"",""token_id"":null,""bytes"":[32,34,60],""logprob"":-14.477826118469238,""rank"":20}]"
instrument_validation,A,R0,424,ABCD,1,8,sil,,"[115,105,108]",-0.6829010248184204,1,"[{""token"":""sil"",""token_id"":null,""bytes"":[115,105,108],""logprob"":-0.6829010248184204,""rank"":1},{""token"":""parole"",""token_id"":null,""bytes"":[112,97,114,111,108,101],""logprob"":-0.7116065621376038,""rank"":2},{""token"":""par"",""token_id"":null,""bytes"":[112,97,114],""logprob"":-7.376031398773193,""rank"":3},{""token"":""pare"",""token_id"":null,""bytes"":[112,97,114,101],""logprob"":-8.316965103149414,""rank"":4},{""token"":""s"",""token_id"":null,""bytes"":[115],""logprob"":-8.35165786743164,""rank"":5},{""token"":"" parole"",""token_id"":null,""bytes"":[32,112,97,114,111,108,101],""logprob"":-8.36668586730957,""rank"":6},{""token"":""silent"",""token_id"":null,""bytes"":[115,105,108,101,110,116],""logprob"":-8.760774612426758,""rank"":7},{""token"":""il"",""token_id"":null,""bytes"":[105,108],""logprob"":-8.76882553100586,""rank"":8},{""token"":"" Silence"",""token_id"":null,""bytes"":[32,83,105,108,101,110,99,101],""logprob"":-9.212411880493164,""rank"":9},{""token"":""ver"",""token_id"":null,""bytes"":[118,101,114],""logprob"":-9.506980895996094,""rank"":10},{""token"":""paro"",""token_id"":null,""bytes"":[112,97,114,111],""logprob"":-9.518583297729492,""rank"":11},{""token"":""speech"",""token_id"":null,""bytes"":[115,112,101,101,99,104],""logprob"":-9.554628372192383,""rank"":12},{""token"":""si"",""token_id"":null,""bytes"":[115,105],""logprob"":-9.764717102050781,""rank"":13},{""token"":""Sil"",""token_id"":null,""bytes"":[83,105,108],""logprob"":-9.810449600219727,""rank"":14},{""token"":"" silence"",""token_id"":null,""bytes"":[32,115,105,108,101,110,99,101],""logprob"":-9.917426109313965,""rank"":15},{""token"":""vé"",""token_id"":null,""bytes"":[118,195,169],""logprob"":-10.063499450683594,""rank"":16},{""token"":""dialog"",""token_id"":null,""bytes"":[100,105,97,108,111,103],""logprob"":-10.373476028442383,""rank"":17},{""token"":""ré"",""token_id"":null,""bytes"":[114,195,169],""logprob"":-10.378825187683105,""rank"":18},{""token"":""sou"",""token_id"":null,""bytes"":[115,111,117],""logprob"":-10.483720779418945,""rank"":19},{""token"":""phrase"",""token_id"":null,""bytes"":[112,104,114,97,115,101],""logprob"":-10.538698196411133,""rank"":20}]"
instrument_validation,A,R0,424,ABCD,1,9,ence,,"[101,110,99,101]",-1.0728893357736524e-05,1,"[{""token"":""ence"",""token_id"":null,""bytes"":[101,110,99,101],""logprob"":-1.0728893357736524e-05,""rank"":1},{""token"":""ience"",""token_id"":null,""bytes"":[105,101,110,99,101],""logprob"":-11.881476402282715,""rank"":2},{""token"":""ance"",""token_id"":null,""bytes"":[97,110,99,101],""logprob"":-12.749621391296387,""rank"":3},{""token"":""enc"",""token_id"":null,""bytes"":[101,110,99],""logprob"":-15.021140098571777,""rank"":4},{""token"":""\"","",""token_id"":null,""bytes"":[34,44],""logprob"":-15.82038402557373,""rank"":5},{""token"":""ences"",""token_id"":null,""bytes"":[101,110,99,101,115],""logprob"":-15.967652320861816,""rank"":6},{""token"":""ène"",""token_id"":null,""bytes"":[195,168,110,101],""logprob"":-16.167163848876953,""rank"":7},{""token"":""ense"",""token_id"":null,""bytes"":[101,110,115,101],""logprob"":-16.302770614624023,""rank"":8},{""token"":""ince"",""token_id"":null,""bytes"":[105,110,99,101],""logprob"":-16.532535552978516,""rank"":9},{""token"":""enced"",""token_id"":null,""bytes"":[101,110,99,101,100],""logprob"":-16.716724395751953,""rank"":10},{""token"":""enco"",""token_id"":null,""bytes"":[101,110,99,111],""logprob"":-16.82938003540039,""rank"":11},{""token"":""encie"",""token_id"":null,""bytes"":[101,110,99,105,101],""logprob"":-16.999059677124023,""rank"":12},{""token"":""ace"",""token_id"":null,""bytes"":[97,99,101],""logprob"":-17.028610229492188,""rank"":13},{""token"":""enci"",""token_id"":null,""bytes"":[101,110,99,105],""logprob"":-17.118507385253906,""rank"":14},{""token"":""encer"",""token_id"":null,""bytes"":[101,110,99,101,114],""logprob"":-17.66138458251953,""rank"":15},{""token"":""age"",""token_id"":null,""bytes"":[97,103,101],""logprob"":-17.713993072509766,""rank"":16},{""token"":""gence"",""token_id"":null,""bytes"":[103,101,110,99,101],""logprob"":-17.71457290649414,""rank"":17},{""token"":""phone"",""token_id"":null,""bytes"":[112,104,111,110,101],""logprob"":-17.80451011657715,""rank"":18},{""token"":""ene"",""token_id"":null,""bytes"":[101,110,101],""logprob"":-17.868595123291016,""rank"":19},{""token"":""nce"",""token_id"":null,""bytes"":[110,99,101],""logprob"":-17.87882423400879,""rank"":20}]"
instrument_validation,A,R0,424,ABCD,1,10,""",",,"[34,44]",-0.10400095582008362,1,"[{""token"":""\"","",""token_id"":null,""bytes"":[34,44],""logprob"":-0.10400095582008362,""rank"":1},{""token"":""\"""",""token_id"":null,""bytes"":[34],""logprob"":-2.3149843215942383,""rank"":2},{""token"":""\n"",""token_id"":null,""bytes"":[10],""logprob"":-12.798715591430664,""rank"":3},{""token"":""\""."",""token_id"":null,""bytes"":[34,46],""logprob"":-13.602818489074707,""rank"":4},{""token"":""\\\"","",""token_id"":null,""bytes"":[92,34,44],""logprob"":-14.086886405944824,""rank"":5},{""token"":""',"",""token_id"":null,""bytes"":[39,44],""logprob"":-14.169767379760742,""rank"":6},{""token"":"" \"","",""token_id"":null,""bytes"":[32,34,44],""logprob"":-14.584572792053223,""rank"":7},{""token"":""\""}"",""token_id"":null,""bytes"":[34,125],""logprob"":-15.109505653381348,""rank"":8},{""token"":""'"",""token_id"":null,""bytes"":[39],""logprob"":-15.347468376159668,""rank"":9},{""token"":""\""،"",""token_id"":null,""bytes"":[34,216,140],""logprob"":-15.385069847106934,""rank"":10},{""token"":""\"")"",""token_id"":null,""bytes"":[34,41],""logprob"":-15.554792404174805,""rank"":11},{""token"":""\""',"",""token_id"":null,""bytes"":[34,39,44],""logprob"":-15.594974517822266,""rank"":12},{""token"":""\""]"",""token_id"":null,""bytes"":[34,93],""logprob"":-16.260669708251953,""rank"":13},{""token"":"",\"""",""token_id"":null,""bytes"":[44,34],""logprob"":-16.278602600097656,""rank"":14},{""token"":""\"":"",""token_id"":null,""bytes"":[34,58],""logprob"":-16.31940269470215,""rank"":15},{""token"":""\"">"",""token_id"":null,""bytes"":[34,62],""logprob"":-16.524267196655273,""rank"":16},{""token"":""\""'"",""token_id"":null,""bytes"":[34,39],""logprob"":-16.600658416748047,""rank"":17},{""token"":""\""d"",""token_id"":null,""bytes"":[34,100],""logprob"":-16.606645584106445,""rank"":18},{""token"":""'\"","",""token_id"":null,""bytes"":[39,34,44],""logprob"":-16.769638061523438,""rank"":19},{""token"":""/\"","",""token_id"":null,""bytes"":[47,34,44],""logprob"":-16.7802734375,""rank"":20}]"
instrument_validation,A,R0,424,ABCD,1,11,"
",,[10],-4.529963462118758e-06,1,"[{""token"":""\n"",""token_id"":null,""bytes"":[10],""logprob"":-4.529963462118758e-06,""rank"":1},{""token"":"" \n"",""token_id"":null,""bytes"":[32,10],""logprob"":-12.82629108428955,""rank"":2},{""token"":"""",""token_id"":null,""bytes"":[],""logprob"":-14.03629207611084,""rank"":3},{""token"":""\n\n"",""token_id"":null,""bytes"":[10,10],""logprob"":-14.489842414855957,""rank"":4},{""token"":"" \"""",""token_id"":null,""bytes"":[32,34],""logprob"":-15.350348472595215,""rank"":5},{""token"":""\r\n"",""token_id"":null,""bytes"":[13,10],""logprob"":-15.496855735778809,""rank"":6},{""token"":""  \n"",""token_id"":null,""bytes"":[32,32,10],""logprob"":-16.986282348632812,""rank"":7},{""token"":"" \""\"""",""token_id"":null,""bytes"":[32,34,34],""logprob"":-18.53266143798828,""rank"":8},{""token"":"" //"",""token_id"":null,""bytes"":[32,47,47],""logprob"":-18.962074279785156,""rank"":9},{""token"":""\t\n"",""token_id"":null,""bytes"":[9,10],""logprob"":-19.158586502075195,""rank"":10},{""token"":"" "",""token_id"":null,""bytes"":[32],""logprob"":-19.32398223876953,""rank"":11},{""token"":"" texte"",""token_id"":null,""bytes"":[32,116,101,120,116,101],""logprob"":-19.415328979492188,""rank"":12},{""token"":""    \n"",""token_id"":null,""bytes"":[32,32,32,32,10],""logprob"":-19.53364372253418,""rank"":13},{""token"":"" null"",""token_id"":null,""bytes"":[32,110,117,108,108],""logprob"":-19.61786460876465,""rank"":14},{""token"":""\n\n\n"",""token_id"":null,""bytes"":[10,10,10],""logprob"":-19.61957359313965,""rank"":15},{""token"":"""",""token_id"":null,""bytes"":[],""logprob"":-19.634260177612305,""rank"":16},{""token"":"" ("",""token_id"":null,""bytes"":[32,40],""logprob"":-19.941125869750977,""rank"":17},{""token"":""},"",""token_id"":null,""bytes"":[125,44],""logprob"":-20.427146911621094,""rank"":18},{""token"":"" \""\"","",""token_id"":null,""bytes"":[32,34,34,44],""logprob"":-20.585445404052734,""rank"":19},{""token"":""   \n"",""token_id"":null,""bytes"":[32,32,32,10],""logprob"":-20.607513427734375,""rank"":20}]"
instrument_validation,A,R0,424,ABCD,1,12, ,,[32],-4.768372718899627e-07,1,"[{""token"":"" "",""token_id"":null,""bytes"":[32],""logprob"":-4.768372718899627e-07,""rank"":1},{""token"":"" \"""",""token_id"":null,""bytes"":[32,34],""logprob"":-14.830775260925293,""rank"":2},{""token"":""  \n"",""token_id"":null,""bytes"":[32,32,10],""logprob"":-15.846244812011719,""rank"":3},{""token"":"" texte"",""token_id"":null,""bytes"":[32,116,101,120,116,101],""logprob"":-17.57489776611328,""rank"":4},{""token"":""\"":"",""token_id"":null,""bytes"":[34,58],""logprob"":-17.85828399658203,""rank"":5},{""token"":""   "",""token_id"":null,""bytes"":[32,32,32],""logprob"":-17.916858673095703,""rank"":6},{""token"":""\"""",""token_id"":null,""bytes"":[34],""logprob"":-18.34922218322754,""rank"":7},{""token"":""  "",""token_id"":null,""bytes"":[32,32],""logprob"":-18.437122344970703,""rank"":8},{""token"":""\t"",""token_id"":null,""bytes"":[9],""logprob"":-18.6859073638916,""rank"":9},{""token"":"""",""token_id"":null,""bytes"":[],""logprob"":-18.98271942138672,""rank"":10},{""token"":"""",""token_id"":null,""bytes"":[],""logprob"":-19.01742172241211,""rank"":11},{""token"":""     "",""token_id"":null,""bytes"":[32,32,32,32,32],""logprob"":-19.436904907226562,""rank"":12},{""token"":""</think>"",""token_id"":null,""bytes"":[60,47,116,104,105,110,107,62],""logprob"":-19.69159507751465,""rank"":13},{""token"":""<<<<<<<"",""token_id"":null,""bytes"":[60,60,60,60,60,60,60],""logprob"":-19.915462493896484,""rank"":14},{""token"":""}"",""token_id"":null,""bytes"":[125],""logprob"":-20.25669288635254,""rank"":15},{""token"":""\""text"",""token_id"":null,""bytes"":[34,116,101,120,116],""logprob"":-20.72685432434082,""rank"":16},{""token"":"" textes"",""token_id"":null,""bytes"":[32,116,101,120,116,101,115],""logprob"":-20.76496696472168,""rank"":17},{""token"":""texte"",""token_id"":null,""bytes"":[116,101,120,116,101],""logprob"":-20.905733108520508,""rank"":18},{""token"":""}:"",""token_id"":null,""bytes"":[125,58],""logprob"":-21.022207260131836,""rank"":19},{""token"":""    "",""token_id"":null,""bytes"":[32,32,32,32],""logprob"":-21.161224365234375,""rank"":20}]"
instrument_validation,A,R0,424,ABCD,1,13," """,,"[32,34]",-2.7418175250204513e-06,1,"[{""token"":"" \"""",""token_id"":null,""bytes"":[32,34],""logprob"":-2.7418175250204513e-06,""rank"":1},{""token"":"" \""\"""",""token_id"":null,""bytes"":[32,34,34],""logprob"":-12.913479804992676,""rank"":2},{""token"":"" \""\\\"""",""token_id"":null,""bytes"":[32,34,92,34],""logprob"":-15.69869327545166,""rank"":3},{""token"":"" \""_"",""token_id"":null,""bytes"":[32,34,95],""logprob"":-16.026199340820312,""rank"":4},{""token"":"" \""."",""token_id"":null,""bytes"":[32,34,46],""logprob"":-16.689477920532227,""rank"":5},{""token"":"" \""..."",""token_id"":null,""bytes"":[32,34,46,46,46],""logprob"":-16.78761100769043,""rank"":6},{""token"":"" \""<"",""token_id"":null,""bytes"":[32,34,60],""logprob"":-16.832658767700195,""rank"":7},{""token"":"" \""\\"",""token_id"":null,""bytes"":[32,34,92],""logprob"":-16.89679527282715,""rank"":8},{""token"":"" \\\"""",""token_id"":null,""bytes"":[32,92,34],""logprob"":-17.02959442138672,""rank"":9},{""token"":"" \""__"",""token_id"":null,""bytes"":[32,34,95,95],""logprob"":-17.070863723754883,""rank"":10},{""token"":"" \""["",""token_id"":null,""bytes"":[32,34,91],""logprob"":-17.14994239807129,""rank"":11},{""token"":"" \"":"",""token_id"":null,""bytes"":[32,34,58],""logprob"":-17.32098960876465,""rank"":12},{""token"":"" \""/"",""token_id"":null,""bytes"":[32,34,47],""logprob"":-17.454181671142578,""rank"":13},{""token"":"" \""'"",""token_id"":null,""bytes"":[32,34,39],""logprob"":-17.625186920166016,""rank"":14},{""token"":""\"""",""token_id"":null,""bytes"":[34],""logprob"":-17.64356231689453,""rank"":15},{""token"":"" \""#"",""token_id"":null,""bytes"":[32,34,35],""logprob"":-17.658979415893555,""rank"":16},{""token"":"" \""{\\\"""",""token_id"":null,""bytes"":[32,34,123,92,34],""logprob"":-17.799345016479492,""rank"":17},{""token"":"" \""\"","",""token_id"":null,""bytes"":[32,34,34,44],""logprob"":-18.08601951599121,""rank"":18},{""token"":"" \""--"",""token_id"":null,""bytes"":[32,34,45,45],""logprob"":-18.154386520385742,""rank"":19},{""token"":"" \""("",""token_id"":null,""bytes"":[32,34,40],""logprob"":-18.344024658203125,""rank"":20}]"
instrument_validation,A,R0,424,ABCD,1,14,texte,,"[116,101,120,116,101]",-0.0006296828505583107,1,"[{""token"":""texte"",""token_id"":null,""bytes"":[116,101,120,116,101],""logprob"":-0.0006296828505583107,""rank"":1},{""token"":""texto"",""token_id"":null,""bytes"":[116,101,120,116,111],""logprob"":-7.841743469238281,""rank"":2},{""token"":"" texte"",""token_id"":null,""bytes"":[32,116,101,120,116,101],""logprob"":-9.23090934753418,""rank"":3},{""token"":""texture"",""token_id"":null,""bytes"":[116,101,120,116,117,114,101],""logprob"":-10.990337371826172,""rank"":4},{""token"":""liste"",""token_id"":null,""bytes"":[108,105,115,116,101],""logprob"":-11.11802864074707,""rank"":5},{""token"":""text"",""token_id"":null,""bytes"":[116,101,120,116],""logprob"":-11.178504943847656,""rank"":6},{""token"":""teste"",""token_id"":null,""bytes"":[116,101,115,116,101],""logprob"":-11.39581298828125,""rank"":7},{""token"":""textContent"",""token_id"":null,""bytes"":[116,101,120,116,67,111,110,116,101,110,116],""logprob"":-11.457679748535156,""rank"":8},{""token"":""reste"",""token_id"":null,""bytes"":[114,101,115,116,101],""logprob"":-11.609077453613281,""rank"":9},{""token"":""texts"",""token_id"":null,""bytes"":[116,101,120,116,115],""logprob"":-12.040653228759766,""rank"":10},{""token"":""technologie"",""token_id"":null,""bytes"":[116,101,99,104,110,111,108,111,103,105,101],""logprob"":-12.329655647277832,""rank"":11},{""token"":"" тексте"",""token_id"":null,""bytes"":[32,209,130,208,181,208,186,209,129,209,130,208,181],""logprob"":-12.436874389648438,""rank"":12},{""token"":"" Texte"",""token_id"":null,""bytes"":[32,84,101,120,116,101],""logprob"":-12.549927711486816,""rank"":13},{""token"":""tek"",""token_id"":null,""bytes"":[116,101,107],""logprob"":-12.697388648986816,""rank"":14},{""token"":""registre"",""token_id"":null,""bytes"":[114,101,103,105,115,116,114,101],""logprob"":-12.741804122924805,""rank"":15},{""token"":""acte"",""token_id"":null,""bytes"":[97,99,116,101],""logprob"":-12.831235885620117,""rank"":16},{""token"":""titre"",""token_id"":null,""bytes"":[116,105,116,114,101],""logprob"":-12.85950756072998,""rank"":17},{""token"":""poste"",""token_id"":null,""bytes"":[112,111,115,116,101],""logprob"":-13.122520446777344,""rank"":18},{""token"":""vente"",""token_id"":null,""bytes"":[118,101,110,116,101],""logprob"":-13.19240951538086,""rank"":19},{""token"":""contre"",""token_id"":null,""bytes"":[99,111,110,116,114,101],""logprob"":-13.25218391418457,""rank"":20}]"
instrument_validation,A,R0,424,ABCD,1,15,""":",,"[34,58]",-9.775209946383256e-06,1,"[{""token"":""\"":"",""token_id"":null,""bytes"":[34,58],""logprob"":-9.775209946383256e-06,""rank"":1},{""token"":""\"""",""token_id"":null,""bytes"":[34],""logprob"":-11.71143913269043,""rank"":2},{""token"":""\"":\""\"""",""token_id"":null,""bytes"":[34,58,34,34],""logprob"":-13.73509407043457,""rank"":3},{""token"":""\\\"":"",""token_id"":null,""bytes"":[92,34,58],""logprob"":-15.427671432495117,""rank"":4},{""token"":""\"":\"""",""token_id"":null,""bytes"":[34,58,34],""logprob"":-16.406694412231445,""rank"":5},{""token"":""\""\"""",""token_id"":null,""bytes"":[34,34],""logprob"":-16.437700271606445,""rank"":6},{""token"":"" \""\"""",""token_id"":null,""bytes"":[32,34,34],""logprob"":-17.2104434967041,""rank"":7},{""token"":""\""\"":"",""token_id"":null,""bytes"":[34,34,58],""logprob"":-17.4022274017334,""rank"":8},{""token"":""':"",""token_id"":null,""bytes"":[39,58],""logprob"":-17.6079044342041,""rank"":9},{""token"":"" \"":"",""token_id"":null,""bytes"":[32,34,58],""logprob"":-18.01476287841797,""rank"":10},{""token"":""\"":\""\"",\"""",""token_id"":null,""bytes"":[34,58,34,34,44,34],""logprob"":-20.267362594604492,""rank"":11},{""token"":""**:"",""token_id"":null,""bytes"":[42,42,58],""logprob"":-20.681541442871094,""rank"":12},{""token"":"")\"":"",""token_id"":null,""bytes"":[41,34,58],""logprob"":-21.218219757080078,""rank"":13},{""token"":""”:"",""token_id"":null,""bytes"":[226,128,157,58],""logprob"":-21.32964515686035,""rank"":14},{""token"":""):"",""token_id"":null,""bytes"":[41,58],""logprob"":-21.33019256591797,""rank"":15},{""token"":""():"",""token_id"":null,""bytes"":[40,41,58],""logprob"":-21.550445556640625,""rank"":16},{""token"":""\"";"",""token_id"":null,""bytes"":[34,59],""logprob"":-21.642807006835938,""rank"":17},{""token"":""=\""\"""",""token_id"":null,""bytes"":[61,34,34],""logprob"":-21.66015625,""rank"":18},{""token"":""]:"",""token_id"":null,""bytes"":[93,58],""logprob"":-22.010236740112305,""rank"":19},{""token"":""：\"""",""token_id"":null,""bytes"":[239,188,154,34],""logprob"":-22.092382431030273,""rank"":20}]"
instrument_validation,A,R0,424,ABCD,1,16," """"",,"[32,34,34]",-0.0034958957694470882,1,"[{""token"":"" \""\"""",""token_id"":null,""bytes"":[32,34,34],""logprob"":-0.0034958957694470882,""rank"":1},{""token"":"" \"""",""token_id"":null,""bytes"":[32,34],""logprob"":-5.9778056144714355,""rank"":2},{""token"":"" null"",""token_id"":null,""bytes"":[32,110,117,108,108],""logprob"":-7.4228434562683105,""rank"":3},{""token"":"" \""\"","",""token_id"":null,""bytes"":[32,34,34,44],""logprob"":-8.4609375,""rank"":4},{""token"":"" \""\\\"""",""token_id"":null,""bytes"":[32,34,92,34],""logprob"":-9.420413970947266,""rank"":5},{""token"":"" []"",""token_id"":null,""bytes"":[32,91,93],""logprob"":-11.656631469726562,""rank"":6},{""token"":"" \""\"";"",""token_id"":null,""bytes"":[32,34,34,59],""logprob"":-11.845447540283203,""rank"":7},{""token"":"" \"":"",""token_id"":null,""bytes"":[32,34,58],""logprob"":-12.072834014892578,""rank"":8},{""token"":"" \""\"")"",""token_id"":null,""bytes"":[32,34,34,41],""logprob"":-12.155651092529297,""rank"":9},{""token"":"" \""*\"""",""token_id"":null,""bytes"":[32,34,42,34],""logprob"":-12.868125915527344,""rank"":10},{""token"":"" \""["",""token_id"":null,""bytes"":[32,34,91],""logprob"":-12.962553977966309,""rank"":11},{""token"":"" \""-\"""",""token_id"":null,""bytes"":[32,34,45,34],""logprob"":-13.003091812133789,""rank"":12},{""token"":"" \""\\"",""token_id"":null,""bytes"":[32,34,92],""logprob"":-13.017635345458984,""rank"":13},{""token"":"" \""{}"",""token_id"":null,""bytes"":[32,34,123,125],""logprob"":-13.051325798034668,""rank"":14},{""token"":"" \""**"",""token_id"":null,""bytes"":[32,34,42,42],""logprob"":-13.129396438598633,""rank"":15},{""token"":"" \"":\"""",""token_id"":null,""bytes"":[32,34,58,34],""logprob"":-13.4092435836792,""rank"":16},{""token"":"" \""<"",""token_id"":null,""bytes"":[32,34,60],""logprob"":-13.46232795715332,""rank"":17},{""token"":"" \""{\\\"""",""token_id"":null,""bytes"":[32,34,123,92,34],""logprob"":-13.484882354736328,""rank"":18},{""token"":"" \""\""."",""token_id"":null,""bytes"":[32,34,34,46],""logprob"":-13.556835174560547,""rank"":19},{""token"":""\"":\""\"""",""token_id"":null,""bytes"":[34,58,34,34],""logprob"":-13.72781753540039,""rank"":20}]"
instrument_validation,A,R0,424,ABCD,1,17,"
",,[10],-9.536747711536009e-07,1,"[{""token"":""\n"",""token_id"":null,""bytes"":[10],""logprob"":-9.536747711536009e-07,""rank"":1},{""token"":"""",""token_id"":null,""bytes"":[],""logprob"":-14.770174026489258,""rank"":2},{""token"":"" \n"",""token_id"":null,""bytes"":[32,10],""logprob"":-14.94002914428711,""rank"":3},{""token"":""\n\n"",""token_id"":null,""bytes"":[10,10],""logprob"":-15.378928184509277,""rank"":4},{""token"":""\n\n\n"",""token_id"":null,""bytes"":[10,10,10],""logprob"":-18.373306274414062,""rank"":5},{""token"":"""",""token_id"":null,""bytes"":[],""logprob"":-18.497316360473633,""rank"":6},{""token"":""\r\n"",""token_id"":null,""bytes"":[13,10],""logprob"":-18.56676483154297,""rank"":7},{""token"":"" //"",""token_id"":null,""bytes"":[32,47,47],""logprob"":-18.672527313232422,""rank"":8},{""token"":""\t\n"",""token_id"":null,""bytes"":[9,10],""logprob"":-18.991260528564453,""rank"":9},{""token"":""  \n"",""token_id"":null,""bytes"":[32,32,10],""logprob"":-19.251365661621094,""rank"":10},{""token"":""}"",""token_id"":null,""bytes"":[125],""logprob"":-19.620153427124023,""rank"":11},{""token"":"" "",""token_id"":null,""bytes"":[32],""logprob"":-19.95148468017578,""rank"":12},{""token"":"" ("",""token_id"":null,""bytes"":[32,40],""logprob"":-20.088382720947266,""rank"":13},{""token"":""'"",""token_id"":null,""bytes"":[39],""logprob"":-20.133655548095703,""rank"":14},{""token"":""\"""",""token_id"":null,""bytes"":[34],""logprob"":-20.60802459716797,""rank"":15},{""token"":"" |"",""token_id"":null,""bytes"":[32,124],""logprob"":-20.860370635986328,""rank"":16},{""token"":"" }"",""token_id"":null,""bytes"":[32,125],""logprob"":-20.89546012878418,""rank"":17},{""token"":""("",""token_id"":null,""bytes"":[40],""logprob"":-20.946033477783203,""rank"":18},{""token"":"" \"""",""token_id"":null,""bytes"":[32,34],""logprob"":-21.02885627746582,""rank"":19},{""token"":""|"",""token_id"":null,""bytes"":[124],""logprob"":-21.59274673461914,""rank"":20}]"
instrument_validation,A,R0,424,ABCD,1,18,},,[125],-2.5033982637978625e-06,1,"[{""token"":""}"",""token_id"":null,""bytes"":[125],""logprob"":-2.5033982637978625e-06,""rank"":1},{""token"":""},"",""token_id"":null,""bytes"":[125,44],""logprob"":-13.417893409729004,""rank"":2},{""token"":""}\"""",""token_id"":null,""bytes"":[125,34],""logprob"":-14.308489799499512,""rank"":3},{""token"":""}'"",""token_id"":null,""bytes"":[125,39],""logprob"":-14.59435749053955,""rank"":4},{""token"":""}`"",""token_id"":null,""bytes"":[125,96],""logprob"":-16.7717342376709,""rank"":5},{""token"":"""",""token_id"":null,""bytes"":[],""logprob"":-16.82588768005371,""rank"":6},{""token"":""};"",""token_id"":null,""bytes"":[125,59],""logprob"":-17.208248138427734,""rank"":7},{""token"":"" }"",""token_id"":null,""bytes"":[32,125],""logprob"":-17.439159393310547,""rank"":8},{""token"":""]"",""token_id"":null,""bytes"":[93],""logprob"":-17.67775535583496,""rank"":9},{""token"":""}</"",""token_id"":null,""bytes"":[125,60,47],""logprob"":-17.851497650146484,""rank"":10},{""token"":""}:"",""token_id"":null,""bytes"":[125,58],""logprob"":-17.980453491210938,""rank"":11},{""token"":""}{"",""token_id"":null,""bytes"":[125,123],""logprob"":-18.08890151977539,""rank"":12},{""token"":""}$"",""token_id"":null,""bytes"":[125,36],""logprob"":-18.231107711791992,""rank"":13},{""token"":""\""}"",""token_id"":null,""bytes"":[34,125],""logprob"":-18.43268394470215,""rank"":14},{""token"":""}}"",""token_id"":null,""bytes"":[125,125],""logprob"":-18.536849975585938,""rank"":15},{""token"":""}>"",""token_id"":null,""bytes"":[125,62],""logprob"":-18.57004737854004,""rank"":16},{""token"":""}?"",""token_id"":null,""bytes"":[125,63],""logprob"":-18.839445114135742,""rank"":17},{""token"":""}."",""token_id"":null,""bytes"":[125,46],""logprob"":-18.9730167388916,""rank"":18},{""token"":""}%"",""token_id"":null,""bytes"":[125,37],""logprob"":-19.003673553466797,""rank"":19},{""token"":""}]"",""token_id"":null,""bytes"":[125,93],""logprob"":-19.0501766204834,""rank"":20}]"
instrument_validation,B,R7,424,ABCD,2,1,{,,[123],-0.02172425016760826,1,"[{""token"":""{"",""token_id"":null,""bytes"":[123],""logprob"":-0.02172425016760826,""rank"":1},{""token"":""{\"""",""token_id"":null,""bytes"":[123,34],""logprob"":-4.228072643280029,""rank"":2},{""token"":""```"",""token_id"":null,""bytes"":[96,96,96],""logprob"":-5.131930828094482,""rank"":3},{""token"":""{\\\"""",""token_id"":null,""bytes"":[123,92,34],""logprob"":-9.165180206298828,""rank"":4},{""token"":""{\\"",""token_id"":null,""bytes"":[123,92],""logprob"":-9.315994262695312,""rank"":5},{""token"":""{'"",""token_id"":null,""bytes"":[123,39],""logprob"":-9.473036766052246,""rank"":6},{""token"":""{}"",""token_id"":null,""bytes"":[123,125],""logprob"":-9.504569053649902,""rank"":7},{""token"":""\""{"",""token_id"":null,""bytes"":[34,123],""logprob"":-9.673643112182617,""rank"":8},{""token"":""\"""",""token_id"":null,""bytes"":[34],""logprob"":-9.748357772827148,""rank"":9},{""token"":""{j"",""token_id"":null,""bytes"":[123,106],""logprob"":-9.762773513793945,""rank"":10},{""token"":""Je"",""token_id"":null,""bytes"":[74,101],""logprob"":-10.10092544555664,""rank"":11},{""token"":""Non"",""token_id"":null,""bytes"":[78,111,110],""logprob"":-10.12248420715332,""rank"":12},{""token"":""JSON"",""token_id"":null,""bytes"":[74,83,79,78],""logprob"":-10.301825523376465,""rank"":13},{""token"":""{{"",""token_id"":null,""bytes"":[123,123],""logprob"":-10.416808128356934,""rank"":14},{""token"":""Vo"",""token_id"":null,""bytes"":[86,111],""logprob"":-10.662419319152832,""rank"":15},{""token"":""Il"",""token_id"":null,""bytes"":[73,108],""logprob"":-10.931373596191406,""rank"":16},{""token"":""J"",""token_id"":null,""bytes"":[74],""logprob"":-11.144518852233887,""rank"":17},{""token"":""{s"",""token_id"":null,""bytes"":[123,115],""logprob"":-11.398102760314941,""rank"":18},{""token"":""<think>"",""token_id"":null,""bytes"":[60,116,104,105,110,107,62],""logprob"":-11.441435813903809,""rank"":19},{""token"":""Oui"",""token_id"":null,""bytes"":[79,117,105],""logprob"":-11.5140962600708,""rank"":20}]"
instrument_validation,B,R7,424,ABCD,2,2,"
",,[10],-0.0008808079874143004,1,"[{""token"":""\n"",""token_id"":null,""bytes"":[10],""logprob"":-0.0008808079874143004,""rank"":1},{""token"":"" \"""",""token_id"":null,""bytes"":[32,34],""logprob"":-7.27277135848999,""rank"":2},{""token"":""mode"",""token_id"":null,""bytes"":[109,111,100,101],""logprob"":-8.902280807495117,""rank"":3},{""token"":"" "",""token_id"":null,""bytes"":[32],""logprob"":-10.787778854370117,""rank"":4},{""token"":"" \n"",""token_id"":null,""bytes"":[32,10],""logprob"":-11.593488693237305,""rank"":5},{""token"":"" mode"",""token_id"":null,""bytes"":[32,109,111,100,101],""logprob"":-12.135059356689453,""rank"":6},{""token"":""  \n"",""token_id"":null,""bytes"":[32,32,10],""logprob"":-12.24781608581543,""rank"":7},{""token"":""\r\n"",""token_id"":null,""bytes"":[13,10],""logprob"":-13.689537048339844,""rank"":8},{""token"":""“"",""token_id"":null,""bytes"":[226,128,156],""logprob"":-14.19550609588623,""rank"":9},{""token"":""type"",""token_id"":null,""bytes"":[116,121,112,101],""logprob"":-14.436548233032227,""rank"":10},{""token"":""(\"""",""token_id"":null,""bytes"":[40,34],""logprob"":-14.482379913330078,""rank"":11},{""token"":""\n\n"",""token_id"":null,""bytes"":[10,10],""logprob"":-14.517149925231934,""rank"":12},{""token"":""Mode"",""token_id"":null,""bytes"":[77,111,100,101],""logprob"":-14.705574989318848,""rank"":13},{""token"":""kind"",""token_id"":null,""bytes"":[107,105,110,100],""logprob"":-14.742164611816406,""rank"":14},{""token"":""status"",""token_id"":null,""bytes"":[115,116,97,116,117,115],""logprob"":-14.814181327819824,""rank"":15},{""token"":""\"""",""token_id"":null,""bytes"":[34],""logprob"":-14.855803489685059,""rank"":16},{""token"":""json"",""token_id"":null,""bytes"":[106,115,111,110],""logprob"":-15.086297035217285,""rank"":17},{""token"":""_mode"",""token_id"":null,""bytes"":[95,109,111,100,101],""logprob"":-15.172273635864258,""rank"":18},{""token"":""info"",""token_id"":null,""bytes"":[105,110,102,111],""logprob"":-15.283327102661133,""rank"":19},{""token"":""=\"""",""token_id"":null,""bytes"":[61,34],""logprob"":-15.371273040771484,""rank"":20}]"
instrument_validation,B,R7,424,ABCD,2,3, ,,[32],-0.0002201441820943728,1,"[{""token"":"" "",""token_id"":null,""bytes"":[32],""logprob"":-0.0002201441820943728,""rank"":1},{""token"":""\"""",""token_id"":null,""bytes"":[34],""logprob"":-8.98767375946045,""rank"":2},{""token"":"" \"""",""token_id"":null,""bytes"":[32,34],""logprob"":-9.363957405090332,""rank"":3},{""token"":""\""text"",""token_id"":null,""bytes"":[34,116,101,120,116],""logprob"":-13.119736671447754,""rank"":4},{""token"":""  \n"",""token_id"":null,""bytes"":[32,32,10],""logprob"":-13.16612720489502,""rank"":5},{""token"":""\""type"",""token_id"":null,""bytes"":[34,116,121,112,101],""logprob"":-13.387600898742676,""rank"":6},{""token"":""   "",""token_id"":null,""bytes"":[32,32,32],""logprob"":-13.5285005569458,""rank"":7},{""token"":""\t"",""token_id"":null,""bytes"":[9],""logprob"":-13.758211135864258,""rank"":8},{""token"":""\""c"",""token_id"":null,""bytes"":[34,99],""logprob"":-15.063492774963379,""rank"":9},{""token"":""     "",""token_id"":null,""bytes"":[32,32,32,32,32],""logprob"":-15.506272315979004,""rank"":10},{""token"":""\""data"",""token_id"":null,""bytes"":[34,100,97,116,97],""logprob"":-15.780336380004883,""rank"":11},{""token"":""mode"",""token_id"":null,""bytes"":[109,111,100,101],""logprob"":-16.09709358215332,""rank"":12},{""token"":""}"",""token_id"":null,""bytes"":[125],""logprob"":-16.150548934936523,""rank"":13},{""token"":""  "",""token_id"":null,""bytes"":[32,32],""logprob"":-16.160808563232422,""rank"":14},{""token"":""\""I"",""token_id"":null,""bytes"":[34,73],""logprob"":-16.35041618347168,""rank"":15},{""token"":""\""C"",""token_id"":null,""bytes"":[34,67],""logprob"":-16.37169647216797,""rank"":16},{""token"":""\""name"",""token_id"":null,""bytes"":[34,110,97,109,101],""logprob"":-16.477357864379883,""rank"":17},{""token"":""“"",""token_id"":null,""bytes"":[226,128,156],""logprob"":-16.50773048400879,""rank"":18},{""token"":""\""d"",""token_id"":null,""bytes"":[34,100],""logprob"":-16.52988052368164,""rank"":19},{""token"":""\""w"",""token_id"":null,""bytes"":[34,119],""logprob"":-16.766679763793945,""rank"":20}]"
instrument_validation,B,R7,424,ABCD,2,4," """,,"[32,34]",-4.172333774477011e-06,1,"[{""token"":"" \"""",""token_id"":null,""bytes"":[32,34],""logprob"":-4.172333774477011e-06,""rank"":1},{""token"":"" \""_"",""token_id"":null,""bytes"":[32,34,95],""logprob"":-13.113958358764648,""rank"":2},{""token"":"" \""\\\"""",""token_id"":null,""bytes"":[32,34,92,34],""logprob"":-13.908227920532227,""rank"":3},{""token"":"" \""__"",""token_id"":null,""bytes"":[32,34,95,95],""logprob"":-15.388980865478516,""rank"":4},{""token"":"" mode"",""token_id"":null,""bytes"":[32,109,111,100,101],""logprob"":-15.449271202087402,""rank"":5},{""token"":"" \""\\"",""token_id"":null,""bytes"":[32,34,92],""logprob"":-15.526116371154785,""rank"":6},{""token"":"" \""["",""token_id"":null,""bytes"":[32,34,91],""logprob"":-16.104637145996094,""rank"":7},{""token"":"" \""<"",""token_id"":null,""bytes"":[32,34,60],""logprob"":-16.330711364746094,""rank"":8},{""token"":"" \""..."",""token_id"":null,""bytes"":[32,34,46,46,46],""logprob"":-16.376426696777344,""rank"":9},{""token"":"" \\\"""",""token_id"":null,""bytes"":[32,92,34],""logprob"":-16.57913589477539,""rank"":10},{""token"":"" '"",""token_id"":null,""bytes"":[32,39],""logprob"":-16.753826141357422,""rank"":11},{""token"":"" \""@"",""token_id"":null,""bytes"":[32,34,64],""logprob"":-17.008419036865234,""rank"":12},{""token"":"" \""**"",""token_id"":null,""bytes"":[32,34,42,42],""logprob"":-17.053171157836914,""rank"":13},{""token"":"" \""/"",""token_id"":null,""bytes"":[32,34,47],""logprob"":-17.160612106323242,""rank"":14},{""token"":"" \""*"",""token_id"":null,""bytes"":[32,34,42],""logprob"":-17.427650451660156,""rank"":15},{""token"":"" \"":"",""token_id"":null,""bytes"":[32,34,58],""logprob"":-17.598081588745117,""rank"":16},{""token"":"" //"",""token_id"":null,""bytes"":[32,47,47],""logprob"":-17.613391876220703,""rank"":17},{""token"":"" \""-"",""token_id"":null,""bytes"":[32,34,45],""logprob"":-17.657649993896484,""rank"":18},{""token"":"" \""{"",""token_id"":null,""bytes"":[32,34,123],""logprob"":-17.72776985168457,""rank"":19},{""token"":"" \""$"",""token_id"":null,""bytes"":[32,34,36],""logprob"":-17.808025360107422,""rank"":20}]"
instrument_validation,B,R7,424,ABCD,2,5,mode,,"[109,111,100,101]",-0.00011707037629093975,1,"[{""token"":""mode"",""token_id"":null,""bytes"":[109,111,100,101],""logprob"":-0.00011707037629093975,""rank"":1},{""token"":""texte"",""token_id"":null,""bytes"":[116,101,120,116,101],""logprob"":-9.493277549743652,""rank"":2},{""token"":""\tmode"",""token_id"":null,""bytes"":[9,109,111,100,101],""logprob"":-12.450518608093262,""rank"":3},{""token"":""message"",""token_id"":null,""bytes"":[109,101,115,115,97,103,101],""logprob"":-12.52582836151123,""rank"":4},{""token"":""type"",""token_id"":null,""bytes"":[116,121,112,101],""logprob"":-12.704558372497559,""rank"":5},{""token"":""modes"",""token_id"":null,""bytes"":[109,111,100,101,115],""logprob"":-13.00879192352295,""rank"":6},{""token"":""text"",""token_id"":null,""bytes"":[116,101,120,116],""logprob"":-13.02730655670166,""rank"":7},{""token"":"".mode"",""token_id"":null,""bytes"":[46,109,111,100,101],""logprob"":-13.08121395111084,""rank"":8},{""token"":""modele"",""token_id"":null,""bytes"":[109,111,100,101,108,101],""logprob"":-13.304131507873535,""rank"":9},{""token"":""code"",""token_id"":null,""bytes"":[99,111,100,101],""logprob"":-13.3998384475708,""rank"":10},{""token"":""sil"",""token_id"":null,""bytes"":[115,105,108],""logprob"":-13.428498268127441,""rank"":11},{""token"":""modo"",""token_id"":null,""bytes"":[109,111,100,111],""logprob"":-13.493985176086426,""rank"":12},{""token"":""Mode"",""token_id"":null,""bytes"":[77,111,100,101],""logprob"":-13.509793281555176,""rank"":13},{""token"":""-mode"",""token_id"":null,""bytes"":[45,109,111,100,101],""logprob"":-13.652989387512207,""rank"":14},{""token"":""mod"",""token_id"":null,""bytes"":[109,111,100],""logprob"":-13.808625221252441,""rank"":15},{""token"":""modal"",""token_id"":null,""bytes"":[109,111,100,97,108],""logprob"":-13.946375846862793,""rank"":16},{""token"":""(mode"",""token_id"":null,""bytes"":[40,109,111,100,101],""logprob"":-13.990456581115723,""rank"":17},{""token"":""_mode"",""token_id"":null,""bytes"":[95,109,111,100,101],""logprob"":-14.123860359191895,""rank"":18},{""token"":""m"",""token_id"":null,""bytes"":[109],""logprob"":-14.171221733093262,""rank"":19},{""token"":"" mode"",""token_id"":null,""bytes"":[32,109,111,100,101],""logprob"":-14.261170387268066,""rank"":20}]"
instrument_validation,B,R7,424,ABCD,2,6,""":",,"[34,58]",-6.318112355074845e-06,1,"[{""token"":""\"":"",""token_id"":null,""bytes"":[34,58],""logprob"":-6.318112355074845e-06,""rank"":1},{""token"":""\"":\"""",""token_id"":null,""bytes"":[34,58,34],""logprob"":-12.400069236755371,""rank"":2},{""token"":""\"""",""token_id"":null,""bytes"":[34],""logprob"":-13.777251243591309,""rank"":3},{""token"":""\"","",""token_id"":null,""bytes"":[34,44],""logprob"":-14.631165504455566,""rank"":4},{""token"":""':"",""token_id"":null,""bytes"":[39,58],""logprob"":-15.456767082214355,""rank"":5},{""token"":""\\\"":"",""token_id"":null,""bytes"":[92,34,58],""logprob"":-15.548569679260254,""rank"":6},{""token"":"" parole"",""token_id"":null,""bytes"":[32,112,97,114,111,108,101],""logprob"":-16.078182220458984,""rank"":7},{""token"":""**:"",""token_id"":null,""bytes"":[42,42,58],""logprob"":-16.53583526611328,""rank"":8},{""token"":"" \"":"",""token_id"":null,""bytes"":[32,34,58],""logprob"":-17.16021156311035,""rank"":9},{""token"":""\""):"",""token_id"":null,""bytes"":[34,41,58],""logprob"":-17.6252498626709,""rank"":10},{""token"":"" silence"",""token_id"":null,""bytes"":[32,115,105,108,101,110,99,101],""logprob"":-17.81531524658203,""rank"":11},{""token"":""\""."",""token_id"":null,""bytes"":[34,46],""logprob"":-17.919382095336914,""rank"":12},{""token"":""):"",""token_id"":null,""bytes"":[41,58],""logprob"":-18.109148025512695,""rank"":13},{""token"":"" parl"",""token_id"":null,""bytes"":[32,112,97,114,108],""logprob"":-18.482982635498047,""rank"":14},{""token"":""”:"",""token_id"":null,""bytes"":[226,128,157,58],""logprob"":-18.525266647338867,""rank"":15},{""token"":""\"">"",""token_id"":null,""bytes"":[34,62],""logprob"":-18.694597244262695,""rank"":16},{""token"":""$:"",""token_id"":null,""bytes"":[36,58],""logprob"":-18.8126277923584,""rank"":17},{""token"":""\"";"",""token_id"":null,""bytes"":[34,59],""logprob"":-18.88872718811035,""rank"":18},{""token"":""_par"",""token_id"":null,""bytes"":[95,112,97,114],""logprob"":-18.895191192626953,""rank"":19},{""token"":""\""]:"",""token_id"":null,""bytes"":[34,93,58],""logprob"":-19.05085563659668,""rank"":20}]"
instrument_validation,B,R7,424,ABCD,2,7," """,,"[32,34]",-6.84284750605002e-05,1,"[{""token"":"" \"""",""token_id"":null,""bytes"":[32,34],""logprob"":-6.84284750605002e-05,""rank"":1},{""token"":"" \""\"","",""token_id"":null,""bytes"":[32,34,34,44],""logprob"":-11.380424499511719,""rank"":2},{""token"":"" \""..."",""token_id"":null,""bytes"":[32,34,46,46,46],""logprob"":-11.570703506469727,""rank"":3},{""token"":"" parole"",""token_id"":null,""bytes"":[32,112,97,114,111,108,101],""logprob"":-11.879776000976562,""rank"":4},{""token"":"" \""\"""",""token_id"":null,""bytes"":[32,34,34],""logprob"":-12.034069061279297,""rank"":5},{""token"":"" \""\\"",""token_id"":null,""bytes"":[32,34,92],""logprob"":-12.164905548095703,""rank"":6},{""token"":"" \""\\\"""",""token_id"":null,""bytes"":[32,34,92,34],""logprob"":-12.202396392822266,""rank"":7},{""token"":"" \""'"",""token_id"":null,""bytes"":[32,34,39],""logprob"":-12.554153442382812,""rank"":8},{""token"":"" silence"",""token_id"":null,""bytes"":[32,115,105,108,101,110,99,101],""logprob"":-12.614547729492188,""rank"":9},{""token"":"" [\"""",""token_id"":null,""bytes"":[32,91,34],""logprob"":-12.863336563110352,""rank"":10},{""token"":"" \""_"",""token_id"":null,""bytes"":[32,34,95],""logprob"":-13.441798210144043,""rank"":11},{""token"":"" \""."",""token_id"":null,""bytes"":[32,34,46],""logprob"":-13.533601760864258,""rank"":12},{""token"":""parole"",""token_id"":null,""bytes"":[112,97,114,111,108,101],""logprob"":-13.81991195678711,""rank"":13},{""token"":"" \""|"",""token_id"":null,""bytes"":[32,34,124],""logprob"":-13.980768203735352,""rank"":14},{""token"":"" \""["",""token_id"":null,""bytes"":[32,34,91],""logprob"":-14.067144393920898,""rank"":15},{""token"":"" \"","",""token_id"":null,""bytes"":[32,34,44],""logprob"":-14.109048843383789,""rank"":16},{""token"":"" \""/"",""token_id"":null,""bytes"":[32,34,47],""logprob"":-14.309356689453125,""rank"":17},{""token"":"" {\"""",""token_id"":null,""bytes"":[32,123,34],""logprob"":-14.38705825805664,""rank"":18},{""token"":"" \""#"",""token_id"":null,""bytes"":[32,34,35],""logprob"":-14.412851333618164,""rank"":19},{""token"":"" \\\"""",""token_id"":null,""bytes"":[32,92,34],""logprob"":-14.429088592529297,""rank"":20}]"
instrument_validation,B,R7,424,ABCD,2,8,sil,,"[115,105,108]",-0.6785305142402649,1,"[{""token"":""sil"",""token_id"":null,""bytes"":[115,105,108],""logprob"":-0.6785305142402649,""rank"":1},{""token"":""parole"",""token_id"":null,""bytes"":[112,97,114,111,108,101],""logprob"":-0.7165859341621399,""rank"":2},{""token"":""par"",""token_id"":null,""bytes"":[112,97,114],""logprob"":-7.273228645324707,""rank"":3},{""token"":""pare"",""token_id"":null,""bytes"":[112,97,114,101],""logprob"":-8.244132041931152,""rank"":4},{""token"":""s"",""token_id"":null,""bytes"":[115],""logprob"":-8.282027244567871,""rank"":5},{""token"":"" parole"",""token_id"":null,""bytes"":[32,112,97,114,111,108,101],""logprob"":-8.345601081848145,""rank"":6},{""token"":""il"",""token_id"":null,""bytes"":[105,108],""logprob"":-8.678450584411621,""rank"":7},{""token"":""silent"",""token_id"":null,""bytes"":[115,105,108,101,110,116],""logprob"":-8.759028434753418,""rank"":8},{""token"":"" Silence"",""token_id"":null,""bytes"":[32,83,105,108,101,110,99,101],""logprob"":-9.19161319732666,""rank"":9},{""token"":""ver"",""token_id"":null,""bytes"":[118,101,114],""logprob"":-9.335183143615723,""rank"":10},{""token"":""paro"",""token_id"":null,""bytes"":[112,97,114,111],""logprob"":-9.436718940734863,""rank"":11},{""token"":""speech"",""token_id"":null,""bytes"":[115,112,101,101,99,104],""logprob"":-9.518757820129395,""rank"":12},{""token"":""si"",""token_id"":null,""bytes"":[115,105],""logprob"":-9.693621635437012,""rank"":13},{""token"":""Sil"",""token_id"":null,""bytes"":[83,105,108],""logprob"":-9.777594566345215,""rank"":14},{""token"":"" silence"",""token_id"":null,""bytes"":[32,115,105,108,101,110,99,101],""logprob"":-9.898611068725586,""rank"":15},{""token"":""vé"",""token_id"":null,""bytes"":[118,195,169],""logprob"":-10.031048774719238,""rank"":16},{""token"":""dialog"",""token_id"":null,""bytes"":[100,105,97,108,111,103],""logprob"":-10.352606773376465,""rank"":17},{""token"":""ré"",""token_id"":null,""bytes"":[114,195,169],""logprob"":-10.377238273620605,""rank"":18},{""token"":""phrase"",""token_id"":null,""bytes"":[112,104,114,97,115,101],""logprob"":-10.437884330749512,""rank"":19},{""token"":""mode"",""token_id"":null,""bytes"":[109,111,100,101],""logprob"":-10.515557289123535,""rank"":20}]"
instrument_validation,B,R7,424,ABCD,2,9,ence,,"[101,110,99,101]",-9.179157132166438e-06,1,"[{""token"":""ence"",""token_id"":null,""bytes"":[101,110,99,101],""logprob"":-9.179157132166438e-06,""rank"":1},{""token"":""ience"",""token_id"":null,""bytes"":[105,101,110,99,101],""logprob"":-12.033693313598633,""rank"":2},{""token"":""ance"",""token_id"":null,""bytes"":[97,110,99,101],""logprob"":-12.892942428588867,""rank"":3},{""token"":""enc"",""token_id"":null,""bytes"":[101,110,99],""logprob"":-15.13233757019043,""rank"":4},{""token"":""ences"",""token_id"":null,""bytes"":[101,110,99,101,115],""logprob"":-15.992465019226074,""rank"":5},{""token"":""\"","",""token_id"":null,""bytes"":[34,44],""logprob"":-16.00364875793457,""rank"":6},{""token"":""ène"",""token_id"":null,""bytes"":[195,168,110,101],""logprob"":-16.335693359375,""rank"":7},{""token"":""ense"",""token_id"":null,""bytes"":[101,110,115,101],""logprob"":-16.374631881713867,""rank"":8},{""token"":""ince"",""token_id"":null,""bytes"":[105,110,99,101],""logprob"":-16.63836097717285,""rank"":9},{""token"":""enced"",""token_id"":null,""bytes"":[101,110,99,101,100],""logprob"":-16.825773239135742,""rank"":10},{""token"":""enco"",""token_id"":null,""bytes"":[101,110,99,111],""logprob"":-16.849681854248047,""rank"":11},{""token"":""encie"",""token_id"":null,""bytes"":[101,110,99,105,101],""logprob"":-16.97252082824707,""rank"":12},{""token"":""enci"",""token_id"":null,""bytes"":[101,110,99,105],""logprob"":-17.179616928100586,""rank"":13},{""token"":""ace"",""token_id"":null,""bytes"":[97,99,101],""logprob"":-17.204364776611328,""rank"":14},{""token"":""encer"",""token_id"":null,""bytes"":[101,110,99,101,114],""logprob"":-17.758752822875977,""rank"":15},{""token"":""gence"",""token_id"":null,""bytes"":[103,101,110,99,101],""logprob"":-17.82347869873047,""rank"":16},{""token"":""age"",""token_id"":null,""bytes"":[97,103,101],""logprob"":-17.928369522094727,""rank"":17},{""token"":""nce"",""token_id"":null,""bytes"":[110,99,101],""logprob"":-17.965024948120117,""rank"":18},{""token"":""phone"",""token_id"":null,""bytes"":[112,104,111,110,101],""logprob"":-18.009349822998047,""rank"":19},{""token"":""ene"",""token_id"":null,""bytes"":[101,110,101],""logprob"":-18.094144821166992,""rank"":20}]"
instrument_validation,B,R7,424,ABCD,2,10,""",",,"[34,44]",-0.10652503371238708,1,"[{""token"":""\"","",""token_id"":null,""bytes"":[34,44],""logprob"":-0.10652503371238708,""rank"":1},{""token"":""\"""",""token_id"":null,""bytes"":[34],""logprob"":-2.292224407196045,""rank"":2},{""token"":""\n"",""token_id"":null,""bytes"":[10],""logprob"":-13.167221069335938,""rank"":3},{""token"":""\""."",""token_id"":null,""bytes"":[34,46],""logprob"":-13.745504379272461,""rank"":4},{""token"":""\\\"","",""token_id"":null,""bytes"":[92,34,44],""logprob"":-14.183154106140137,""rank"":5},{""token"":""',"",""token_id"":null,""bytes"":[39,44],""logprob"":-14.31869125366211,""rank"":6},{""token"":"" \"","",""token_id"":null,""bytes"":[32,34,44],""logprob"":-14.853628158569336,""rank"":7},{""token"":""\""}"",""token_id"":null,""bytes"":[34,125],""logprob"":-15.259098052978516,""rank"":8},{""token"":""'"",""token_id"":null,""bytes"":[39],""logprob"":-15.433650970458984,""rank"":9},{""token"":""\""،"",""token_id"":null,""bytes"":[34,216,140],""logprob"":-15.486459732055664,""rank"":10},{""token"":""\"")"",""token_id"":null,""bytes"":[34,41],""logprob"":-15.648635864257812,""rank"":11},{""token"":""\""',"",""token_id"":null,""bytes"":[34,39,44],""logprob"":-15.711355209350586,""rank"":12},{""token"":""\""]"",""token_id"":null,""bytes"":[34,93],""logprob"":-16.41552734375,""rank"":13},{""token"":"",\"""",""token_id"":null,""bytes"":[44,34],""logprob"":-16.476158142089844,""rank"":14},{""token"":""\"">"",""token_id"":null,""bytes"":[34,62],""logprob"":-16.60354995727539,""rank"":15},{""token"":""\"":"",""token_id"":null,""bytes"":[34,58],""logprob"":-16.683406829833984,""rank"":16},{""token"":""\""'"",""token_id"":null,""bytes"":[34,39],""logprob"":-16.72724151611328,""rank"":17},{""token"":""\""d"",""token_id"":null,""bytes"":[34,100],""logprob"":-16.85307502746582,""rank"":18},{""token"":""'\"","",""token_id"":null,""bytes"":[39,34,44],""logprob"":-16.86203956604004,""rank"":19},{""token"":""/\"","",""token_id"":null,""bytes"":[47,34,44],""logprob"":-16.952882766723633,""rank"":20}]"
instrument_validation,B,R7,424,ABCD,2,11,"
",,[10],-4.0531240301788785e-06,1,"[{""token"":""\n"",""token_id"":null,""bytes"":[10],""logprob"":-4.0531240301788785e-06,""rank"":1},{""token"":"" \n"",""token_id"":null,""bytes"":[32,10],""logprob"":-12.90800666809082,""rank"":2},{""token"":"""",""token_id"":null,""bytes"":[],""logprob"":-14.16970443725586,""rank"":3},{""token"":""\n\n"",""token_id"":null,""bytes"":[10,10],""logprob"":-14.509121894836426,""rank"":4},{""token"":"" \"""",""token_id"":null,""bytes"":[32,34],""logprob"":-15.510653495788574,""rank"":5},{""token"":""\r\n"",""token_id"":null,""bytes"":[13,10],""logprob"":-15.636159896850586,""rank"":6},{""token"":""  \n"",""token_id"":null,""bytes"":[32,32,10],""logprob"":-17.189529418945312,""rank"":7},{""token"":"" \""\"""",""token_id"":null,""bytes"":[32,34,34],""logprob"":-18.683391571044922,""rank"":8},{""token"":"" //"",""token_id"":null,""bytes"":[32,47,47],""logprob"":-18.903255462646484,""rank"":9},{""token"":""\t\n"",""token_id"":null,""bytes"":[9,10],""logprob"":-19.315635681152344,""rank"":10},{""token"":"" null"",""token_id"":null,""bytes"":[32,110,117,108,108],""logprob"":-19.363719940185547,""rank"":11},{""token"":"" "",""token_id"":null,""bytes"":[32],""logprob"":-19.447298049926758,""rank"":12},{""token"":"" texte"",""token_id"":null,""bytes"":[32,116,101,120,116,101],""logprob"":-19.508447647094727,""rank"":13},{""token"":""    \n"",""token_id"":null,""bytes"":[32,32,32,32,10],""logprob"":-19.649782180786133,""rank"":14},{""token"":""\n\n\n"",""token_id"":null,""bytes"":[10,10,10],""logprob"":-19.67249298095703,""rank"":15},{""token"":"""",""token_id"":null,""bytes"":[],""logprob"":-19.67579460144043,""rank"":16},{""token"":"" ("",""token_id"":null,""bytes"":[32,40],""logprob"":-20.201683044433594,""rank"":17},{""token"":""},"",""token_id"":null,""bytes"":[125,44],""logprob"":-20.5224609375,""rank"":18},{""token"":"" \""\"","",""token_id"":null,""bytes"":[32,34,34,44],""logprob"":-20.692123413085938,""rank"":19},{""token"":"" /*"",""token_id"":null,""bytes"":[32,47,42],""logprob"":-20.750492095947266,""rank"":20}]"
instrument_validation,B,R7,424,ABCD,2,12, ,,[32],-4.768372718899627e-07,1,"[{""token"":"" "",""token_id"":null,""bytes"":[32],""logprob"":-4.768372718899627e-07,""rank"":1},{""token"":"" \"""",""token_id"":null,""bytes"":[32,34],""logprob"":-15.015575408935547,""rank"":2},{""token"":""  \n"",""token_id"":null,""bytes"":[32,32,10],""logprob"":-15.97124195098877,""rank"":3},{""token"":"" texte"",""token_id"":null,""bytes"":[32,116,101,120,116,101],""logprob"":-17.74969482421875,""rank"":4},{""token"":""   "",""token_id"":null,""bytes"":[32,32,32],""logprob"":-18.280445098876953,""rank"":5},{""token"":""\"":"",""token_id"":null,""bytes"":[34,58],""logprob"":-18.35386085510254,""rank"":6},{""token"":""\"""",""token_id"":null,""bytes"":[34],""logprob"":-18.697397232055664,""rank"":7},{""token"":""  "",""token_id"":null,""bytes"":[32,32],""logprob"":-18.71950912475586,""rank"":8},{""token"":""\t"",""token_id"":null,""bytes"":[9],""logprob"":-18.91667938232422,""rank"":9},{""token"":"""",""token_id"":null,""bytes"":[],""logprob"":-19.310272216796875,""rank"":10},{""token"":"""",""token_id"":null,""bytes"":[],""logprob"":-19.3282527923584,""rank"":11},{""token"":""     "",""token_id"":null,""bytes"":[32,32,32,32,32],""logprob"":-19.716014862060547,""rank"":12},{""token"":""</think>"",""token_id"":null,""bytes"":[60,47,116,104,105,110,107,62],""logprob"":-19.986324310302734,""rank"":13},{""token"":""<<<<<<<"",""token_id"":null,""bytes"":[60,60,60,60,60,60,60],""logprob"":-20.007781982421875,""rank"":14},{""token"":""}"",""token_id"":null,""bytes"":[125],""logprob"":-20.5162410736084,""rank"":15},{""token"":"" textes"",""token_id"":null,""bytes"":[32,116,101,120,116,101,115],""logprob"":-20.848384857177734,""rank"":16},{""token"":""\""text"",""token_id"":null,""bytes"":[34,116,101,120,116],""logprob"":-20.884056091308594,""rank"":17},{""token"":""texte"",""token_id"":null,""bytes"":[116,101,120,116,101],""logprob"":-21.046422958374023,""rank"":18},{""token"":""}:"",""token_id"":null,""bytes"":[125,58],""logprob"":-21.344078063964844,""rank"":19},{""token"":""    "",""token_id"":null,""bytes"":[32,32,32,32],""logprob"":-21.39398193359375,""rank"":20}]"
instrument_validation,B,R7,424,ABCD,2,13," """,,"[32,34]",-2.0265599687263602e-06,1,"[{""token"":"" \"""",""token_id"":null,""bytes"":[32,34],""logprob"":-2.0265599687263602e-06,""rank"":1},{""token"":"" \""\"""",""token_id"":null,""bytes"":[32,34,34],""logprob"":-13.223140716552734,""rank"":2},{""token"":"" \""\\\"""",""token_id"":null,""bytes"":[32,34,92,34],""logprob"":-15.966304779052734,""rank"":3},{""token"":"" \""_"",""token_id"":null,""bytes"":[32,34,95],""logprob"":-16.198970794677734,""rank"":4},{""token"":"" \""..."",""token_id"":null,""bytes"":[32,34,46,46,46],""logprob"":-16.936288833618164,""rank"":5},{""token"":"" \""\\"",""token_id"":null,""bytes"":[32,34,92],""logprob"":-17.140249252319336,""rank"":6},{""token"":"" \""<"",""token_id"":null,""bytes"":[32,34,60],""logprob"":-17.150043487548828,""rank"":7},{""token"":"" \""."",""token_id"":null,""bytes"":[32,34,46],""logprob"":-17.15288543701172,""rank"":8},{""token"":"" \\\"""",""token_id"":null,""bytes"":[32,92,34],""logprob"":-17.178312301635742,""rank"":9},{""token"":"" \""__"",""token_id"":null,""bytes"":[32,34,95,95],""logprob"":-17.386140823364258,""rank"":10},{""token"":"" \""["",""token_id"":null,""bytes"":[32,34,91],""logprob"":-17.505483627319336,""rank"":11},{""token"":""\"""",""token_id"":null,""bytes"":[34],""logprob"":-17.655181884765625,""rank"":12},{""token"":"" \"":"",""token_id"":null,""bytes"":[32,34,58],""logprob"":-17.811670303344727,""rank"":13},{""token"":"" \""/"",""token_id"":null,""bytes"":[32,34,47],""logprob"":-17.81410026550293,""rank"":14},{""token"":"" \""'"",""token_id"":null,""bytes"":[32,34,39],""logprob"":-17.993215560913086,""rank"":15},{""token"":"" \""#"",""token_id"":null,""bytes"":[32,34,35],""logprob"":-18.191484451293945,""rank"":16},{""token"":"" \""{\\\"""",""token_id"":null,""bytes"":[32,34,123,92,34],""logprob"":-18.200597763061523,""rank"":17},{""token"":"" \""--"",""token_id"":null,""bytes"":[32,34,45,45],""logprob"":-18.457622528076172,""rank"":18},{""token"":"" \""\"","",""token_id"":null,""bytes"":[32,34,34,44],""logprob"":-18.5249080657959,""rank"":19},{""token"":"" \""("",""token_id"":null,""bytes"":[32,34,40],""logprob"":-18.664323806762695,""rank"":20}]"
instrument_validation,B,R7,424,ABCD,2,14,texte,,"[116,101,120,116,101]",-0.000649364956188947,1,"[{""token"":""texte"",""token_id"":null,""bytes"":[116,101,120,116,101],""logprob"":-0.000649364956188947,""rank"":1},{""token"":""texto"",""token_id"":null,""bytes"":[116,101,120,116,111],""logprob"":-7.792206764221191,""rank"":2},{""token"":"" texte"",""token_id"":null,""bytes"":[32,116,101,120,116,101],""logprob"":-9.244690895080566,""rank"":3},{""token"":""texture"",""token_id"":null,""bytes"":[116,101,120,116,117,114,101],""logprob"":-10.890830039978027,""rank"":4},{""token"":""text"",""token_id"":null,""bytes"":[116,101,120,116],""logprob"":-11.115731239318848,""rank"":5},{""token"":""liste"",""token_id"":null,""bytes"":[108,105,115,116,101],""logprob"":-11.182448387145996,""rank"":6},{""token"":""textContent"",""token_id"":null,""bytes"":[116,101,120,116,67,111,110,116,101,110,116],""logprob"":-11.407805442810059,""rank"":7},{""token"":""teste"",""token_id"":null,""bytes"":[116,101,115,116,101],""logprob"":-11.458174705505371,""rank"":8},{""token"":""reste"",""token_id"":null,""bytes"":[114,101,115,116,101],""logprob"":-11.648634910583496,""rank"":9},{""token"":""texts"",""token_id"":null,""bytes"":[116,101,120,116,115],""logprob"":-12.051970481872559,""rank"":10},{""token"":""technologie"",""token_id"":null,""bytes"":[116,101,99,104,110,111,108,111,103,105,101],""logprob"":-12.242867469787598,""rank"":11},{""token"":"" тексте"",""token_id"":null,""bytes"":[32,209,130,208,181,208,186,209,129,209,130,208,181],""logprob"":-12.432995796203613,""rank"":12},{""token"":"" Texte"",""token_id"":null,""bytes"":[32,84,101,120,116,101],""logprob"":-12.615911483764648,""rank"":13},{""token"":""tek"",""token_id"":null,""bytes"":[116,101,107],""logprob"":-12.656133651733398,""rank"":14},{""token"":""registre"",""token_id"":null,""bytes"":[114,101,103,105,115,116,114,101],""logprob"":-12.676610946655273,""rank"":15},{""token"":""titre"",""token_id"":null,""bytes"":[116,105,116,114,101],""logprob"":-12.823463439941406,""rank"":16},{""token"":""acte"",""token_id"":null,""bytes"":[97,99,116,101],""logprob"":-12.954418182373047,""rank"":17},{""token"":""poste"",""token_id"":null,""bytes"":[112,111,115,116,101],""logprob"":-13.168631553649902,""rank"":18},{""token"":""vente"",""token_id"":null,""bytes"":[118,101,110,116,101],""logprob"":-13.254956245422363,""rank"":19},{""token"":""contre"",""token_id"":null,""bytes"":[99,111,110,116,114,101],""logprob"":-13.27321720123291,""rank"":20}]"
instrument_validation,B,R7,424,ABCD,2,15,""":",,"[34,58]",-1.0848104466276709e-05,1,"[{""token"":""\"":"",""token_id"":null,""bytes"":[34,58],""logprob"":-1.0848104466276709e-05,""rank"":1},{""token"":""\"""",""token_id"":null,""bytes"":[34],""logprob"":-11.591935157775879,""rank"":2},{""token"":""\"":\""\"""",""token_id"":null,""bytes"":[34,58,34,34],""logprob"":-13.789422035217285,""rank"":3},{""token"":""\\\"":"",""token_id"":null,""bytes"":[92,34,58],""logprob"":-15.505274772644043,""rank"":4},{""token"":""\"":\"""",""token_id"":null,""bytes"":[34,58,34],""logprob"":-16.480609893798828,""rank"":5},{""token"":""\""\"""",""token_id"":null,""bytes"":[34,34],""logprob"":-16.486652374267578,""rank"":6},{""token"":"" \""\"""",""token_id"":null,""bytes"":[32,34,34],""logprob"":-17.332462310791016,""rank"":7},{""token"":""\""\"":"",""token_id"":null,""bytes"":[34,34,58],""logprob"":-17.563003540039062,""rank"":8},{""token"":""':"",""token_id"":null,""bytes"":[39,58],""logprob"":-17.678428649902344,""rank"":9},{""token"":"" \"":"",""token_id"":null,""bytes"":[32,34,58],""logprob"":-18.161922454833984,""rank"":10},{""token"":""\"":\""\"",\"""",""token_id"":null,""bytes"":[34,58,34,34,44,34],""logprob"":-20.468273162841797,""rank"":11},{""token"":""**:"",""token_id"":null,""bytes"":[42,42,58],""logprob"":-20.76783561706543,""rank"":12},{""token"":"")\"":"",""token_id"":null,""bytes"":[41,34,58],""logprob"":-21.303287506103516,""rank"":13},{""token"":""”:"",""token_id"":null,""bytes"":[226,128,157,58],""logprob"":-21.43926239013672,""rank"":14},{""token"":""):"",""token_id"":null,""bytes"":[41,58],""logprob"":-21.448863983154297,""rank"":15},{""token"":""():"",""token_id"":null,""bytes"":[40,41,58],""logprob"":-21.643138885498047,""rank"":16},{""token"":""\"";"",""token_id"":null,""bytes"":[34,59],""logprob"":-21.703598022460938,""rank"":17},{""token"":""=\""\"""",""token_id"":null,""bytes"":[61,34,34],""logprob"":-21.73519515991211,""rank"":18},{""token"":""：\"""",""token_id"":null,""bytes"":[239,188,154,34],""logprob"":-22.12383460998535,""rank"":19},{""token"":""]:"",""token_id"":null,""bytes"":[93,58],""logprob"":-22.13482666015625,""rank"":20}]"
instrument_validation,B,R7,424,ABCD,2,16," """"",,"[32,34,34]",-0.0031248226296156645,1,"[{""token"":"" \""\"""",""token_id"":null,""bytes"":[32,34,34],""logprob"":-0.0031248226296156645,""rank"":1},{""token"":"" \"""",""token_id"":null,""bytes"":[32,34],""logprob"":-6.100138187408447,""rank"":2},{""token"":"" null"",""token_id"":null,""bytes"":[32,110,117,108,108],""logprob"":-7.526052951812744,""rank"":3},{""token"":"" \""\"","",""token_id"":null,""bytes"":[32,34,34,44],""logprob"":-8.518841743469238,""rank"":4},{""token"":"" \""\\\"""",""token_id"":null,""bytes"":[32,34,92,34],""logprob"":-9.442099571228027,""rank"":5},{""token"":"" []"",""token_id"":null,""bytes"":[32,91,93],""logprob"":-11.80165958404541,""rank"":6},{""token"":"" \""\"";"",""token_id"":null,""bytes"":[32,34,34,59],""logprob"":-11.854388236999512,""rank"":7},{""token"":"" \""\"")"",""token_id"":null,""bytes"":[32,34,34,41],""logprob"":-12.193669319152832,""rank"":8},{""token"":"" \"":"",""token_id"":null,""bytes"":[32,34,58],""logprob"":-12.201075553894043,""rank"":9},{""token"":"" \""*\"""",""token_id"":null,""bytes"":[32,34,42,34],""logprob"":-13.012121200561523,""rank"":10},{""token"":"" \""\\"",""token_id"":null,""bytes"":[32,34,92],""logprob"":-13.102936744689941,""rank"":11},{""token"":"" \""["",""token_id"":null,""bytes"":[32,34,91],""logprob"":-13.10526180267334,""rank"":12},{""token"":"" \""{}"",""token_id"":null,""bytes"":[32,34,123,125],""logprob"":-13.145672798156738,""rank"":13},{""token"":"" \""-\"""",""token_id"":null,""bytes"":[32,34,45,34],""logprob"":-13.171911239624023,""rank"":14},{""token"":"" \""**"",""token_id"":null,""bytes"":[32,34,42,42],""logprob"":-13.20593547821045,""rank"":15},{""token"":"" \""{\\\"""",""token_id"":null,""bytes"":[32,34,123,92,34],""logprob"":-13.487119674682617,""rank"":16},{""token"":"" \"":\"""",""token_id"":null,""bytes"":[32,34,58,34],""logprob"":-13.563658714294434,""rank"":17},{""token"":"" \""<"",""token_id"":null,""bytes"":[32,34,60],""logprob"":-13.607257843017578,""rank"":18},{""token"":"" \""\""."",""token_id"":null,""bytes"":[32,34,34,46],""logprob"":-13.682502746582031,""rank"":19},{""token"":""\"":\""\"""",""token_id"":null,""bytes"":[34,58,34,34],""logprob"":-13.726696014404297,""rank"":20}]"
instrument_validation,B,R7,424,ABCD,2,17,"
",,[10],-8.344653679159819e-07,1,"[{""token"":""\n"",""token_id"":null,""bytes"":[10],""logprob"":-8.344653679159819e-07,""rank"":1},{""token"":"""",""token_id"":null,""bytes"":[],""logprob"":-14.898009300231934,""rank"":2},{""token"":"" \n"",""token_id"":null,""bytes"":[32,10],""logprob"":-15.026812553405762,""rank"":3},{""token"":""\n\n"",""token_id"":null,""bytes"":[10,10],""logprob"":-15.510147094726562,""rank"":4},{""token"":""\n\n\n"",""token_id"":null,""bytes"":[10,10,10],""logprob"":-18.452171325683594,""rank"":5},{""token"":""\r\n"",""token_id"":null,""bytes"":[13,10],""logprob"":-18.60983657836914,""rank"":6},{""token"":"""",""token_id"":null,""bytes"":[],""logprob"":-18.63644027709961,""rank"":7},{""token"":"" //"",""token_id"":null,""bytes"":[32,47,47],""logprob"":-18.81763458251953,""rank"":8},{""token"":""\t\n"",""token_id"":null,""bytes"":[9,10],""logprob"":-19.102571487426758,""rank"":9},{""token"":""  \n"",""token_id"":null,""bytes"":[32,32,10],""logprob"":-19.350847244262695,""rank"":10},{""token"":""}"",""token_id"":null,""bytes"":[125],""logprob"":-19.731170654296875,""rank"":11},{""token"":"" "",""token_id"":null,""bytes"":[32],""logprob"":-20.140056610107422,""rank"":12},{""token"":""'"",""token_id"":null,""bytes"":[39],""logprob"":-20.184940338134766,""rank"":13},{""token"":"" ("",""token_id"":null,""bytes"":[32,40],""logprob"":-20.285377502441406,""rank"":14},{""token"":""\"""",""token_id"":null,""bytes"":[34],""logprob"":-20.707508087158203,""rank"":15},{""token"":"" }"",""token_id"":null,""bytes"":[32,125],""logprob"":-20.95410919189453,""rank"":16},{""token"":"" |"",""token_id"":null,""bytes"":[32,124],""logprob"":-20.972869873046875,""rank"":17},{""token"":""("",""token_id"":null,""bytes"":[40],""logprob"":-21.036907196044922,""rank"":18},{""token"":"" \"""",""token_id"":null,""bytes"":[32,34],""logprob"":-21.24525260925293,""rank"":19},{""token"":""|"",""token_id"":null,""bytes"":[124],""logprob"":-21.726078033447266,""rank"":20}]"
instrument_validation,B,R7,424,ABCD,2,18,},,[125],-2.5033982637978625e-06,1,"[{""token"":""}"",""token_id"":null,""bytes"":[125],""logprob"":-2.5033982637978625e-06,""rank"":1},{""token"":""},"",""token_id"":null,""bytes"":[125,44],""logprob"":-13.412047386169434,""rank"":2},{""token"":""}\"""",""token_id"":null,""bytes"":[125,34],""logprob"":-14.420966148376465,""rank"":3},{""token"":""}'"",""token_id"":null,""bytes"":[125,39],""logprob"":-14.732012748718262,""rank"":4},{""token"":""}`"",""token_id"":null,""bytes"":[125,96],""logprob"":-16.944538116455078,""rank"":5},{""token"":"""",""token_id"":null,""bytes"":[],""logprob"":-17.07771873474121,""rank"":6},{""token"":""};"",""token_id"":null,""bytes"":[125,59],""logprob"":-17.29252052307129,""rank"":7},{""token"":"" }"",""token_id"":null,""bytes"":[32,125],""logprob"":-17.51074981689453,""rank"":8},{""token"":""]"",""token_id"":null,""bytes"":[93],""logprob"":-17.624441146850586,""rank"":9},{""token"":""}</"",""token_id"":null,""bytes"":[125,60,47],""logprob"":-17.889892578125,""rank"":10},{""token"":""}:"",""token_id"":null,""bytes"":[125,58],""logprob"":-18.113574981689453,""rank"":11},{""token"":""}{"",""token_id"":null,""bytes"":[125,123],""logprob"":-18.221412658691406,""rank"":12},{""token"":""}$"",""token_id"":null,""bytes"":[125,36],""logprob"":-18.456174850463867,""rank"":13},{""token"":""\""}"",""token_id"":null,""bytes"":[34,125],""logprob"":-18.490724563598633,""rank"":14},{""token"":""}}"",""token_id"":null,""bytes"":[125,125],""logprob"":-18.694467544555664,""rank"":15},{""token"":""}>"",""token_id"":null,""bytes"":[125,62],""logprob"":-18.76248550415039,""rank"":16},{""token"":""}?"",""token_id"":null,""bytes"":[125,63],""logprob"":-18.96735954284668,""rank"":17},{""token"":""}."",""token_id"":null,""bytes"":[125,46],""logprob"":-19.074268341064453,""rank"":18},{""token"":""}%"",""token_id"":null,""bytes"":[125,37],""logprob"":-19.20347785949707,""rank"":19},{""token"":""}<"",""token_id"":null,""bytes"":[125,60],""logprob"":-19.22270965576172,""rank"":20}]"
instrument_validation,C,K0,424,ABCD,3,1,{,,[123],-0.022347530350089073,1,"[{""token"":""{"",""token_id"":null,""bytes"":[123],""logprob"":-0.022347530350089073,""rank"":1},{""token"":""{\"""",""token_id"":null,""bytes"":[123,34],""logprob"":-4.103880882263184,""rank"":2},{""token"":""```"",""token_id"":null,""bytes"":[96,96,96],""logprob"":-5.384608268737793,""rank"":3},{""token"":""{\\\"""",""token_id"":null,""bytes"":[123,92,34],""logprob"":-9.20559310913086,""rank"":4},{""token"":""{}"",""token_id"":null,""bytes"":[123,125],""logprob"":-9.365748405456543,""rank"":5},{""token"":""{\\"",""token_id"":null,""bytes"":[123,92],""logprob"":-9.38434886932373,""rank"":6},{""token"":""\"""",""token_id"":null,""bytes"":[34],""logprob"":-9.560626029968262,""rank"":7},{""token"":""{'"",""token_id"":null,""bytes"":[123,39],""logprob"":-9.563183784484863,""rank"":8},{""token"":""\""{"",""token_id"":null,""bytes"":[34,123],""logprob"":-9.581123352050781,""rank"":9},{""token"":""{j"",""token_id"":null,""bytes"":[123,106],""logprob"":-9.85186767578125,""rank"":10},{""token"":""Je"",""token_id"":null,""bytes"":[74,101],""logprob"":-10.081974029541016,""rank"":11},{""token"":""Non"",""token_id"":null,""bytes"":[78,111,110],""logprob"":-10.216764450073242,""rank"":12},{""token"":""JSON"",""token_id"":null,""bytes"":[74,83,79,78],""logprob"":-10.334641456604004,""rank"":13},{""token"":""Vo"",""token_id"":null,""bytes"":[86,111],""logprob"":-10.627400398254395,""rank"":14},{""token"":""{{"",""token_id"":null,""bytes"":[123,123],""logprob"":-10.65981388092041,""rank"":15},{""token"":""Il"",""token_id"":null,""bytes"":[73,108],""logprob"":-10.943987846374512,""rank"":16},{""token"":""J"",""token_id"":null,""bytes"":[74],""logprob"":-11.131125450134277,""rank"":17},{""token"":""{s"",""token_id"":null,""bytes"":[123,115],""logprob"":-11.393914222717285,""rank"":18},{""token"":""Ce"",""token_id"":null,""bytes"":[67,101],""logprob"":-11.466713905334473,""rank"":19},{""token"":""<think>"",""token_id"":null,""bytes"":[60,116,104,105,110,107,62],""logprob"":-11.51060962677002,""rank"":20}]"
instrument_validation,C,K0,424,ABCD,3,2,"
",,[10],-0.0010407617082819343,1,"[{""token"":""\n"",""token_id"":null,""bytes"":[10],""logprob"":-0.0010407617082819343,""rank"":1},{""token"":"" \"""",""token_id"":null,""bytes"":[32,34],""logprob"":-7.071502208709717,""rank"":2},{""token"":""mode"",""token_id"":null,""bytes"":[109,111,100,101],""logprob"":-8.883734703063965,""rank"":3},{""token"":"" "",""token_id"":null,""bytes"":[32],""logprob"":-10.773819923400879,""rank"":4},{""token"":"" \n"",""token_id"":null,""bytes"":[32,10],""logprob"":-11.489826202392578,""rank"":5},{""token"":"" mode"",""token_id"":null,""bytes"":[32,109,111,100,101],""logprob"":-12.151412963867188,""rank"":6},{""token"":""  \n"",""token_id"":null,""bytes"":[32,32,10],""logprob"":-12.230362892150879,""rank"":7},{""token"":""\r\n"",""token_id"":null,""bytes"":[13,10],""logprob"":-13.607529640197754,""rank"":8},{""token"":""“"",""token_id"":null,""bytes"":[226,128,156],""logprob"":-14.075776100158691,""rank"":9},{""token"":""(\"""",""token_id"":null,""bytes"":[40,34],""logprob"":-14.391439437866211,""rank"":10},{""token"":""type"",""token_id"":null,""bytes"":[116,121,112,101],""logprob"":-14.40467357635498,""rank"":11},{""token"":""\n\n"",""token_id"":null,""bytes"":[10,10],""logprob"":-14.461779594421387,""rank"":12},{""token"":""Mode"",""token_id"":null,""bytes"":[77,111,100,101],""logprob"":-14.53749942779541,""rank"":13},{""token"":""kind"",""token_id"":null,""bytes"":[107,105,110,100],""logprob"":-14.604071617126465,""rank"":14},{""token"":""\"""",""token_id"":null,""bytes"":[34],""logprob"":-14.779879570007324,""rank"":15},{""token"":""status"",""token_id"":null,""bytes"":[115,116,97,116,117,115],""logprob"":-14.792433738708496,""rank"":16},{""token"":""json"",""token_id"":null,""bytes"":[106,115,111,110],""logprob"":-14.922239303588867,""rank"":17},{""token"":""_mode"",""token_id"":null,""bytes"":[95,109,111,100,101],""logprob"":-15.078125,""rank"":18},{""token"":""info"",""token_id"":null,""bytes"":[105,110,102,111],""logprob"":-15.14584732055664,""rank"":19},{""token"":""=\"""",""token_id"":null,""bytes"":[61,34],""logprob"":-15.317330360412598,""rank"":20}]"
instrument_validation,C,K0,424,ABCD,3,3, ,,[32],-0.00021775947243440896,1,"[{""token"":"" "",""token_id"":null,""bytes"":[32],""logprob"":-0.00021775947243440896,""rank"":1},{""token"":""\"""",""token_id"":null,""bytes"":[34],""logprob"":-9.088756561279297,""rank"":2},{""token"":"" \"""",""token_id"":null,""bytes"":[32,34],""logprob"":-9.261333465576172,""rank"":3},{""token"":""\""text"",""token_id"":null,""bytes"":[34,116,101,120,116],""logprob"":-13.031827926635742,""rank"":4},{""token"":""  \n"",""token_id"":null,""bytes"":[32,32,10],""logprob"":-13.105371475219727,""rank"":5},{""token"":""\""type"",""token_id"":null,""bytes"":[34,116,121,112,101],""logprob"":-13.343097686767578,""rank"":6},{""token"":""   "",""token_id"":null,""bytes"":[32,32,32],""logprob"":-13.5609712600708,""rank"":7},{""token"":""\t"",""token_id"":null,""bytes"":[9],""logprob"":-13.680267333984375,""rank"":8},{""token"":""\""c"",""token_id"":null,""bytes"":[34,99],""logprob"":-15.041730880737305,""rank"":9},{""token"":""     "",""token_id"":null,""bytes"":[32,32,32,32,32],""logprob"":-15.402347564697266,""rank"":10},{""token"":""\""data"",""token_id"":null,""bytes"":[34,100,97,116,97],""logprob"":-15.810380935668945,""rank"":11},{""token"":""mode"",""token_id"":null,""bytes"":[109,111,100,101],""logprob"":-15.86446762084961,""rank"":12},{""token"":""}"",""token_id"":null,""bytes"":[125],""logprob"":-16.031518936157227,""rank"":13},{""token"":""  "",""token_id"":null,""bytes"":[32,32],""logprob"":-16.039047241210938,""rank"":14},{""token"":""\""I"",""token_id"":null,""bytes"":[34,73],""logprob"":-16.21870994567871,""rank"":15},{""token"":""\""C"",""token_id"":null,""bytes"":[34,67],""logprob"":-16.35738754272461,""rank"":16},{""token"":""“"",""token_id"":null,""bytes"":[226,128,156],""logprob"":-16.409826278686523,""rank"":17},{""token"":""\""d"",""token_id"":null,""bytes"":[34,100],""logprob"":-16.490966796875,""rank"":18},{""token"":""\""name"",""token_id"":null,""bytes"":[34,110,97,109,101],""logprob"":-16.572994232177734,""rank"":19},{""token"":""\""The"",""token_id"":null,""bytes"":[34,84,104,101],""logprob"":-16.78647804260254,""rank"":20}]"
instrument_validation,C,K0,424,ABCD,3,4," """,,"[32,34]",-3.218656047465629e-06,1,"[{""token"":"" \"""",""token_id"":null,""bytes"":[32,34],""logprob"":-3.218656047465629e-06,""rank"":1},{""token"":"" \""_"",""token_id"":null,""bytes"":[32,34,95],""logprob"":-13.295794486999512,""rank"":2},{""token"":"" \""\\\"""",""token_id"":null,""bytes"":[32,34,92,34],""logprob"":-14.324239730834961,""rank"":3},{""token"":"" mode"",""token_id"":null,""bytes"":[32,109,111,100,101],""logprob"":-15.079508781433105,""rank"":4},{""token"":"" \""__"",""token_id"":null,""bytes"":[32,34,95,95],""logprob"":-15.397425651550293,""rank"":5},{""token"":"" \""\\"",""token_id"":null,""bytes"":[32,34,92],""logprob"":-15.581576347351074,""rank"":6},{""token"":"" \""["",""token_id"":null,""bytes"":[32,34,91],""logprob"":-16.01211166381836,""rank"":7},{""token"":"" \""<"",""token_id"":null,""bytes"":[32,34,60],""logprob"":-16.039506912231445,""rank"":8},{""token"":"" \""..."",""token_id"":null,""bytes"":[32,34,46,46,46],""logprob"":-16.570999145507812,""rank"":9},{""token"":"" \\\"""",""token_id"":null,""bytes"":[32,92,34],""logprob"":-16.77471351623535,""rank"":10},{""token"":"" '"",""token_id"":null,""bytes"":[32,39],""logprob"":-16.955440521240234,""rank"":11},{""token"":"" \""/"",""token_id"":null,""bytes"":[32,34,47],""logprob"":-16.97596549987793,""rank"":12},{""token"":"" \""**"",""token_id"":null,""bytes"":[32,34,42,42],""logprob"":-17.041366577148438,""rank"":13},{""token"":"" \""*"",""token_id"":null,""bytes"":[32,34,42],""logprob"":-17.136245727539062,""rank"":14},{""token"":"" \""@"",""token_id"":null,""bytes"":[32,34,64],""logprob"":-17.154640197753906,""rank"":15},{""token"":"" \"":"",""token_id"":null,""bytes"":[32,34,58],""logprob"":-17.353126525878906,""rank"":16},{""token"":"" //"",""token_id"":null,""bytes"":[32,47,47],""logprob"":-17.501754760742188,""rank"":17},{""token"":"" \""{"",""token_id"":null,""bytes"":[32,34,123],""logprob"":-17.502775192260742,""rank"":18},{""token"":"" \""$"",""token_id"":null,""bytes"":[32,34,36],""logprob"":-17.50396728515625,""rank"":19},{""token"":"" \""{\\\"""",""token_id"":null,""bytes"":[32,34,123,92,34],""logprob"":-17.693403244018555,""rank"":20}]"
instrument_validation,C,K0,424,ABCD,3,5,mode,,"[109,111,100,101]",-0.00011695115244947374,1,"[{""token"":""mode"",""token_id"":null,""bytes"":[109,111,100,101],""logprob"":-0.00011695115244947374,""rank"":1},{""token"":""texte"",""token_id"":null,""bytes"":[116,101,120,116,101],""logprob"":-9.467223167419434,""rank"":2},{""token"":""\tmode"",""token_id"":null,""bytes"":[9,109,111,100,101],""logprob"":-12.454880714416504,""rank"":3},{""token"":""message"",""token_id"":null,""bytes"":[109,101,115,115,97,103,101],""logprob"":-12.663521766662598,""rank"":4},{""token"":""type"",""token_id"":null,""bytes"":[116,121,112,101],""logprob"":-12.774247169494629,""rank"":5},{""token"":""text"",""token_id"":null,""bytes"":[116,101,120,116],""logprob"":-13.038310050964355,""rank"":6},{""token"":""modes"",""token_id"":null,""bytes"":[109,111,100,101,115],""logprob"":-13.055916786193848,""rank"":7},{""token"":"".mode"",""token_id"":null,""bytes"":[46,109,111,100,101],""logprob"":-13.104939460754395,""rank"":8},{""token"":""modele"",""token_id"":null,""bytes"":[109,111,100,101,108,101],""logprob"":-13.266457557678223,""rank"":9},{""token"":""code"",""token_id"":null,""bytes"":[99,111,100,101],""logprob"":-13.34420108795166,""rank"":10},{""token"":""Mode"",""token_id"":null,""bytes"":[77,111,100,101],""logprob"":-13.504467964172363,""rank"":11},{""token"":""sil"",""token_id"":null,""bytes"":[115,105,108],""logprob"":-13.579789161682129,""rank"":12},{""token"":""modo"",""token_id"":null,""bytes"":[109,111,100,111],""logprob"":-13.609468460083008,""rank"":13},{""token"":""-mode"",""token_id"":null,""bytes"":[45,109,111,100,101],""logprob"":-13.652457237243652,""rank"":14},{""token"":""mod"",""token_id"":null,""bytes"":[109,111,100],""logprob"":-13.80730152130127,""rank"":15},{""token"":""(mode"",""token_id"":null,""bytes"":[40,109,111,100,101],""logprob"":-13.965371131896973,""rank"":16},{""token"":""modal"",""token_id"":null,""bytes"":[109,111,100,97,108],""logprob"":-13.985454559326172,""rank"":17},{""token"":""_mode"",""token_id"":null,""bytes"":[95,109,111,100,101],""logprob"":-14.0993013381958,""rank"":18},{""token"":""m"",""token_id"":null,""bytes"":[109],""logprob"":-14.22118091583252,""rank"":19},{""token"":"" mode"",""token_id"":null,""bytes"":[32,109,111,100,101],""logprob"":-14.237397193908691,""rank"":20}]"
instrument_validation,C,K0,424,ABCD,3,6,""":",,"[34,58]",-5.722062269342132e-06,1,"[{""token"":""\"":"",""token_id"":null,""bytes"":[34,58],""logprob"":-5.722062269342132e-06,""rank"":1},{""token"":""\"":\"""",""token_id"":null,""bytes"":[34,58,34],""logprob"":-12.455028533935547,""rank"":2},{""token"":""\"""",""token_id"":null,""bytes"":[34],""logprob"":-14.045772552490234,""rank"":3},{""token"":""\"","",""token_id"":null,""bytes"":[34,44],""logprob"":-14.704669952392578,""rank"":4},{""token"":""':"",""token_id"":null,""bytes"":[39,58],""logprob"":-15.434219360351562,""rank"":5},{""token"":""\\\"":"",""token_id"":null,""bytes"":[92,34,58],""logprob"":-15.6852388381958,""rank"":6},{""token"":"" parole"",""token_id"":null,""bytes"":[32,112,97,114,111,108,101],""logprob"":-16.20048713684082,""rank"":7},{""token"":""**:"",""token_id"":null,""bytes"":[42,42,58],""logprob"":-16.584470748901367,""rank"":8},{""token"":"" \"":"",""token_id"":null,""bytes"":[32,34,58],""logprob"":-17.2637882232666,""rank"":9},{""token"":""\""):"",""token_id"":null,""bytes"":[34,41,58],""logprob"":-17.564666748046875,""rank"":10},{""token"":""\""."",""token_id"":null,""bytes"":[34,46],""logprob"":-17.93726921081543,""rank"":11},{""token"":"" silence"",""token_id"":null,""bytes"":[32,115,105,108,101,110,99,101],""logprob"":-18.03480339050293,""rank"":12},{""token"":""):"",""token_id"":null,""bytes"":[41,58],""logprob"":-18.152767181396484,""rank"":13},{""token"":""”:"",""token_id"":null,""bytes"":[226,128,157,58],""logprob"":-18.61845588684082,""rank"":14},{""token"":"" parl"",""token_id"":null,""bytes"":[32,112,97,114,108],""logprob"":-18.640487670898438,""rank"":15},{""token"":""\"">"",""token_id"":null,""bytes"":[34,62],""logprob"":-18.703813552856445,""rank"":16},{""token"":""$:"",""token_id"":null,""bytes"":[36,58],""logprob"":-18.864978790283203,""rank"":17},{""token"":""\"";"",""token_id"":null,""bytes"":[34,59],""logprob"":-18.98735237121582,""rank"":18},{""token"":""\""]:"",""token_id"":null,""bytes"":[34,93,58],""logprob"":-19.10957908630371,""rank"":19},{""token"":""*:"",""token_id"":null,""bytes"":[42,58],""logprob"":-19.12611198425293,""rank"":20}]"
instrument_validation,C,K0,424,ABCD,3,7," """,,"[32,34]",-6.580569606740028e-05,1,"[{""token"":"" \"""",""token_id"":null,""bytes"":[32,34],""logprob"":-6.580569606740028e-05,""rank"":1},{""token"":"" \""\"","",""token_id"":null,""bytes"":[32,34,34,44],""logprob"":-11.462050437927246,""rank"":2},{""token"":"" \""..."",""token_id"":null,""bytes"":[32,34,46,46,46],""logprob"":-11.589383125305176,""rank"":3},{""token"":"" parole"",""token_id"":null,""bytes"":[32,112,97,114,111,108,101],""logprob"":-11.91740894317627,""rank"":4},{""token"":"" \""\"""",""token_id"":null,""bytes"":[32,34,34],""logprob"":-12.049454689025879,""rank"":5},{""token"":"" \""\\\"""",""token_id"":null,""bytes"":[32,34,92,34],""logprob"":-12.176072120666504,""rank"":6},{""token"":"" \""\\"",""token_id"":null,""bytes"":[32,34,92],""logprob"":-12.242812156677246,""rank"":7},{""token"":"" \""'"",""token_id"":null,""bytes"":[32,34,39],""logprob"":-12.505087852478027,""rank"":8},{""token"":"" silence"",""token_id"":null,""bytes"":[32,115,105,108,101,110,99,101],""logprob"":-12.663191795349121,""rank"":9},{""token"":"" [\"""",""token_id"":null,""bytes"":[32,91,34],""logprob"":-12.878005027770996,""rank"":10},{""token"":"" \""_"",""token_id"":null,""bytes"":[32,34,95],""logprob"":-13.467469215393066,""rank"":11},{""token"":"" \""."",""token_id"":null,""bytes"":[32,34,46],""logprob"":-13.557581901550293,""rank"":12},{""token"":""parole"",""token_id"":null,""bytes"":[112,97,114,111,108,101],""logprob"":-13.832173347473145,""rank"":13},{""token"":"" \""|"",""token_id"":null,""bytes"":[32,34,124],""logprob"":-13.960796356201172,""rank"":14},{""token"":"" \"","",""token_id"":null,""bytes"":[32,34,44],""logprob"":-14.1245698928833,""rank"":15},{""token"":"" \""["",""token_id"":null,""bytes"":[32,34,91],""logprob"":-14.16698932647705,""rank"":16},{""token"":"" \""/"",""token_id"":null,""bytes"":[32,34,47],""logprob"":-14.304286003112793,""rank"":17},{""token"":"" {\"""",""token_id"":null,""bytes"":[32,123,34],""logprob"":-14.390509605407715,""rank"":18},{""token"":"" \""#"",""token_id"":null,""bytes"":[32,34,35],""logprob"":-14.443840026855469,""rank"":19},{""token"":"" \""<"",""token_id"":null,""bytes"":[32,34,60],""logprob"":-14.530372619628906,""rank"":20}]"
instrument_validation,C,K0,424,ABCD,3,8,sil,,"[115,105,108]",-0.6199643015861511,1,"[{""token"":""sil"",""token_id"":null,""bytes"":[115,105,108],""logprob"":-0.6199643015861511,""rank"":1},{""token"":""parole"",""token_id"":null,""bytes"":[112,97,114,111,108,101],""logprob"":-0.7807443141937256,""rank"":2},{""token"":""par"",""token_id"":null,""bytes"":[112,97,114],""logprob"":-7.385531902313232,""rank"":3},{""token"":"" parole"",""token_id"":null,""bytes"":[32,112,97,114,111,108,101],""logprob"":-8.325679779052734,""rank"":4},{""token"":""pare"",""token_id"":null,""bytes"":[112,97,114,101],""logprob"":-8.352705001831055,""rank"":5},{""token"":""s"",""token_id"":null,""bytes"":[115],""logprob"":-8.371803283691406,""rank"":6},{""token"":""il"",""token_id"":null,""bytes"":[105,108],""logprob"":-8.694746017456055,""rank"":7},{""token"":""silent"",""token_id"":null,""bytes"":[115,105,108,101,110,116],""logprob"":-8.703237533569336,""rank"":8},{""token"":"" Silence"",""token_id"":null,""bytes"":[32,83,105,108,101,110,99,101],""logprob"":-9.31553840637207,""rank"":9},{""token"":""ver"",""token_id"":null,""bytes"":[118,101,114],""logprob"":-9.44383430480957,""rank"":10},{""token"":""speech"",""token_id"":null,""bytes"":[115,112,101,101,99,104],""logprob"":-9.522499084472656,""rank"":11},{""token"":""paro"",""token_id"":null,""bytes"":[112,97,114,111],""logprob"":-9.62415885925293,""rank"":12},{""token"":""si"",""token_id"":null,""bytes"":[115,105],""logprob"":-9.689441680908203,""rank"":13},{""token"":""Sil"",""token_id"":null,""bytes"":[83,105,108],""logprob"":-9.850555419921875,""rank"":14},{""token"":"" silence"",""token_id"":null,""bytes"":[32,115,105,108,101,110,99,101],""logprob"":-9.959634780883789,""rank"":15},{""token"":""vé"",""token_id"":null,""bytes"":[118,195,169],""logprob"":-10.066368103027344,""rank"":16},{""token"":""dialog"",""token_id"":null,""bytes"":[100,105,97,108,111,103],""logprob"":-10.34749984741211,""rank"":17},{""token"":""sou"",""token_id"":null,""bytes"":[115,111,117],""logprob"":-10.445756912231445,""rank"":18},{""token"":""phrase"",""token_id"":null,""bytes"":[112,104,114,97,115,101],""logprob"":-10.555351257324219,""rank"":19},{""token"":""ré"",""token_id"":null,""bytes"":[114,195,169],""logprob"":-10.575225830078125,""rank"":20}]"
instrument_validation,C,K0,424,ABCD,3,9,ence,,"[101,110,99,101]",-9.775209946383256e-06,1,"[{""token"":""ence"",""token_id"":null,""bytes"":[101,110,99,101],""logprob"":-9.775209946383256e-06,""rank"":1},{""token"":""ience"",""token_id"":null,""bytes"":[105,101,110,99,101],""logprob"":-11.912710189819336,""rank"":2},{""token"":""ance"",""token_id"":null,""bytes"":[97,110,99,101],""logprob"":-12.932533264160156,""rank"":3},{""token"":""enc"",""token_id"":null,""bytes"":[101,110,99],""logprob"":-15.216045379638672,""rank"":4},{""token"":""\"","",""token_id"":null,""bytes"":[34,44],""logprob"":-16.03968620300293,""rank"":5},{""token"":""ences"",""token_id"":null,""bytes"":[101,110,99,101,115],""logprob"":-16.05914878845215,""rank"":6},{""token"":""ense"",""token_id"":null,""bytes"":[101,110,115,101],""logprob"":-16.32276725769043,""rank"":7},{""token"":""ène"",""token_id"":null,""bytes"":[195,168,110,101],""logprob"":-16.33088493347168,""rank"":8},{""token"":""ince"",""token_id"":null,""bytes"":[105,110,99,101],""logprob"":-16.661741256713867,""rank"":9},{""token"":""enced"",""token_id"":null,""bytes"":[101,110,99,101,100],""logprob"":-16.82032585144043,""rank"":10},{""token"":""enco"",""token_id"":null,""bytes"":[101,110,99,111],""logprob"":-16.858097076416016,""rank"":11},{""token"":""encie"",""token_id"":null,""bytes"":[101,110,99,105,101],""logprob"":-17.01716423034668,""rank"":12},{""token"":""enci"",""token_id"":null,""bytes"":[101,110,99,105],""logprob"":-17.19097328186035,""rank"":13},{""token"":""ace"",""token_id"":null,""bytes"":[97,99,101],""logprob"":-17.263853073120117,""rank"":14},{""token"":""encer"",""token_id"":null,""bytes"":[101,110,99,101,114],""logprob"":-17.811033248901367,""rank"":15},{""token"":""gence"",""token_id"":null,""bytes"":[103,101,110,99,101],""logprob"":-17.832351684570312,""rank"":16},{""token"":""age"",""token_id"":null,""bytes"":[97,103,101],""logprob"":-17.933021545410156,""rank"":17},{""token"":""phone"",""token_id"":null,""bytes"":[112,104,111,110,101],""logprob"":-17.980066299438477,""rank"":18},{""token"":""nce"",""token_id"":null,""bytes"":[110,99,101],""logprob"":-18.000905990600586,""rank"":19},{""token"":""ene"",""token_id"":null,""bytes"":[101,110,101],""logprob"":-18.063213348388672,""rank"":20}]"
instrument_validation,C,K0,424,ABCD,3,10,""",",,"[34,44]",-0.10642677545547485,1,"[{""token"":""\"","",""token_id"":null,""bytes"":[34,44],""logprob"":-0.10642677545547485,""rank"":1},{""token"":""\"""",""token_id"":null,""bytes"":[34],""logprob"":-2.293093204498291,""rank"":2},{""token"":""\n"",""token_id"":null,""bytes"":[10],""logprob"":-13.433211326599121,""rank"":3},{""token"":""\""."",""token_id"":null,""bytes"":[34,46],""logprob"":-13.752901077270508,""rank"":4},{""token"":""\\\"","",""token_id"":null,""bytes"":[92,34,44],""logprob"":-14.33447265625,""rank"":5},{""token"":""',"",""token_id"":null,""bytes"":[39,44],""logprob"":-14.360281944274902,""rank"":6},{""token"":"" \"","",""token_id"":null,""bytes"":[32,34,44],""logprob"":-14.874029159545898,""rank"":7},{""token"":""\""}"",""token_id"":null,""bytes"":[34,125],""logprob"":-15.420639991760254,""rank"":8},{""token"":""\""،"",""token_id"":null,""bytes"":[34,216,140],""logprob"":-15.461689949035645,""rank"":9},{""token"":""'"",""token_id"":null,""bytes"":[39],""logprob"":-15.488754272460938,""rank"":10},{""token"":""\""',"",""token_id"":null,""bytes"":[34,39,44],""logprob"":-15.711467742919922,""rank"":11},{""token"":""\"")"",""token_id"":null,""bytes"":[34,41],""logprob"":-15.821288108825684,""rank"":12},{""token"":"",\"""",""token_id"":null,""bytes"":[44,34],""logprob"":-16.42498779296875,""rank"":13},{""token"":""\""]"",""token_id"":null,""bytes"":[34,93],""logprob"":-16.498680114746094,""rank"":14},{""token"":""\"":"",""token_id"":null,""bytes"":[34,58],""logprob"":-16.634220123291016,""rank"":15},{""token"":""\"">"",""token_id"":null,""bytes"":[34,62],""logprob"":-16.651567459106445,""rank"":16},{""token"":""\""'"",""token_id"":null,""bytes"":[34,39],""logprob"":-16.779335021972656,""rank"":17},{""token"":""\""d"",""token_id"":null,""bytes"":[34,100],""logprob"":-16.880264282226562,""rank"":18},{""token"":""'\"","",""token_id"":null,""bytes"":[39,34,44],""logprob"":-16.900197982788086,""rank"":19},{""token"":""/\"","",""token_id"":null,""bytes"":[47,34,44],""logprob"":-17.005836486816406,""rank"":20}]"
instrument_validation,C,K0,424,ABCD,3,11,"
",,[10],-3.337865791763761e-06,1,"[{""token"":""\n"",""token_id"":null,""bytes"":[10],""logprob"":-3.337865791763761e-06,""rank"":1},{""token"":"" \n"",""token_id"":null,""bytes"":[32,10],""logprob"":-13.107783317565918,""rank"":2},{""token"":"""",""token_id"":null,""bytes"":[],""logprob"":-14.255763053894043,""rank"":3},{""token"":""\n\n"",""token_id"":null,""bytes"":[10,10],""logprob"":-14.601638793945312,""rank"":4},{""token"":"" \"""",""token_id"":null,""bytes"":[32,34],""logprob"":-15.553372383117676,""rank"":5},{""token"":""\r\n"",""token_id"":null,""bytes"":[13,10],""logprob"":-15.717998504638672,""rank"":6},{""token"":""  \n"",""token_id"":null,""bytes"":[32,32,10],""logprob"":-17.250919342041016,""rank"":7},{""token"":"" \""\"""",""token_id"":null,""bytes"":[32,34,34],""logprob"":-18.689069747924805,""rank"":8},{""token"":"" //"",""token_id"":null,""bytes"":[32,47,47],""logprob"":-19.13735580444336,""rank"":9},{""token"":""\t\n"",""token_id"":null,""bytes"":[9,10],""logprob"":-19.39875602722168,""rank"":10},{""token"":"" texte"",""token_id"":null,""bytes"":[32,116,101,120,116,101],""logprob"":-19.54966163635254,""rank"":11},{""token"":"" "",""token_id"":null,""bytes"":[32],""logprob"":-19.704004287719727,""rank"":12},{""token"":""    \n"",""token_id"":null,""bytes"":[32,32,32,32,10],""logprob"":-19.704408645629883,""rank"":13},{""token"":""\n\n\n"",""token_id"":null,""bytes"":[10,10,10],""logprob"":-19.740327835083008,""rank"":14},{""token"":"""",""token_id"":null,""bytes"":[],""logprob"":-19.749847412109375,""rank"":15},{""token"":"" null"",""token_id"":null,""bytes"":[32,110,117,108,108],""logprob"":-19.85144805908203,""rank"":16},{""token"":"" ("",""token_id"":null,""bytes"":[32,40],""logprob"":-20.346595764160156,""rank"":17},{""token"":""},"",""token_id"":null,""bytes"":[125,44],""logprob"":-20.750354766845703,""rank"":18},{""token"":""     \n"",""token_id"":null,""bytes"":[32,32,32,32,32,10],""logprob"":-20.837596893310547,""rank"":19},{""token"":"" \""\"","",""token_id"":null,""bytes"":[32,34,34,44],""logprob"":-20.854373931884766,""rank"":20}]"
instrument_validation,C,K0,424,ABCD,3,12, ,,[32],-4.768372718899627e-07,1,"[{""token"":"" "",""token_id"":null,""bytes"":[32],""logprob"":-4.768372718899627e-07,""rank"":1},{""token"":"" \"""",""token_id"":null,""bytes"":[32,34],""logprob"":-14.94283676147461,""rank"":2},{""token"":""  \n"",""token_id"":null,""bytes"":[32,32,10],""logprob"":-16.096988677978516,""rank"":3},{""token"":"" texte"",""token_id"":null,""bytes"":[32,116,101,120,116,101],""logprob"":-17.702526092529297,""rank"":4},{""token"":""\"":"",""token_id"":null,""bytes"":[34,58],""logprob"":-18.022602081298828,""rank"":5},{""token"":""   "",""token_id"":null,""bytes"":[32,32,32],""logprob"":-18.22530746459961,""rank"":6},{""token"":""\"""",""token_id"":null,""bytes"":[34],""logprob"":-18.692485809326172,""rank"":7},{""token"":""  "",""token_id"":null,""bytes"":[32,32],""logprob"":-18.783313751220703,""rank"":8},{""token"":""\t"",""token_id"":null,""bytes"":[9],""logprob"":-18.91851806640625,""rank"":9},{""token"":"""",""token_id"":null,""bytes"":[],""logprob"":-19.315269470214844,""rank"":10},{""token"":"""",""token_id"":null,""bytes"":[],""logprob"":-19.319320678710938,""rank"":11},{""token"":""     "",""token_id"":null,""bytes"":[32,32,32,32,32],""logprob"":-19.717859268188477,""rank"":12},{""token"":""</think>"",""token_id"":null,""bytes"":[60,47,116,104,105,110,107,62],""logprob"":-20.022850036621094,""rank"":13},{""token"":""<<<<<<<"",""token_id"":null,""bytes"":[60,60,60,60,60,60,60],""logprob"":-20.155227661132812,""rank"":14},{""token"":""}"",""token_id"":null,""bytes"":[125],""logprob"":-20.68143081665039,""rank"":15},{""token"":""\""text"",""token_id"":null,""bytes"":[34,116,101,120,116],""logprob"":-20.906919479370117,""rank"":16},{""token"":"" textes"",""token_id"":null,""bytes"":[32,116,101,120,116,101,115],""logprob"":-20.921550750732422,""rank"":17},{""token"":""texte"",""token_id"":null,""bytes"":[116,101,120,116,101],""logprob"":-21.022598266601562,""rank"":18},{""token"":""}:"",""token_id"":null,""bytes"":[125,58],""logprob"":-21.2634220123291,""rank"":19},{""token"":""    "",""token_id"":null,""bytes"":[32,32,32,32],""logprob"":-21.528932571411133,""rank"":20}]"
instrument_validation,C,K0,424,ABCD,3,13," """,,"[32,34]",-1.3113030945532955e-06,1,"[{""token"":"" \"""",""token_id"":null,""bytes"":[32,34],""logprob"":-1.3113030945532955e-06,""rank"":1},{""token"":"" \""\"""",""token_id"":null,""bytes"":[32,34,34],""logprob"":-13.740971565246582,""rank"":2},{""token"":"" \""\\\"""",""token_id"":null,""bytes"":[32,34,92,34],""logprob"":-16.369064331054688,""rank"":3},{""token"":"" \""."",""token_id"":null,""bytes"":[32,34,46],""logprob"":-16.59925079345703,""rank"":4},{""token"":"" \""_"",""token_id"":null,""bytes"":[32,34,95],""logprob"":-16.92404556274414,""rank"":5},{""token"":"" \""<"",""token_id"":null,""bytes"":[32,34,60],""logprob"":-17.27499008178711,""rank"":6},{""token"":"" \\\"""",""token_id"":null,""bytes"":[32,92,34],""logprob"":-17.641260147094727,""rank"":7},{""token"":"" \""\\"",""token_id"":null,""bytes"":[32,34,92],""logprob"":-17.741228103637695,""rank"":8},{""token"":"" \""..."",""token_id"":null,""bytes"":[32,34,46,46,46],""logprob"":-17.746110916137695,""rank"":9},{""token"":"" \""'"",""token_id"":null,""bytes"":[32,34,39],""logprob"":-17.932268142700195,""rank"":10},{""token"":"" \"":"",""token_id"":null,""bytes"":[32,34,58],""logprob"":-17.957971572875977,""rank"":11},{""token"":""\"""",""token_id"":null,""bytes"":[34],""logprob"":-17.973722457885742,""rank"":12},{""token"":"" \""["",""token_id"":null,""bytes"":[32,34,91],""logprob"":-18.104501724243164,""rank"":13},{""token"":"" \""/"",""token_id"":null,""bytes"":[32,34,47],""logprob"":-18.21937370300293,""rank"":14},{""token"":"" activations"",""token_id"":null,""bytes"":[32,97,99,116,105,118,97,116,105,111,110,115],""logprob"":-18.374834060668945,""rank"":15},{""token"":"" \""("",""token_id"":null,""bytes"":[32,34,40],""logprob"":-18.401588439941406,""rank"":16},{""token"":"" \""@"",""token_id"":null,""bytes"":[32,34,64],""logprob"":-18.5676326751709,""rank"":17},{""token"":"" \""__"",""token_id"":null,""bytes"":[32,34,95,95],""logprob"":-18.677326202392578,""rank"":18},{""token"":"" \""\"","",""token_id"":null,""bytes"":[32,34,34,44],""logprob"":-18.742042541503906,""rank"":19},{""token"":"" '"",""token_id"":null,""bytes"":[32,39],""logprob"":-18.94736099243164,""rank"":20}]"
instrument_validation,C,K0,424,ABCD,3,14,texte,,"[116,101,120,116,101]",-0.000701315701007843,1,"[{""token"":""texte"",""token_id"":null,""bytes"":[116,101,120,116,101],""logprob"":-0.000701315701007843,""rank"":1},{""token"":""texto"",""token_id"":null,""bytes"":[116,101,120,116,111],""logprob"":-7.710988521575928,""rank"":2},{""token"":"" texte"",""token_id"":null,""bytes"":[32,116,101,120,116,101],""logprob"":-9.253518104553223,""rank"":3},{""token"":""texture"",""token_id"":null,""bytes"":[116,101,120,116,117,114,101],""logprob"":-10.663298606872559,""rank"":4},{""token"":""text"",""token_id"":null,""bytes"":[116,101,120,116],""logprob"":-10.913947105407715,""rank"":5},{""token"":""liste"",""token_id"":null,""bytes"":[108,105,115,116,101],""logprob"":-11.08092212677002,""rank"":6},{""token"":""teste"",""token_id"":null,""bytes"":[116,101,115,116,101],""logprob"":-11.324700355529785,""rank"":7},{""token"":""textContent"",""token_id"":null,""bytes"":[116,101,120,116,67,111,110,116,101,110,116],""logprob"":-11.402945518493652,""rank"":8},{""token"":""reste"",""token_id"":null,""bytes"":[114,101,115,116,101],""logprob"":-11.492579460144043,""rank"":9},{""token"":""texts"",""token_id"":null,""bytes"":[116,101,120,116,115],""logprob"":-12.064157485961914,""rank"":10},{""token"":""technologie"",""token_id"":null,""bytes"":[116,101,99,104,110,111,108,111,103,105,101],""logprob"":-12.279587745666504,""rank"":11},{""token"":"" тексте"",""token_id"":null,""bytes"":[32,209,130,208,181,208,186,209,129,209,130,208,181],""logprob"":-12.354097366333008,""rank"":12},{""token"":""tek"",""token_id"":null,""bytes"":[116,101,107],""logprob"":-12.580904960632324,""rank"":13},{""token"":""registre"",""token_id"":null,""bytes"":[114,101,103,105,115,116,114,101],""logprob"":-12.63029956817627,""rank"":14},{""token"":"" Texte"",""token_id"":null,""bytes"":[32,84,101,120,116,101],""logprob"":-12.721463203430176,""rank"":15},{""token"":""titre"",""token_id"":null,""bytes"":[116,105,116,114,101],""logprob"":-12.764861106872559,""rank"":16},{""token"":""acte"",""token_id"":null,""bytes"":[97,99,116,101],""logprob"":-12.766276359558105,""rank"":17},{""token"":""poste"",""token_id"":null,""bytes"":[112,111,115,116,101],""logprob"":-12.990796089172363,""rank"":18},{""token"":""contre"",""token_id"":null,""bytes"":[99,111,110,116,114,101],""logprob"":-13.208730697631836,""rank"":19},{""token"":""vente"",""token_id"":null,""bytes"":[118,101,110,116,101],""logprob"":-13.21785831451416,""rank"":20}]"
instrument_validation,C,K0,424,ABCD,3,15,""":",,"[34,58]",-1.025205165205989e-05,1,"[{""token"":""\"":"",""token_id"":null,""bytes"":[34,58],""logprob"":-1.025205165205989e-05,""rank"":1},{""token"":""\"""",""token_id"":null,""bytes"":[34],""logprob"":-11.64643383026123,""rank"":2},{""token"":""\"":\""\"""",""token_id"":null,""bytes"":[34,58,34,34],""logprob"":-13.708300590515137,""rank"":3},{""token"":""\\\"":"",""token_id"":null,""bytes"":[92,34,58],""logprob"":-15.41968059539795,""rank"":4},{""token"":""\"":\"""",""token_id"":null,""bytes"":[34,58,34],""logprob"":-16.462614059448242,""rank"":5},{""token"":""\""\"""",""token_id"":null,""bytes"":[34,34],""logprob"":-16.53469467163086,""rank"":6},{""token"":"" \""\"""",""token_id"":null,""bytes"":[32,34,34],""logprob"":-17.336502075195312,""rank"":7},{""token"":""\""\"":"",""token_id"":null,""bytes"":[34,34,58],""logprob"":-17.662321090698242,""rank"":8},{""token"":""':"",""token_id"":null,""bytes"":[39,58],""logprob"":-17.828018188476562,""rank"":9},{""token"":"" \"":"",""token_id"":null,""bytes"":[32,34,58],""logprob"":-18.205772399902344,""rank"":10},{""token"":""\"":\""\"",\"""",""token_id"":null,""bytes"":[34,58,34,34,44,34],""logprob"":-20.484512329101562,""rank"":11},{""token"":""**:"",""token_id"":null,""bytes"":[42,42,58],""logprob"":-20.811433792114258,""rank"":12},{""token"":"")\"":"",""token_id"":null,""bytes"":[41,34,58],""logprob"":-21.351804733276367,""rank"":13},{""token"":""):"",""token_id"":null,""bytes"":[41,58],""logprob"":-21.527393341064453,""rank"":14},{""token"":""”:"",""token_id"":null,""bytes"":[226,128,157,58],""logprob"":-21.540668487548828,""rank"":15},{""token"":""\"";"",""token_id"":null,""bytes"":[34,59],""logprob"":-21.780982971191406,""rank"":16},{""token"":""():"",""token_id"":null,""bytes"":[40,41,58],""logprob"":-21.832643508911133,""rank"":17},{""token"":""=\""\"""",""token_id"":null,""bytes"":[61,34,34],""logprob"":-21.84213638305664,""rank"":18},{""token"":""：\"""",""token_id"":null,""bytes"":[239,188,154,34],""logprob"":-22.168317794799805,""rank"":19},{""token"":""]:"",""token_id"":null,""bytes"":[93,58],""logprob"":-22.250146865844727,""rank"":20}]"
instrument_validation,C,K0,424,ABCD,3,16," """"",,"[32,34,34]",-0.0032841789070516825,1,"[{""token"":"" \""\"""",""token_id"":null,""bytes"":[32,34,34],""logprob"":-0.0032841789070516825,""rank"":1},{""token"":"" \"""",""token_id"":null,""bytes"":[32,34],""logprob"":-6.025295257568359,""rank"":2},{""token"":"" null"",""token_id"":null,""bytes"":[32,110,117,108,108],""logprob"":-7.520589351654053,""rank"":3},{""token"":"" \""\"","",""token_id"":null,""bytes"":[32,34,34,44],""logprob"":-8.617876052856445,""rank"":4},{""token"":"" \""\\\"""",""token_id"":null,""bytes"":[32,34,92,34],""logprob"":-9.446208953857422,""rank"":5},{""token"":"" []"",""token_id"":null,""bytes"":[32,91,93],""logprob"":-11.816221237182617,""rank"":6},{""token"":"" \""\"";"",""token_id"":null,""bytes"":[32,34,34,59],""logprob"":-11.869340896606445,""rank"":7},{""token"":"" \"":"",""token_id"":null,""bytes"":[32,34,58],""logprob"":-12.094524383544922,""rank"":8},{""token"":"" \""\"")"",""token_id"":null,""bytes"":[32,34,34,41],""logprob"":-12.238908767700195,""rank"":9},{""token"":"" \""*\"""",""token_id"":null,""bytes"":[32,34,42,34],""logprob"":-13.078939437866211,""rank"":10},{""token"":"" \""["",""token_id"":null,""bytes"":[32,34,91],""logprob"":-13.087102890014648,""rank"":11},{""token"":"" \""\\"",""token_id"":null,""bytes"":[32,34,92],""logprob"":-13.100343704223633,""rank"":12},{""token"":"" \""{}"",""token_id"":null,""bytes"":[32,34,123,125],""logprob"":-13.114557266235352,""rank"":13},{""token"":"" \""**"",""token_id"":null,""bytes"":[32,34,42,42],""logprob"":-13.157248497009277,""rank"":14},{""token"":"" \""-\"""",""token_id"":null,""bytes"":[32,34,45,34],""logprob"":-13.198792457580566,""rank"":15},{""token"":"" \""{\\\"""",""token_id"":null,""bytes"":[32,34,123,92,34],""logprob"":-13.492334365844727,""rank"":16},{""token"":"" \""<"",""token_id"":null,""bytes"":[32,34,60],""logprob"":-13.553425788879395,""rank"":17},{""token"":"" \"":\"""",""token_id"":null,""bytes"":[32,34,58,34],""logprob"":-13.5791015625,""rank"":18},{""token"":"" \""\""."",""token_id"":null,""bytes"":[32,34,34,46],""logprob"":-13.712371826171875,""rank"":19},{""token"":""\n"",""token_id"":null,""bytes"":[10],""logprob"":-13.793346405029297,""rank"":20}]"
instrument_validation,C,K0,424,ABCD,3,17,"
",,[10],-8.344653679159819e-07,1,"[{""token"":""\n"",""token_id"":null,""bytes"":[10],""logprob"":-8.344653679159819e-07,""rank"":1},{""token"":"""",""token_id"":null,""bytes"":[],""logprob"":-14.832995414733887,""rank"":2},{""token"":"" \n"",""token_id"":null,""bytes"":[32,10],""logprob"":-15.189888954162598,""rank"":3},{""token"":""\n\n"",""token_id"":null,""bytes"":[10,10],""logprob"":-15.416543006896973,""rank"":4},{""token"":""\n\n\n"",""token_id"":null,""bytes"":[10,10,10],""logprob"":-18.386173248291016,""rank"":5},{""token"":"""",""token_id"":null,""bytes"":[],""logprob"":-18.612646102905273,""rank"":6},{""token"":""\r\n"",""token_id"":null,""bytes"":[13,10],""logprob"":-18.677608489990234,""rank"":7},{""token"":"" //"",""token_id"":null,""bytes"":[32,47,47],""logprob"":-18.968183517456055,""rank"":8},{""token"":""\t\n"",""token_id"":null,""bytes"":[9,10],""logprob"":-19.17608070373535,""rank"":9},{""token"":""  \n"",""token_id"":null,""bytes"":[32,32,10],""logprob"":-19.481338500976562,""rank"":10},{""token"":""}"",""token_id"":null,""bytes"":[125],""logprob"":-19.63245964050293,""rank"":11},{""token"":"" "",""token_id"":null,""bytes"":[32],""logprob"":-20.345979690551758,""rank"":12},{""token"":""'"",""token_id"":null,""bytes"":[39],""logprob"":-20.371553421020508,""rank"":13},{""token"":"" ("",""token_id"":null,""bytes"":[32,40],""logprob"":-20.475168228149414,""rank"":14},{""token"":"" }"",""token_id"":null,""bytes"":[32,125],""logprob"":-20.88267707824707,""rank"":15},{""token"":""\"""",""token_id"":null,""bytes"":[34],""logprob"":-20.92250633239746,""rank"":16},{""token"":"" |"",""token_id"":null,""bytes"":[32,124],""logprob"":-21.126964569091797,""rank"":17},{""token"":""("",""token_id"":null,""bytes"":[40],""logprob"":-21.244497299194336,""rank"":18},{""token"":"" \"""",""token_id"":null,""bytes"":[32,34],""logprob"":-21.486448287963867,""rank"":19},{""token"":""|"",""token_id"":null,""bytes"":[124],""logprob"":-21.878402709960938,""rank"":20}]"
instrument_validation,C,K0,424,ABCD,3,18,},,[125],-2.3841887468734058e-06,1,"[{""token"":""}"",""token_id"":null,""bytes"":[125],""logprob"":-2.3841887468734058e-06,""rank"":1},{""token"":""},"",""token_id"":null,""bytes"":[125,44],""logprob"":-13.398757934570312,""rank"":2},{""token"":""}\"""",""token_id"":null,""bytes"":[125,34],""logprob"":-14.608040809631348,""rank"":3},{""token"":""}'"",""token_id"":null,""bytes"":[125,39],""logprob"":-14.80576229095459,""rank"":4},{""token"":""}`"",""token_id"":null,""bytes"":[125,96],""logprob"":-16.94948387145996,""rank"":5},{""token"":"""",""token_id"":null,""bytes"":[],""logprob"":-17.215120315551758,""rank"":6},{""token"":""};"",""token_id"":null,""bytes"":[125,59],""logprob"":-17.38937759399414,""rank"":7},{""token"":"" }"",""token_id"":null,""bytes"":[32,125],""logprob"":-17.54527473449707,""rank"":8},{""token"":""]"",""token_id"":null,""bytes"":[93],""logprob"":-17.704071044921875,""rank"":9},{""token"":""}</"",""token_id"":null,""bytes"":[125,60,47],""logprob"":-17.941545486450195,""rank"":10},{""token"":""}:"",""token_id"":null,""bytes"":[125,58],""logprob"":-18.126264572143555,""rank"":11},{""token"":""}{"",""token_id"":null,""bytes"":[125,123],""logprob"":-18.291852951049805,""rank"":12},{""token"":""}$"",""token_id"":null,""bytes"":[125,36],""logprob"":-18.51844596862793,""rank"":13},{""token"":""\""}"",""token_id"":null,""bytes"":[34,125],""logprob"":-18.6690673828125,""rank"":14},{""token"":""}>"",""token_id"":null,""bytes"":[125,62],""logprob"":-18.68548583984375,""rank"":15},{""token"":""}}"",""token_id"":null,""bytes"":[125,125],""logprob"":-18.71004867553711,""rank"":16},{""token"":""}?"",""token_id"":null,""bytes"":[125,63],""logprob"":-19.05595588684082,""rank"":17},{""token"":""}."",""token_id"":null,""bytes"":[125,46],""logprob"":-19.111745834350586,""rank"":18},{""token"":""}%"",""token_id"":null,""bytes"":[125,37],""logprob"":-19.142013549804688,""rank"":19},{""token"":""}]"",""token_id"":null,""bytes"":[125,93],""logprob"":-19.247499465942383,""rank"":20}]"
instrument_validation,D,K7,424,ABCD,4,1,{,,[123],-0.019648456946015358,1,"[{""token"":""{"",""token_id"":null,""bytes"":[123],""logprob"":-0.019648456946015358,""rank"":1},{""token"":""{\"""",""token_id"":null,""bytes"":[123,34],""logprob"":-4.364804267883301,""rank"":2},{""token"":""```"",""token_id"":null,""bytes"":[96,96,96],""logprob"":-5.162684440612793,""rank"":3},{""token"":""{\\"",""token_id"":null,""bytes"":[123,92],""logprob"":-9.366595268249512,""rank"":4},{""token"":""{'"",""token_id"":null,""bytes"":[123,39],""logprob"":-9.472453117370605,""rank"":5},{""token"":""{}"",""token_id"":null,""bytes"":[123,125],""logprob"":-9.494473457336426,""rank"":6},{""token"":""{\\\"""",""token_id"":null,""bytes"":[123,92,34],""logprob"":-9.505270957946777,""rank"":7},{""token"":""\""{"",""token_id"":null,""bytes"":[34,123],""logprob"":-9.792084693908691,""rank"":8},{""token"":""Non"",""token_id"":null,""bytes"":[78,111,110],""logprob"":-9.808493614196777,""rank"":9},{""token"":""\"""",""token_id"":null,""bytes"":[34],""logprob"":-9.881277084350586,""rank"":10},{""token"":""Je"",""token_id"":null,""bytes"":[74,101],""logprob"":-9.900223731994629,""rank"":11},{""token"":""{j"",""token_id"":null,""bytes"":[123,106],""logprob"":-9.9747953414917,""rank"":12},{""token"":""JSON"",""token_id"":null,""bytes"":[74,83,79,78],""logprob"":-10.331604957580566,""rank"":13},{""token"":""{{"",""token_id"":null,""bytes"":[123,123],""logprob"":-10.48619556427002,""rank"":14},{""token"":""Vo"",""token_id"":null,""bytes"":[86,111],""logprob"":-10.64147663116455,""rank"":15},{""token"":""Il"",""token_id"":null,""bytes"":[73,108],""logprob"":-10.755616188049316,""rank"":16},{""token"":""{s"",""token_id"":null,""bytes"":[123,115],""logprob"":-11.05099868774414,""rank"":17},{""token"":""<think>"",""token_id"":null,""bytes"":[60,116,104,105,110,107,62],""logprob"":-11.152840614318848,""rank"":18},{""token"":""J"",""token_id"":null,""bytes"":[74],""logprob"":-11.153519630432129,""rank"":19},{""token"":""Oui"",""token_id"":null,""bytes"":[79,117,105],""logprob"":-11.173224449157715,""rank"":20}]"
instrument_validation,D,K7,424,ABCD,4,2,"
",,[10],-0.001262209378182888,1,"[{""token"":""\n"",""token_id"":null,""bytes"":[10],""logprob"":-0.001262209378182888,""rank"":1},{""token"":"" \"""",""token_id"":null,""bytes"":[32,34],""logprob"":-6.884255886077881,""rank"":2},{""token"":""mode"",""token_id"":null,""bytes"":[109,111,100,101],""logprob"":-8.65310287475586,""rank"":3},{""token"":"" "",""token_id"":null,""bytes"":[32],""logprob"":-10.568531036376953,""rank"":4},{""token"":"" \n"",""token_id"":null,""bytes"":[32,10],""logprob"":-11.43088150024414,""rank"":5},{""token"":"" mode"",""token_id"":null,""bytes"":[32,109,111,100,101],""logprob"":-11.952136993408203,""rank"":6},{""token"":""  \n"",""token_id"":null,""bytes"":[32,32,10],""logprob"":-12.063013076782227,""rank"":7},{""token"":""\r\n"",""token_id"":null,""bytes"":[13,10],""logprob"":-13.566338539123535,""rank"":8},{""token"":""“"",""token_id"":null,""bytes"":[226,128,156],""logprob"":-13.866504669189453,""rank"":9},{""token"":""(\"""",""token_id"":null,""bytes"":[40,34],""logprob"":-14.13412857055664,""rank"":10},{""token"":""type"",""token_id"":null,""bytes"":[116,121,112,101],""logprob"":-14.17818546295166,""rank"":11},{""token"":""\n\n"",""token_id"":null,""bytes"":[10,10],""logprob"":-14.260279655456543,""rank"":12},{""token"":""Mode"",""token_id"":null,""bytes"":[77,111,100,101],""logprob"":-14.350733757019043,""rank"":13},{""token"":""status"",""token_id"":null,""bytes"":[115,116,97,116,117,115],""logprob"":-14.473184585571289,""rank"":14},{""token"":""kind"",""token_id"":null,""bytes"":[107,105,110,100],""logprob"":-14.490103721618652,""rank"":15},{""token"":""\"""",""token_id"":null,""bytes"":[34],""logprob"":-14.594934463500977,""rank"":16},{""token"":""json"",""token_id"":null,""bytes"":[106,115,111,110],""logprob"":-14.727522850036621,""rank"":17},{""token"":""info"",""token_id"":null,""bytes"":[105,110,102,111],""logprob"":-14.875250816345215,""rank"":18},{""token"":""_mode"",""token_id"":null,""bytes"":[95,109,111,100,101],""logprob"":-14.941003799438477,""rank"":19},{""token"":""=\"""",""token_id"":null,""bytes"":[61,34],""logprob"":-15.025835037231445,""rank"":20}]"
instrument_validation,D,K7,424,ABCD,4,3, ,,[32],-0.0002571078948676586,1,"[{""token"":"" "",""token_id"":null,""bytes"":[32],""logprob"":-0.0002571078948676586,""rank"":1},{""token"":""\"""",""token_id"":null,""bytes"":[34],""logprob"":-8.83296012878418,""rank"":2},{""token"":"" \"""",""token_id"":null,""bytes"":[32,34],""logprob"":-9.205730438232422,""rank"":3},{""token"":""\""text"",""token_id"":null,""bytes"":[34,116,101,120,116],""logprob"":-13.042868614196777,""rank"":4},{""token"":""  \n"",""token_id"":null,""bytes"":[32,32,10],""logprob"":-13.055774688720703,""rank"":5},{""token"":""\""type"",""token_id"":null,""bytes"":[34,116,121,112,101],""logprob"":-13.175363540649414,""rank"":6},{""token"":""   "",""token_id"":null,""bytes"":[32,32,32],""logprob"":-13.369407653808594,""rank"":7},{""token"":""\t"",""token_id"":null,""bytes"":[9],""logprob"":-13.624162673950195,""rank"":8},{""token"":""\""c"",""token_id"":null,""bytes"":[34,99],""logprob"":-14.893842697143555,""rank"":9},{""token"":""     "",""token_id"":null,""bytes"":[32,32,32,32,32],""logprob"":-15.342988967895508,""rank"":10},{""token"":""\""data"",""token_id"":null,""bytes"":[34,100,97,116,97],""logprob"":-15.691672325134277,""rank"":11},{""token"":""}"",""token_id"":null,""bytes"":[125],""logprob"":-15.82188606262207,""rank"":12},{""token"":""  "",""token_id"":null,""bytes"":[32,32],""logprob"":-15.96185302734375,""rank"":13},{""token"":""mode"",""token_id"":null,""bytes"":[109,111,100,101],""logprob"":-15.986185073852539,""rank"":14},{""token"":""\""I"",""token_id"":null,""bytes"":[34,73],""logprob"":-16.128196716308594,""rank"":15},{""token"":""\""d"",""token_id"":null,""bytes"":[34,100],""logprob"":-16.359020233154297,""rank"":16},{""token"":""\""C"",""token_id"":null,""bytes"":[34,67],""logprob"":-16.365097045898438,""rank"":17},{""token"":""“"",""token_id"":null,""bytes"":[226,128,156],""logprob"":-16.36745262145996,""rank"":18},{""token"":""\""name"",""token_id"":null,""bytes"":[34,110,97,109,101],""logprob"":-16.40570831298828,""rank"":19},{""token"":""\""w"",""token_id"":null,""bytes"":[34,119],""logprob"":-16.551481246948242,""rank"":20}]"
instrument_validation,D,K7,424,ABCD,4,4," """,,"[32,34]",-5.1260126383567695e-06,1,"[{""token"":"" \"""",""token_id"":null,""bytes"":[32,34],""logprob"":-5.1260126383567695e-06,""rank"":1},{""token"":"" \""_"",""token_id"":null,""bytes"":[32,34,95],""logprob"":-12.858902931213379,""rank"":2},{""token"":"" \""\\\"""",""token_id"":null,""bytes"":[32,34,92,34],""logprob"":-13.873766899108887,""rank"":3},{""token"":"" mode"",""token_id"":null,""bytes"":[32,109,111,100,101],""logprob"":-14.700273513793945,""rank"":4},{""token"":"" \""__"",""token_id"":null,""bytes"":[32,34,95,95],""logprob"":-15.031352996826172,""rank"":5},{""token"":"" \""\\"",""token_id"":null,""bytes"":[32,34,92],""logprob"":-15.264193534851074,""rank"":6},{""token"":"" \""["",""token_id"":null,""bytes"":[32,34,91],""logprob"":-15.620293617248535,""rank"":7},{""token"":"" \""<"",""token_id"":null,""bytes"":[32,34,60],""logprob"":-15.895415306091309,""rank"":8},{""token"":"" \""..."",""token_id"":null,""bytes"":[32,34,46,46,46],""logprob"":-16.117229461669922,""rank"":9},{""token"":"" \\\"""",""token_id"":null,""bytes"":[32,92,34],""logprob"":-16.221529006958008,""rank"":10},{""token"":"" \""@"",""token_id"":null,""bytes"":[32,34,64],""logprob"":-16.5601806640625,""rank"":11},{""token"":"" \""/"",""token_id"":null,""bytes"":[32,34,47],""logprob"":-16.586055755615234,""rank"":12},{""token"":"" '"",""token_id"":null,""bytes"":[32,39],""logprob"":-16.79488182067871,""rank"":13},{""token"":"" \""**"",""token_id"":null,""bytes"":[32,34,42,42],""logprob"":-16.79978370666504,""rank"":14},{""token"":"" \""*"",""token_id"":null,""bytes"":[32,34,42],""logprob"":-17.022485733032227,""rank"":15},{""token"":"" \""{"",""token_id"":null,""bytes"":[32,34,123],""logprob"":-17.129776000976562,""rank"":16},{""token"":"" \"":"",""token_id"":null,""bytes"":[32,34,58],""logprob"":-17.234407424926758,""rank"":17},{""token"":"" //"",""token_id"":null,""bytes"":[32,47,47],""logprob"":-17.256650924682617,""rank"":18},{""token"":"" \""-"",""token_id"":null,""bytes"":[32,34,45],""logprob"":-17.351558685302734,""rank"":19},{""token"":"" \""$"",""token_id"":null,""bytes"":[32,34,36],""logprob"":-17.407201766967773,""rank"":20}]"
instrument_validation,D,K7,424,ABCD,4,5,mode,,"[109,111,100,101]",-0.00010383668268332258,1,"[{""token"":""mode"",""token_id"":null,""bytes"":[109,111,100,101],""logprob"":-0.00010383668268332258,""rank"":1},{""token"":""texte"",""token_id"":null,""bytes"":[116,101,120,116,101],""logprob"":-9.640795707702637,""rank"":2},{""token"":""\tmode"",""token_id"":null,""bytes"":[9,109,111,100,101],""logprob"":-12.447422981262207,""rank"":3},{""token"":""message"",""token_id"":null,""bytes"":[109,101,115,115,97,103,101],""logprob"":-12.718585014343262,""rank"":4},{""token"":""type"",""token_id"":null,""bytes"":[116,121,112,101],""logprob"":-12.868250846862793,""rank"":5},{""token"":""modes"",""token_id"":null,""bytes"":[109,111,100,101,115],""logprob"":-13.078417778015137,""rank"":6},{""token"":""text"",""token_id"":null,""bytes"":[116,101,120,116],""logprob"":-13.099413871765137,""rank"":7},{""token"":"".mode"",""token_id"":null,""bytes"":[46,109,111,100,101],""logprob"":-13.143644332885742,""rank"":8},{""token"":""sil"",""token_id"":null,""bytes"":[115,105,108],""logprob"":-13.317655563354492,""rank"":9},{""token"":""modele"",""token_id"":null,""bytes"":[109,111,100,101,108,101],""logprob"":-13.381434440612793,""rank"":10},{""token"":""Mode"",""token_id"":null,""bytes"":[77,111,100,101],""logprob"":-13.385128021240234,""rank"":11},{""token"":""code"",""token_id"":null,""bytes"":[99,111,100,101],""logprob"":-13.455113410949707,""rank"":12},{""token"":""-mode"",""token_id"":null,""bytes"":[45,109,111,100,101],""logprob"":-13.614256858825684,""rank"":13},{""token"":""modo"",""token_id"":null,""bytes"":[109,111,100,111],""logprob"":-13.713353157043457,""rank"":14},{""token"":""mod"",""token_id"":null,""bytes"":[109,111,100],""logprob"":-13.823477745056152,""rank"":15},{""token"":""modal"",""token_id"":null,""bytes"":[109,111,100,97,108],""logprob"":-13.996317863464355,""rank"":16},{""token"":""(mode"",""token_id"":null,""bytes"":[40,109,111,100,101],""logprob"":-14.008434295654297,""rank"":17},{""token"":""_mode"",""token_id"":null,""bytes"":[95,109,111,100,101],""logprob"":-14.108342170715332,""rank"":18},{""token"":""m"",""token_id"":null,""bytes"":[109],""logprob"":-14.192741394042969,""rank"":19},{""token"":"" mode"",""token_id"":null,""bytes"":[32,109,111,100,101],""logprob"":-14.22315788269043,""rank"":20}]"
instrument_validation,D,K7,424,ABCD,4,6,""":",,"[34,58]",-5.960482212685747e-06,1,"[{""token"":""\"":"",""token_id"":null,""bytes"":[34,58],""logprob"":-5.960482212685747e-06,""rank"":1},{""token"":""\"":\"""",""token_id"":null,""bytes"":[34,58,34],""logprob"":-12.444189071655273,""rank"":2},{""token"":""\"""",""token_id"":null,""bytes"":[34],""logprob"":-13.91639518737793,""rank"":3},{""token"":""\"","",""token_id"":null,""bytes"":[34,44],""logprob"":-14.644887924194336,""rank"":4},{""token"":""':"",""token_id"":null,""bytes"":[39,58],""logprob"":-15.362749099731445,""rank"":5},{""token"":""\\\"":"",""token_id"":null,""bytes"":[92,34,58],""logprob"":-15.55712890625,""rank"":6},{""token"":"" parole"",""token_id"":null,""bytes"":[32,112,97,114,111,108,101],""logprob"":-16.164949417114258,""rank"":7},{""token"":""**:"",""token_id"":null,""bytes"":[42,42,58],""logprob"":-16.489091873168945,""rank"":8},{""token"":"" \"":"",""token_id"":null,""bytes"":[32,34,58],""logprob"":-17.01500701904297,""rank"":9},{""token"":""\""):"",""token_id"":null,""bytes"":[34,41,58],""logprob"":-17.60111427307129,""rank"":10},{""token"":""\""."",""token_id"":null,""bytes"":[34,46],""logprob"":-17.868253707885742,""rank"":11},{""token"":"" silence"",""token_id"":null,""bytes"":[32,115,105,108,101,110,99,101],""logprob"":-17.880617141723633,""rank"":12},{""token"":""):"",""token_id"":null,""bytes"":[41,58],""logprob"":-18.08480453491211,""rank"":13},{""token"":""”:"",""token_id"":null,""bytes"":[226,128,157,58],""logprob"":-18.492115020751953,""rank"":14},{""token"":"" parl"",""token_id"":null,""bytes"":[32,112,97,114,108],""logprob"":-18.568225860595703,""rank"":15},{""token"":""\"">"",""token_id"":null,""bytes"":[34,62],""logprob"":-18.695646286010742,""rank"":16},{""token"":""$:"",""token_id"":null,""bytes"":[36,58],""logprob"":-18.754541397094727,""rank"":17},{""token"":""\"";"",""token_id"":null,""bytes"":[34,59],""logprob"":-18.860790252685547,""rank"":18},{""token"":""_par"",""token_id"":null,""bytes"":[95,112,97,114],""logprob"":-18.944501876831055,""rank"":19},{""token"":""*:"",""token_id"":null,""bytes"":[42,58],""logprob"":-19.011255264282227,""rank"":20}]"
instrument_validation,D,K7,424,ABCD,4,7," """,,"[32,34]",-7.009752152953297e-05,1,"[{""token"":"" \"""",""token_id"":null,""bytes"":[32,34],""logprob"":-7.009752152953297e-05,""rank"":1},{""token"":"" \""\"","",""token_id"":null,""bytes"":[32,34,34,44],""logprob"":-11.385831832885742,""rank"":2},{""token"":"" \""..."",""token_id"":null,""bytes"":[32,34,46,46,46],""logprob"":-11.577933311462402,""rank"":3},{""token"":"" parole"",""token_id"":null,""bytes"":[32,112,97,114,111,108,101],""logprob"":-11.88742446899414,""rank"":4},{""token"":"" \""\"""",""token_id"":null,""bytes"":[32,34,34],""logprob"":-12.021692276000977,""rank"":5},{""token"":"" \""\\\"""",""token_id"":null,""bytes"":[32,34,92,34],""logprob"":-12.14454460144043,""rank"":6},{""token"":"" \""\\"",""token_id"":null,""bytes"":[32,34,92],""logprob"":-12.16492748260498,""rank"":7},{""token"":"" silence"",""token_id"":null,""bytes"":[32,115,105,108,101,110,99,101],""logprob"":-12.451881408691406,""rank"":8},{""token"":"" \""'"",""token_id"":null,""bytes"":[32,34,39],""logprob"":-12.453731536865234,""rank"":9},{""token"":"" [\"""",""token_id"":null,""bytes"":[32,91,34],""logprob"":-12.780323028564453,""rank"":10},{""token"":"" \""_"",""token_id"":null,""bytes"":[32,34,95],""logprob"":-13.434356689453125,""rank"":11},{""token"":"" \""."",""token_id"":null,""bytes"":[32,34,46],""logprob"":-13.509718894958496,""rank"":12},{""token"":""parole"",""token_id"":null,""bytes"":[112,97,114,111,108,101],""logprob"":-13.82275390625,""rank"":13},{""token"":"" \""|"",""token_id"":null,""bytes"":[32,34,124],""logprob"":-13.9473876953125,""rank"":14},{""token"":"" \"","",""token_id"":null,""bytes"":[32,34,44],""logprob"":-14.037720680236816,""rank"":15},{""token"":"" \""["",""token_id"":null,""bytes"":[32,34,91],""logprob"":-14.094816207885742,""rank"":16},{""token"":"" \""/"",""token_id"":null,""bytes"":[32,34,47],""logprob"":-14.297525405883789,""rank"":17},{""token"":"" {\"""",""token_id"":null,""bytes"":[32,123,34],""logprob"":-14.310710906982422,""rank"":18},{""token"":"" \""#"",""token_id"":null,""bytes"":[32,34,35],""logprob"":-14.383770942687988,""rank"":19},{""token"":"" \\\"""",""token_id"":null,""bytes"":[32,92,34],""logprob"":-14.484397888183594,""rank"":20}]"
instrument_validation,D,K7,424,ABCD,4,8,sil,,"[115,105,108]",-0.5934948325157166,1,"[{""token"":""sil"",""token_id"":null,""bytes"":[115,105,108],""logprob"":-0.5934948325157166,""rank"":1},{""token"":""parole"",""token_id"":null,""bytes"":[112,97,114,111,108,101],""logprob"":-0.8133338689804077,""rank"":2},{""token"":""par"",""token_id"":null,""bytes"":[112,97,114],""logprob"":-7.302597522735596,""rank"":3},{""token"":""pare"",""token_id"":null,""bytes"":[112,97,114,101],""logprob"":-8.257190704345703,""rank"":4},{""token"":""s"",""token_id"":null,""bytes"":[115],""logprob"":-8.34564208984375,""rank"":5},{""token"":"" parole"",""token_id"":null,""bytes"":[32,112,97,114,111,108,101],""logprob"":-8.380970001220703,""rank"":6},{""token"":""silent"",""token_id"":null,""bytes"":[115,105,108,101,110,116],""logprob"":-8.630544662475586,""rank"":7},{""token"":""il"",""token_id"":null,""bytes"":[105,108],""logprob"":-8.643259048461914,""rank"":8},{""token"":"" Silence"",""token_id"":null,""bytes"":[32,83,105,108,101,110,99,101],""logprob"":-9.334901809692383,""rank"":9},{""token"":""ver"",""token_id"":null,""bytes"":[118,101,114],""logprob"":-9.407228469848633,""rank"":10},{""token"":""speech"",""token_id"":null,""bytes"":[115,112,101,101,99,104],""logprob"":-9.469520568847656,""rank"":11},{""token"":""paro"",""token_id"":null,""bytes"":[112,97,114,111],""logprob"":-9.532930374145508,""rank"":12},{""token"":""si"",""token_id"":null,""bytes"":[115,105],""logprob"":-9.619417190551758,""rank"":13},{""token"":""Sil"",""token_id"":null,""bytes"":[83,105,108],""logprob"":-9.824163436889648,""rank"":14},{""token"":"" silence"",""token_id"":null,""bytes"":[32,115,105,108,101,110,99,101],""logprob"":-9.92015552520752,""rank"":15},{""token"":""vé"",""token_id"":null,""bytes"":[118,195,169],""logprob"":-9.984224319458008,""rank"":16},{""token"":""dialog"",""token_id"":null,""bytes"":[100,105,97,108,111,103],""logprob"":-10.277172088623047,""rank"":17},{""token"":""sou"",""token_id"":null,""bytes"":[115,111,117],""logprob"":-10.394214630126953,""rank"":18},{""token"":""ré"",""token_id"":null,""bytes"":[114,195,169],""logprob"":-10.437663078308105,""rank"":19},{""token"":""phrase"",""token_id"":null,""bytes"":[112,104,114,97,115,101],""logprob"":-10.506418228149414,""rank"":20}]"
instrument_validation,D,K7,424,ABCD,4,9,ence,,"[101,110,99,101]",-9.775209946383256e-06,1,"[{""token"":""ence"",""token_id"":null,""bytes"":[101,110,99,101],""logprob"":-9.775209946383256e-06,""rank"":1},{""token"":""ience"",""token_id"":null,""bytes"":[105,101,110,99,101],""logprob"":-11.974973678588867,""rank"":2},{""token"":""ance"",""token_id"":null,""bytes"":[97,110,99,101],""logprob"":-12.842367172241211,""rank"":3},{""token"":""enc"",""token_id"":null,""bytes"":[101,110,99],""logprob"":-15.266870498657227,""rank"":4},{""token"":""ences"",""token_id"":null,""bytes"":[101,110,99,101,115],""logprob"":-16.035558700561523,""rank"":5},{""token"":""\"","",""token_id"":null,""bytes"":[34,44],""logprob"":-16.113271713256836,""rank"":6},{""token"":""ène"",""token_id"":null,""bytes"":[195,168,110,101],""logprob"":-16.271135330200195,""rank"":7},{""token"":""ense"",""token_id"":null,""bytes"":[101,110,115,101],""logprob"":-16.435754776000977,""rank"":8},{""token"":""ince"",""token_id"":null,""bytes"":[105,110,99,101],""logprob"":-16.594709396362305,""rank"":9},{""token"":""enced"",""token_id"":null,""bytes"":[101,110,99,101,100],""logprob"":-16.807905197143555,""rank"":10},{""token"":""enco"",""token_id"":null,""bytes"":[101,110,99,111],""logprob"":-16.989147186279297,""rank"":11},{""token"":""encie"",""token_id"":null,""bytes"":[101,110,99,105,101],""logprob"":-17.072111129760742,""rank"":12},{""token"":""ace"",""token_id"":null,""bytes"":[97,99,101],""logprob"":-17.29153823852539,""rank"":13},{""token"":""enci"",""token_id"":null,""bytes"":[101,110,99,105],""logprob"":-17.300888061523438,""rank"":14},{""token"":""encer"",""token_id"":null,""bytes"":[101,110,99,101,114],""logprob"":-17.81340789794922,""rank"":15},{""token"":""gence"",""token_id"":null,""bytes"":[103,101,110,99,101],""logprob"":-17.820438385009766,""rank"":16},{""token"":""nce"",""token_id"":null,""bytes"":[110,99,101],""logprob"":-17.970304489135742,""rank"":17},{""token"":""age"",""token_id"":null,""bytes"":[97,103,101],""logprob"":-17.978771209716797,""rank"":18},{""token"":""phone"",""token_id"":null,""bytes"":[112,104,111,110,101],""logprob"":-18.04176139831543,""rank"":19},{""token"":""ene"",""token_id"":null,""bytes"":[101,110,101],""logprob"":-18.110170364379883,""rank"":20}]"
instrument_validation,D,K7,424,ABCD,4,10,""",",,"[34,44]",-0.11132138222455978,1,"[{""token"":""\"","",""token_id"":null,""bytes"":[34,44],""logprob"":-0.11132138222455978,""rank"":1},{""token"":""\"""",""token_id"":null,""bytes"":[34],""logprob"":-2.2505369186401367,""rank"":2},{""token"":""\n"",""token_id"":null,""bytes"":[10],""logprob"":-12.997644424438477,""rank"":3},{""token"":""\""."",""token_id"":null,""bytes"":[34,46],""logprob"":-13.728401184082031,""rank"":4},{""token"":""\\\"","",""token_id"":null,""bytes"":[92,34,44],""logprob"":-14.240416526794434,""rank"":5},{""token"":""',"",""token_id"":null,""bytes"":[39,44],""logprob"":-14.30571460723877,""rank"":6},{""token"":"" \"","",""token_id"":null,""bytes"":[32,34,44],""logprob"":-14.860421180725098,""rank"":7},{""token"":""\""}"",""token_id"":null,""bytes"":[34,125],""logprob"":-15.325457572937012,""rank"":8},{""token"":""'"",""token_id"":null,""bytes"":[39],""logprob"":-15.399259567260742,""rank"":9},{""token"":""\""،"",""token_id"":null,""bytes"":[34,216,140],""logprob"":-15.443180084228516,""rank"":10},{""token"":""\"")"",""token_id"":null,""bytes"":[34,41],""logprob"":-15.733820915222168,""rank"":11},{""token"":""\""',"",""token_id"":null,""bytes"":[34,39,44],""logprob"":-15.816838264465332,""rank"":12},{""token"":"",\"""",""token_id"":null,""bytes"":[44,34],""logprob"":-16.396404266357422,""rank"":13},{""token"":""\""]"",""token_id"":null,""bytes"":[34,93],""logprob"":-16.441909790039062,""rank"":14},{""token"":""\"":"",""token_id"":null,""bytes"":[34,58],""logprob"":-16.55281639099121,""rank"":15},{""token"":""\"">"",""token_id"":null,""bytes"":[34,62],""logprob"":-16.604896545410156,""rank"":16},{""token"":""\""'"",""token_id"":null,""bytes"":[34,39],""logprob"":-16.791196823120117,""rank"":17},{""token"":""\""d"",""token_id"":null,""bytes"":[34,100],""logprob"":-16.8793888092041,""rank"":18},{""token"":""'\"","",""token_id"":null,""bytes"":[39,34,44],""logprob"":-16.92576026916504,""rank"":19},{""token"":""/\"","",""token_id"":null,""bytes"":[47,34,44],""logprob"":-17.048648834228516,""rank"":20}]"
instrument_validation,D,K7,424,ABCD,4,11,"
",,[10],-3.57628505298635e-06,1,"[{""token"":""\n"",""token_id"":null,""bytes"":[10],""logprob"":-3.57628505298635e-06,""rank"":1},{""token"":"" \n"",""token_id"":null,""bytes"":[32,10],""logprob"":-13.045957565307617,""rank"":2},{""token"":"""",""token_id"":null,""bytes"":[],""logprob"":-14.220623016357422,""rank"":3},{""token"":""\n\n"",""token_id"":null,""bytes"":[10,10],""logprob"":-14.449294090270996,""rank"":4},{""token"":"" \"""",""token_id"":null,""bytes"":[32,34],""logprob"":-15.582581520080566,""rank"":5},{""token"":""\r\n"",""token_id"":null,""bytes"":[13,10],""logprob"":-15.622284889221191,""rank"":6},{""token"":""  \n"",""token_id"":null,""bytes"":[32,32,10],""logprob"":-17.22903060913086,""rank"":7},{""token"":"" \""\"""",""token_id"":null,""bytes"":[32,34,34],""logprob"":-18.781455993652344,""rank"":8},{""token"":"" //"",""token_id"":null,""bytes"":[32,47,47],""logprob"":-19.219606399536133,""rank"":9},{""token"":""\t\n"",""token_id"":null,""bytes"":[9,10],""logprob"":-19.362184524536133,""rank"":10},{""token"":"" texte"",""token_id"":null,""bytes"":[32,116,101,120,116,101],""logprob"":-19.654205322265625,""rank"":11},{""token"":"" "",""token_id"":null,""bytes"":[32],""logprob"":-19.659372329711914,""rank"":12},{""token"":""\n\n\n"",""token_id"":null,""bytes"":[10,10,10],""logprob"":-19.698551177978516,""rank"":13},{""token"":""    \n"",""token_id"":null,""bytes"":[32,32,32,32,10],""logprob"":-19.71047592163086,""rank"":14},{""token"":"""",""token_id"":null,""bytes"":[],""logprob"":-19.775375366210938,""rank"":15},{""token"":"" null"",""token_id"":null,""bytes"":[32,110,117,108,108],""logprob"":-19.857336044311523,""rank"":16},{""token"":"" ("",""token_id"":null,""bytes"":[32,40],""logprob"":-20.31868553161621,""rank"":17},{""token"":""},"",""token_id"":null,""bytes"":[125,44],""logprob"":-20.5729923248291,""rank"":18},{""token"":"" \""\"","",""token_id"":null,""bytes"":[32,34,34,44],""logprob"":-20.77304458618164,""rank"":19},{""token"":""   \n"",""token_id"":null,""bytes"":[32,32,32,10],""logprob"":-20.78203582763672,""rank"":20}]"
instrument_validation,D,K7,424,ABCD,4,12, ,,[32],-4.768372718899627e-07,1,"[{""token"":"" "",""token_id"":null,""bytes"":[32],""logprob"":-4.768372718899627e-07,""rank"":1},{""token"":"" \"""",""token_id"":null,""bytes"":[32,34],""logprob"":-14.934100151062012,""rank"":2},{""token"":""  \n"",""token_id"":null,""bytes"":[32,32,10],""logprob"":-15.774998664855957,""rank"":3},{""token"":"" texte"",""token_id"":null,""bytes"":[32,116,101,120,116,101],""logprob"":-17.64464569091797,""rank"":4},{""token"":""\"":"",""token_id"":null,""bytes"":[34,58],""logprob"":-17.890995025634766,""rank"":5},{""token"":""   "",""token_id"":null,""bytes"":[32,32,32],""logprob"":-18.07646369934082,""rank"":6},{""token"":""\"""",""token_id"":null,""bytes"":[34],""logprob"":-18.484519958496094,""rank"":7},{""token"":""  "",""token_id"":null,""bytes"":[32,32],""logprob"":-18.582347869873047,""rank"":8},{""token"":""\t"",""token_id"":null,""bytes"":[9],""logprob"":-18.86141586303711,""rank"":9},{""token"":"""",""token_id"":null,""bytes"":[],""logprob"":-18.987621307373047,""rank"":10},{""token"":"""",""token_id"":null,""bytes"":[],""logprob"":-19.023807525634766,""rank"":11},{""token"":""     "",""token_id"":null,""bytes"":[32,32,32,32,32],""logprob"":-19.537334442138672,""rank"":12},{""token"":""</think>"",""token_id"":null,""bytes"":[60,47,116,104,105,110,107,62],""logprob"":-19.72937774658203,""rank"":13},{""token"":""<<<<<<<"",""token_id"":null,""bytes"":[60,60,60,60,60,60,60],""logprob"":-19.93016242980957,""rank"":14},{""token"":""}"",""token_id"":null,""bytes"":[125],""logprob"":-20.363056182861328,""rank"":15},{""token"":""\""text"",""token_id"":null,""bytes"":[34,116,101,120,116],""logprob"":-20.661956787109375,""rank"":16},{""token"":"" textes"",""token_id"":null,""bytes"":[32,116,101,120,116,101,115],""logprob"":-20.792949676513672,""rank"":17},{""token"":""texte"",""token_id"":null,""bytes"":[116,101,120,116,101],""logprob"":-20.946781158447266,""rank"":18},{""token"":""}:"",""token_id"":null,""bytes"":[125,58],""logprob"":-20.981063842773438,""rank"":19},{""token"":""    "",""token_id"":null,""bytes"":[32,32,32,32],""logprob"":-21.33526039123535,""rank"":20}]"
instrument_validation,D,K7,424,ABCD,4,13," """,,"[32,34]",-2.0265599687263602e-06,1,"[{""token"":"" \"""",""token_id"":null,""bytes"":[32,34],""logprob"":-2.0265599687263602e-06,""rank"":1},{""token"":"" \""\"""",""token_id"":null,""bytes"":[32,34,34],""logprob"":-13.254087448120117,""rank"":2},{""token"":"" \""\\\"""",""token_id"":null,""bytes"":[32,34,92,34],""logprob"":-16.043081283569336,""rank"":3},{""token"":"" \""_"",""token_id"":null,""bytes"":[32,34,95],""logprob"":-16.407825469970703,""rank"":4},{""token"":"" \""."",""token_id"":null,""bytes"":[32,34,46],""logprob"":-16.942138671875,""rank"":5},{""token"":"" \\\"""",""token_id"":null,""bytes"":[32,92,34],""logprob"":-17.075725555419922,""rank"":6},{""token"":"" \""..."",""token_id"":null,""bytes"":[32,34,46,46,46],""logprob"":-17.085031509399414,""rank"":7},{""token"":"" \""<"",""token_id"":null,""bytes"":[32,34,60],""logprob"":-17.107070922851562,""rank"":8},{""token"":"" \""\\"",""token_id"":null,""bytes"":[32,34,92],""logprob"":-17.52213478088379,""rank"":9},{""token"":"" \""["",""token_id"":null,""bytes"":[32,34,91],""logprob"":-17.631324768066406,""rank"":10},{""token"":"" \""__"",""token_id"":null,""bytes"":[32,34,95,95],""logprob"":-17.71913719177246,""rank"":11},{""token"":""\"""",""token_id"":null,""bytes"":[34],""logprob"":-17.73314094543457,""rank"":12},{""token"":"" \"":"",""token_id"":null,""bytes"":[32,34,58],""logprob"":-17.95460319519043,""rank"":13},{""token"":"" \""/"",""token_id"":null,""bytes"":[32,34,47],""logprob"":-17.983577728271484,""rank"":14},{""token"":"" \""'"",""token_id"":null,""bytes"":[32,34,39],""logprob"":-18.07126235961914,""rank"":15},{""token"":"" \""#"",""token_id"":null,""bytes"":[32,34,35],""logprob"":-18.34078025817871,""rank"":16},{""token"":"" \""("",""token_id"":null,""bytes"":[32,34,40],""logprob"":-18.530061721801758,""rank"":17},{""token"":"" \""{\\\"""",""token_id"":null,""bytes"":[32,34,123,92,34],""logprob"":-18.564376831054688,""rank"":18},{""token"":"" \""--"",""token_id"":null,""bytes"":[32,34,45,45],""logprob"":-18.580432891845703,""rank"":19},{""token"":"" \""\"","",""token_id"":null,""bytes"":[32,34,34,44],""logprob"":-18.665077209472656,""rank"":20}]"
instrument_validation,D,K7,424,ABCD,4,14,texte,,"[116,101,120,116,101]",-0.0006448320928029716,1,"[{""token"":""texte"",""token_id"":null,""bytes"":[116,101,120,116,101],""logprob"":-0.0006448320928029716,""rank"":1},{""token"":""texto"",""token_id"":null,""bytes"":[116,101,120,116,111],""logprob"":-7.806743621826172,""rank"":2},{""token"":"" texte"",""token_id"":null,""bytes"":[32,116,101,120,116,101],""logprob"":-9.280204772949219,""rank"":3},{""token"":""texture"",""token_id"":null,""bytes"":[116,101,120,116,117,114,101],""logprob"":-10.911214828491211,""rank"":4},{""token"":""text"",""token_id"":null,""bytes"":[116,101,120,116],""logprob"":-11.027225494384766,""rank"":5},{""token"":""liste"",""token_id"":null,""bytes"":[108,105,115,116,101],""logprob"":-11.093482971191406,""rank"":6},{""token"":""textContent"",""token_id"":null,""bytes"":[116,101,120,116,67,111,110,116,101,110,116],""logprob"":-11.37800407409668,""rank"":7},{""token"":""teste"",""token_id"":null,""bytes"":[116,101,115,116,101],""logprob"":-11.395620346069336,""rank"":8},{""token"":""reste"",""token_id"":null,""bytes"":[114,101,115,116,101],""logprob"":-11.591926574707031,""rank"":9},{""token"":""texts"",""token_id"":null,""bytes"":[116,101,120,116,115],""logprob"":-12.084078788757324,""rank"":10},{""token"":""technologie"",""token_id"":null,""bytes"":[116,101,99,104,110,111,108,111,103,105,101],""logprob"":-12.292436599731445,""rank"":11},{""token"":"" тексте"",""token_id"":null,""bytes"":[32,209,130,208,181,208,186,209,129,209,130,208,181],""logprob"":-12.442390441894531,""rank"":12},{""token"":""tek"",""token_id"":null,""bytes"":[116,101,107],""logprob"":-12.558123588562012,""rank"":13},{""token"":"" Texte"",""token_id"":null,""bytes"":[32,84,101,120,116,101],""logprob"":-12.683660507202148,""rank"":14},{""token"":""registre"",""token_id"":null,""bytes"":[114,101,103,105,115,116,114,101],""logprob"":-12.719213485717773,""rank"":15},{""token"":""acte"",""token_id"":null,""bytes"":[97,99,116,101],""logprob"":-12.845905303955078,""rank"":16},{""token"":""titre"",""token_id"":null,""bytes"":[116,105,116,114,101],""logprob"":-12.847412109375,""rank"":17},{""token"":""poste"",""token_id"":null,""bytes"":[112,111,115,116,101],""logprob"":-13.14035415649414,""rank"":18},{""token"":""contre"",""token_id"":null,""bytes"":[99,111,110,116,114,101],""logprob"":-13.262977600097656,""rank"":19},{""token"":""vente"",""token_id"":null,""bytes"":[118,101,110,116,101],""logprob"":-13.293172836303711,""rank"":20}]"
instrument_validation,D,K7,424,ABCD,4,15,""":",,"[34,58]",-9.179157132166438e-06,1,"[{""token"":""\"":"",""token_id"":null,""bytes"":[34,58],""logprob"":-9.179157132166438e-06,""rank"":1},{""token"":""\"""",""token_id"":null,""bytes"":[34],""logprob"":-11.782276153564453,""rank"":2},{""token"":""\"":\""\"""",""token_id"":null,""bytes"":[34,58,34,34],""logprob"":-13.713590621948242,""rank"":3},{""token"":""\\\"":"",""token_id"":null,""bytes"":[92,34,58],""logprob"":-15.420682907104492,""rank"":4},{""token"":""\"":\"""",""token_id"":null,""bytes"":[34,58,34],""logprob"":-16.319738388061523,""rank"":5},{""token"":""\""\"""",""token_id"":null,""bytes"":[34,34],""logprob"":-16.432748794555664,""rank"":6},{""token"":"" \""\"""",""token_id"":null,""bytes"":[32,34,34],""logprob"":-17.301897048950195,""rank"":7},{""token"":""\""\"":"",""token_id"":null,""bytes"":[34,34,58],""logprob"":-17.441070556640625,""rank"":8},{""token"":""':"",""token_id"":null,""bytes"":[39,58],""logprob"":-17.710803985595703,""rank"":9},{""token"":"" \"":"",""token_id"":null,""bytes"":[32,34,58],""logprob"":-18.046131134033203,""rank"":10},{""token"":""\"":\""\"",\"""",""token_id"":null,""bytes"":[34,58,34,34,44,34],""logprob"":-20.248132705688477,""rank"":11},{""token"":""**:"",""token_id"":null,""bytes"":[42,42,58],""logprob"":-20.717214584350586,""rank"":12},{""token"":"")\"":"",""token_id"":null,""bytes"":[41,34,58],""logprob"":-21.159997940063477,""rank"":13},{""token"":""):"",""token_id"":null,""bytes"":[41,58],""logprob"":-21.329797744750977,""rank"":14},{""token"":""”:"",""token_id"":null,""bytes"":[226,128,157,58],""logprob"":-21.366348266601562,""rank"":15},{""token"":""=\""\"""",""token_id"":null,""bytes"":[61,34,34],""logprob"":-21.6729679107666,""rank"":16},{""token"":""\"";"",""token_id"":null,""bytes"":[34,59],""logprob"":-21.708738327026367,""rank"":17},{""token"":""():"",""token_id"":null,""bytes"":[40,41,58],""logprob"":-21.72138023376465,""rank"":18},{""token"":""]:"",""token_id"":null,""bytes"":[93,58],""logprob"":-22.0292911529541,""rank"":19},{""token"":""：\"""",""token_id"":null,""bytes"":[239,188,154,34],""logprob"":-22.163043975830078,""rank"":20}]"
instrument_validation,D,K7,424,ABCD,4,16," """"",,"[32,34,34]",-0.0032456680200994015,1,"[{""token"":"" \""\"""",""token_id"":null,""bytes"":[32,34,34],""logprob"":-0.0032456680200994015,""rank"":1},{""token"":"" \"""",""token_id"":null,""bytes"":[32,34],""logprob"":-6.055448055267334,""rank"":2},{""token"":"" null"",""token_id"":null,""bytes"":[32,110,117,108,108],""logprob"":-7.501000881195068,""rank"":3},{""token"":"" \""\"","",""token_id"":null,""bytes"":[32,34,34,44],""logprob"":-8.500384330749512,""rank"":4},{""token"":"" \""\\\"""",""token_id"":null,""bytes"":[32,34,92,34],""logprob"":-9.465580940246582,""rank"":5},{""token"":"" []"",""token_id"":null,""bytes"":[32,91,93],""logprob"":-11.753584861755371,""rank"":6},{""token"":"" \""\"";"",""token_id"":null,""bytes"":[32,34,34,59],""logprob"":-11.858902931213379,""rank"":7},{""token"":"" \""\"")"",""token_id"":null,""bytes"":[32,34,34,41],""logprob"":-12.181952476501465,""rank"":8},{""token"":"" \"":"",""token_id"":null,""bytes"":[32,34,58],""logprob"":-12.214859962463379,""rank"":9},{""token"":"" \""*\"""",""token_id"":null,""bytes"":[32,34,42,34],""logprob"":-12.99639892578125,""rank"":10},{""token"":"" \""["",""token_id"":null,""bytes"":[32,34,91],""logprob"":-13.000139236450195,""rank"":11},{""token"":"" \""{}"",""token_id"":null,""bytes"":[32,34,123,125],""logprob"":-13.065376281738281,""rank"":12},{""token"":"" \""\\"",""token_id"":null,""bytes"":[32,34,92],""logprob"":-13.07619857788086,""rank"":13},{""token"":"" \""-\"""",""token_id"":null,""bytes"":[32,34,45,34],""logprob"":-13.102391242980957,""rank"":14},{""token"":"" \""**"",""token_id"":null,""bytes"":[32,34,42,42],""logprob"":-13.186371803283691,""rank"":15},{""token"":"" \""{\\\"""",""token_id"":null,""bytes"":[32,34,123,92,34],""logprob"":-13.417125701904297,""rank"":16},{""token"":"" \""\""."",""token_id"":null,""bytes"":[32,34,34,46],""logprob"":-13.500629425048828,""rank"":17},{""token"":"" \"":\"""",""token_id"":null,""bytes"":[32,34,58,34],""logprob"":-13.505236625671387,""rank"":18},{""token"":"" \""<"",""token_id"":null,""bytes"":[32,34,60],""logprob"":-13.532994270324707,""rank"":19},{""token"":""\"":\""\"""",""token_id"":null,""bytes"":[34,58,34,34],""logprob"":-13.6640625,""rank"":20}]"
instrument_validation,D,K7,424,ABCD,4,17,"
",,[10],-8.344653679159819e-07,1,"[{""token"":""\n"",""token_id"":null,""bytes"":[10],""logprob"":-8.344653679159819e-07,""rank"":1},{""token"":"""",""token_id"":null,""bytes"":[],""logprob"":-14.713308334350586,""rank"":2},{""token"":"" \n"",""token_id"":null,""bytes"":[32,10],""logprob"":-15.195917129516602,""rank"":3},{""token"":""\n\n"",""token_id"":null,""bytes"":[10,10],""logprob"":-15.342458724975586,""rank"":4},{""token"":""\n\n\n"",""token_id"":null,""bytes"":[10,10,10],""logprob"":-18.374958038330078,""rank"":5},{""token"":"""",""token_id"":null,""bytes"":[],""logprob"":-18.63283920288086,""rank"":6},{""token"":""\r\n"",""token_id"":null,""bytes"":[13,10],""logprob"":-18.732601165771484,""rank"":7},{""token"":"" //"",""token_id"":null,""bytes"":[32,47,47],""logprob"":-18.796165466308594,""rank"":8},{""token"":""\t\n"",""token_id"":null,""bytes"":[9,10],""logprob"":-19.20122528076172,""rank"":9},{""token"":""  \n"",""token_id"":null,""bytes"":[32,32,10],""logprob"":-19.43815803527832,""rank"":10},{""token"":""}"",""token_id"":null,""bytes"":[125],""logprob"":-19.878347396850586,""rank"":11},{""token"":"" "",""token_id"":null,""bytes"":[32],""logprob"":-20.100112915039062,""rank"":12},{""token"":"" ("",""token_id"":null,""bytes"":[32,40],""logprob"":-20.2216739654541,""rank"":13},{""token"":""'"",""token_id"":null,""bytes"":[39],""logprob"":-20.251943588256836,""rank"":14},{""token"":""\"""",""token_id"":null,""bytes"":[34],""logprob"":-20.803253173828125,""rank"":15},{""token"":"" }"",""token_id"":null,""bytes"":[32,125],""logprob"":-21.127307891845703,""rank"":16},{""token"":"" |"",""token_id"":null,""bytes"":[32,124],""logprob"":-21.128131866455078,""rank"":17},{""token"":""("",""token_id"":null,""bytes"":[40],""logprob"":-21.17772102355957,""rank"":18},{""token"":"" \"""",""token_id"":null,""bytes"":[32,34],""logprob"":-21.28605842590332,""rank"":19},{""token"":""|"",""token_id"":null,""bytes"":[124],""logprob"":-21.812196731567383,""rank"":20}]"
instrument_validation,D,K7,424,ABCD,4,18,},,[125],-2.622607780722319e-06,1,"[{""token"":""}"",""token_id"":null,""bytes"":[125],""logprob"":-2.622607780722319e-06,""rank"":1},{""token"":""},"",""token_id"":null,""bytes"":[125,44],""logprob"":-13.304072380065918,""rank"":2},{""token"":""}\"""",""token_id"":null,""bytes"":[125,34],""logprob"":-14.436419486999512,""rank"":3},{""token"":""}'"",""token_id"":null,""bytes"":[125,39],""logprob"":-14.71263599395752,""rank"":4},{""token"":"""",""token_id"":null,""bytes"":[],""logprob"":-16.880449295043945,""rank"":5},{""token"":""}`"",""token_id"":null,""bytes"":[125,96],""logprob"":-16.897716522216797,""rank"":6},{""token"":""};"",""token_id"":null,""bytes"":[125,59],""logprob"":-17.290348052978516,""rank"":7},{""token"":"" }"",""token_id"":null,""bytes"":[32,125],""logprob"":-17.51471519470215,""rank"":8},{""token"":""]"",""token_id"":null,""bytes"":[93],""logprob"":-17.634220123291016,""rank"":9},{""token"":""}</"",""token_id"":null,""bytes"":[125,60,47],""logprob"":-17.89411735534668,""rank"":10},{""token"":""}:"",""token_id"":null,""bytes"":[125,58],""logprob"":-18.033803939819336,""rank"":11},{""token"":""}{"",""token_id"":null,""bytes"":[125,123],""logprob"":-18.198835372924805,""rank"":12},{""token"":""}$"",""token_id"":null,""bytes"":[125,36],""logprob"":-18.433876037597656,""rank"":13},{""token"":""\""}"",""token_id"":null,""bytes"":[34,125],""logprob"":-18.4759578704834,""rank"":14},{""token"":""}}"",""token_id"":null,""bytes"":[125,125],""logprob"":-18.62067413330078,""rank"":15},{""token"":""}>"",""token_id"":null,""bytes"":[125,62],""logprob"":-18.660926818847656,""rank"":16},{""token"":""}?"",""token_id"":null,""bytes"":[125,63],""logprob"":-18.944787979125977,""rank"":17},{""token"":""}."",""token_id"":null,""bytes"":[125,46],""logprob"":-19.036043167114258,""rank"":18},{""token"":""}%"",""token_id"":null,""bytes"":[125,37],""logprob"":-19.09600830078125,""rank"":19},{""token"":""}]"",""token_id"":null,""bytes"":[125,93],""logprob"":-19.14286231994629,""rank"":20}]"
cold_start,A,R0,424,ABCD,1,1,{,,[123],-0.017701268196105957,1,"[{""token"":""{"",""token_id"":null,""bytes"":[123],""logprob"":-0.017701268196105957,""rank"":1},{""token"":""{\"""",""token_id"":null,""bytes"":[123,34],""logprob"":-4.527174949645996,""rank"":2},{""token"":""```"",""token_id"":null,""bytes"":[96,96,96],""logprob"":-5.166430473327637,""rank"":3},{""token"":""{\\"",""token_id"":null,""bytes"":[123,92],""logprob"":-9.290816307067871,""rank"":4},{""token"":""{'"",""token_id"":null,""bytes"":[123,39],""logprob"":-9.338777542114258,""rank"":5}]"
cold_start,A,R0,424,ABCD,1,2,"
",,[10],-0.0012813667999580503,1,"[{""token"":""\n"",""token_id"":null,""bytes"":[10],""logprob"":-0.0012813667999580503,""rank"":1},{""token"":"" \"""",""token_id"":null,""bytes"":[32,34],""logprob"":-6.833825588226318,""rank"":2},{""token"":""mode"",""token_id"":null,""bytes"":[109,111,100,101],""logprob"":-8.847938537597656,""rank"":3},{""token"":"" "",""token_id"":null,""bytes"":[32],""logprob"":-10.73855209350586,""rank"":4},{""token"":"" \n"",""token_id"":null,""bytes"":[32,10],""logprob"":-11.28103256225586,""rank"":5}]"
cold_start,A,R0,424,ABCD,1,3, ,,[32],-0.00021930952789261937,1,"[{""token"":"" "",""token_id"":null,""bytes"":[32],""logprob"":-0.00021930952789261937,""rank"":1},{""token"":""\"""",""token_id"":null,""bytes"":[34],""logprob"":-8.988393783569336,""rank"":2},{""token"":"" \"""",""token_id"":null,""bytes"":[32,34],""logprob"":-9.370800018310547,""rank"":3},{""token"":""  \n"",""token_id"":null,""bytes"":[32,32,10],""logprob"":-13.117914199829102,""rank"":4},{""token"":""\""text"",""token_id"":null,""bytes"":[34,116,101,120,116],""logprob"":-13.223142623901367,""rank"":5}]"
cold_start,A,R0,424,ABCD,1,4," """,,"[32,34]",-3.814704541582614e-06,1,"[{""token"":"" \"""",""token_id"":null,""bytes"":[32,34],""logprob"":-3.814704541582614e-06,""rank"":1},{""token"":"" \""_"",""token_id"":null,""bytes"":[32,34,95],""logprob"":-13.24009895324707,""rank"":2},{""token"":"" \""\\\"""",""token_id"":null,""bytes"":[32,34,92,34],""logprob"":-13.954038619995117,""rank"":3},{""token"":"" mode"",""token_id"":null,""bytes"":[32,109,111,100,101],""logprob"":-15.210006713867188,""rank"":4},{""token"":"" \""__"",""token_id"":null,""bytes"":[32,34,95,95],""logprob"":-15.355708122253418,""rank"":5}]"
cold_start,A,R0,424,ABCD,1,5,mode,,"[109,111,100,101]",-0.00011563969746930525,1,"[{""token"":""mode"",""token_id"":null,""bytes"":[109,111,100,101],""logprob"":-0.00011563969746930525,""rank"":1},{""token"":""texte"",""token_id"":null,""bytes"":[116,101,120,116,101],""logprob"":-9.487587928771973,""rank"":2},{""token"":""\tmode"",""token_id"":null,""bytes"":[9,109,111,100,101],""logprob"":-12.448882102966309,""rank"":3},{""token"":""message"",""token_id"":null,""bytes"":[109,101,115,115,97,103,101],""logprob"":-12.675307273864746,""rank"":4},{""token"":""type"",""token_id"":null,""bytes"":[116,121,112,101],""logprob"":-12.780400276184082,""rank"":5}]"
cold_start,A,R0,424,ABCD,1,6,""":",,"[34,58]",-5.960482212685747e-06,1,"[{""token"":""\"":"",""token_id"":null,""bytes"":[34,58],""logprob"":-5.960482212685747e-06,""rank"":1},{""token"":""\"":\"""",""token_id"":null,""bytes"":[34,58,34],""logprob"":-12.405611038208008,""rank"":2},{""token"":""\"""",""token_id"":null,""bytes"":[34],""logprob"":-13.86256217956543,""rank"":3},{""token"":""\"","",""token_id"":null,""bytes"":[34,44],""logprob"":-14.75390625,""rank"":4},{""token"":""':"",""token_id"":null,""bytes"":[39,58],""logprob"":-15.401510238647461,""rank"":5}]"
cold_start,A,R0,424,ABCD,1,7," """,,"[32,34]",-6.878612475702539e-05,1,"[{""token"":"" \"""",""token_id"":null,""bytes"":[32,34],""logprob"":-6.878612475702539e-05,""rank"":1},{""token"":"" \""\"","",""token_id"":null,""bytes"":[32,34,34,44],""logprob"":-11.401308059692383,""rank"":2},{""token"":"" \""..."",""token_id"":null,""bytes"":[32,34,46,46,46],""logprob"":-11.616853713989258,""rank"":3},{""token"":"" parole"",""token_id"":null,""bytes"":[32,112,97,114,111,108,101],""logprob"":-11.877944946289062,""rank"":4},{""token"":"" \""\"""",""token_id"":null,""bytes"":[32,34,34],""logprob"":-12.042781829833984,""rank"":5}]"
cold_start,A,R0,424,ABCD,1,8,sil,,"[115,105,108]",-0.6829010248184204,1,"[{""token"":""sil"",""token_id"":null,""bytes"":[115,105,108],""logprob"":-0.6829010248184204,""rank"":1},{""token"":""parole"",""token_id"":null,""bytes"":[112,97,114,111,108,101],""logprob"":-0.7116065621376038,""rank"":2},{""token"":""par"",""token_id"":null,""bytes"":[112,97,114],""logprob"":-7.376031398773193,""rank"":3},{""token"":""pare"",""token_id"":null,""bytes"":[112,97,114,101],""logprob"":-8.316965103149414,""rank"":4},{""token"":""s"",""token_id"":null,""bytes"":[115],""logprob"":-8.35165786743164,""rank"":5}]"
cold_start,A,R0,424,ABCD,1,9,ence,,"[101,110,99,101]",-1.0728893357736524e-05,1,"[{""token"":""ence"",""token_id"":null,""bytes"":[101,110,99,101],""logprob"":-1.0728893357736524e-05,""rank"":1},{""token"":""ience"",""token_id"":null,""bytes"":[105,101,110,99,101],""logprob"":-11.881476402282715,""rank"":2},{""token"":""ance"",""token_id"":null,""bytes"":[97,110,99,101],""logprob"":-12.749621391296387,""rank"":3},{""token"":""enc"",""token_id"":null,""bytes"":[101,110,99],""logprob"":-15.021140098571777,""rank"":4},{""token"":""\"","",""token_id"":null,""bytes"":[34,44],""logprob"":-15.82038402557373,""rank"":5}]"
cold_start,A,R0,424,ABCD,1,10,""",",,"[34,44]",-0.10400095582008362,1,"[{""token"":""\"","",""token_id"":null,""bytes"":[34,44],""logprob"":-0.10400095582008362,""rank"":1},{""token"":""\"""",""token_id"":null,""bytes"":[34],""logprob"":-2.3149843215942383,""rank"":2},{""token"":""\n"",""token_id"":null,""bytes"":[10],""logprob"":-12.798715591430664,""rank"":3},{""token"":""\""."",""token_id"":null,""bytes"":[34,46],""logprob"":-13.602818489074707,""rank"":4},{""token"":""\\\"","",""token_id"":null,""bytes"":[92,34,44],""logprob"":-14.086886405944824,""rank"":5}]"
cold_start,A,R0,424,ABCD,1,11,"
",,[10],-4.529963462118758e-06,1,"[{""token"":""\n"",""token_id"":null,""bytes"":[10],""logprob"":-4.529963462118758e-06,""rank"":1},{""token"":"" \n"",""token_id"":null,""bytes"":[32,10],""logprob"":-12.82629108428955,""rank"":2},{""token"":"""",""token_id"":null,""bytes"":[],""logprob"":-14.03629207611084,""rank"":3},{""token"":""\n\n"",""token_id"":null,""bytes"":[10,10],""logprob"":-14.489842414855957,""rank"":4},{""token"":"" \"""",""token_id"":null,""bytes"":[32,34],""logprob"":-15.350348472595215,""rank"":5}]"
cold_start,A,R0,424,ABCD,1,12, ,,[32],-4.768372718899627e-07,1,"[{""token"":"" "",""token_id"":null,""bytes"":[32],""logprob"":-4.768372718899627e-07,""rank"":1},{""token"":"" \"""",""token_id"":null,""bytes"":[32,34],""logprob"":-14.830775260925293,""rank"":2},{""token"":""  \n"",""token_id"":null,""bytes"":[32,32,10],""logprob"":-15.846244812011719,""rank"":3},{""token"":"" texte"",""token_id"":null,""bytes"":[32,116,101,120,116,101],""logprob"":-17.57489776611328,""rank"":4},{""token"":""\"":"",""token_id"":null,""bytes"":[34,58],""logprob"":-17.85828399658203,""rank"":5}]"
cold_start,A,R0,424,ABCD,1,13," """,,"[32,34]",-2.7418175250204513e-06,1,"[{""token"":"" \"""",""token_id"":null,""bytes"":[32,34],""logprob"":-2.7418175250204513e-06,""rank"":1},{""token"":"" \""\"""",""token_id"":null,""bytes"":[32,34,34],""logprob"":-12.913479804992676,""rank"":2},{""token"":"" \""\\\"""",""token_id"":null,""bytes"":[32,34,92,34],""logprob"":-15.69869327545166,""rank"":3},{""token"":"" \""_"",""token_id"":null,""bytes"":[32,34,95],""logprob"":-16.026199340820312,""rank"":4},{""token"":"" \""."",""token_id"":null,""bytes"":[32,34,46],""logprob"":-16.689477920532227,""rank"":5}]"
cold_start,A,R0,424,ABCD,1,14,texte,,"[116,101,120,116,101]",-0.0006296828505583107,1,"[{""token"":""texte"",""token_id"":null,""bytes"":[116,101,120,116,101],""logprob"":-0.0006296828505583107,""rank"":1},{""token"":""texto"",""token_id"":null,""bytes"":[116,101,120,116,111],""logprob"":-7.841743469238281,""rank"":2},{""token"":"" texte"",""token_id"":null,""bytes"":[32,116,101,120,116,101],""logprob"":-9.23090934753418,""rank"":3},{""token"":""texture"",""token_id"":null,""bytes"":[116,101,120,116,117,114,101],""logprob"":-10.990337371826172,""rank"":4},{""token"":""liste"",""token_id"":null,""bytes"":[108,105,115,116,101],""logprob"":-11.11802864074707,""rank"":5}]"
cold_start,A,R0,424,ABCD,1,15,""":",,"[34,58]",-9.775209946383256e-06,1,"[{""token"":""\"":"",""token_id"":null,""bytes"":[34,58],""logprob"":-9.775209946383256e-06,""rank"":1},{""token"":""\"""",""token_id"":null,""bytes"":[34],""logprob"":-11.71143913269043,""rank"":2},{""token"":""\"":\""\"""",""token_id"":null,""bytes"":[34,58,34,34],""logprob"":-13.73509407043457,""rank"":3},{""token"":""\\\"":"",""token_id"":null,""bytes"":[92,34,58],""logprob"":-15.427671432495117,""rank"":4},{""token"":""\"":\"""",""token_id"":null,""bytes"":[34,58,34],""logprob"":-16.406694412231445,""rank"":5}]"
cold_start,A,R0,424,ABCD,1,16," """"",,"[32,34,34]",-0.0034958957694470882,1,"[{""token"":"" \""\"""",""token_id"":null,""bytes"":[32,34,34],""logprob"":-0.0034958957694470882,""rank"":1},{""token"":"" \"""",""token_id"":null,""bytes"":[32,34],""logprob"":-5.9778056144714355,""rank"":2},{""token"":"" null"",""token_id"":null,""bytes"":[32,110,117,108,108],""logprob"":-7.4228434562683105,""rank"":3},{""token"":"" \""\"","",""token_id"":null,""bytes"":[32,34,34,44],""logprob"":-8.4609375,""rank"":4},{""token"":"" \""\\\"""",""token_id"":null,""bytes"":[32,34,92,34],""logprob"":-9.420413970947266,""rank"":5}]"
cold_start,A,R0,424,ABCD,1,17,"
",,[10],-9.536747711536009e-07,1,"[{""token"":""\n"",""token_id"":null,""bytes"":[10],""logprob"":-9.536747711536009e-07,""rank"":1},{""token"":"""",""token_id"":null,""bytes"":[],""logprob"":-14.770174026489258,""rank"":2},{""token"":"" \n"",""token_id"":null,""bytes"":[32,10],""logprob"":-14.94002914428711,""rank"":3},{""token"":""\n\n"",""token_id"":null,""bytes"":[10,10],""logprob"":-15.378928184509277,""rank"":4},{""token"":""\n\n\n"",""token_id"":null,""bytes"":[10,10,10],""logprob"":-18.373306274414062,""rank"":5}]"
cold_start,A,R0,424,ABCD,1,18,},,[125],-2.5033982637978625e-06,1,"[{""token"":""}"",""token_id"":null,""bytes"":[125],""logprob"":-2.5033982637978625e-06,""rank"":1},{""token"":""},"",""token_id"":null,""bytes"":[125,44],""logprob"":-13.417893409729004,""rank"":2},{""token"":""}\"""",""token_id"":null,""bytes"":[125,34],""logprob"":-14.308489799499512,""rank"":3},{""token"":""}'"",""token_id"":null,""bytes"":[125,39],""logprob"":-14.59435749053955,""rank"":4},{""token"":""}`"",""token_id"":null,""bytes"":[125,96],""logprob"":-16.7717342376709,""rank"":5}]"
cold_start,B,R7,424,ABCD,2,1,{,,[123],-0.02172425016760826,1,"[{""token"":""{"",""token_id"":null,""bytes"":[123],""logprob"":-0.02172425016760826,""rank"":1},{""token"":""{\"""",""token_id"":null,""bytes"":[123,34],""logprob"":-4.228072643280029,""rank"":2},{""token"":""```"",""token_id"":null,""bytes"":[96,96,96],""logprob"":-5.131930828094482,""rank"":3},{""token"":""{\\\"""",""token_id"":null,""bytes"":[123,92,34],""logprob"":-9.165180206298828,""rank"":4},{""token"":""{\\"",""token_id"":null,""bytes"":[123,92],""logprob"":-9.315994262695312,""rank"":5}]"
cold_start,B,R7,424,ABCD,2,2,"
",,[10],-0.0008808079874143004,1,"[{""token"":""\n"",""token_id"":null,""bytes"":[10],""logprob"":-0.0008808079874143004,""rank"":1},{""token"":"" \"""",""token_id"":null,""bytes"":[32,34],""logprob"":-7.27277135848999,""rank"":2},{""token"":""mode"",""token_id"":null,""bytes"":[109,111,100,101],""logprob"":-8.902280807495117,""rank"":3},{""token"":"" "",""token_id"":null,""bytes"":[32],""logprob"":-10.787778854370117,""rank"":4},{""token"":"" \n"",""token_id"":null,""bytes"":[32,10],""logprob"":-11.593488693237305,""rank"":5}]"
cold_start,B,R7,424,ABCD,2,3, ,,[32],-0.0002201441820943728,1,"[{""token"":"" "",""token_id"":null,""bytes"":[32],""logprob"":-0.0002201441820943728,""rank"":1},{""token"":""\"""",""token_id"":null,""bytes"":[34],""logprob"":-8.98767375946045,""rank"":2},{""token"":"" \"""",""token_id"":null,""bytes"":[32,34],""logprob"":-9.363957405090332,""rank"":3},{""token"":""\""text"",""token_id"":null,""bytes"":[34,116,101,120,116],""logprob"":-13.119736671447754,""rank"":4},{""token"":""  \n"",""token_id"":null,""bytes"":[32,32,10],""logprob"":-13.16612720489502,""rank"":5}]"
cold_start,B,R7,424,ABCD,2,4," """,,"[32,34]",-4.172333774477011e-06,1,"[{""token"":"" \"""",""token_id"":null,""bytes"":[32,34],""logprob"":-4.172333774477011e-06,""rank"":1},{""token"":"" \""_"",""token_id"":null,""bytes"":[32,34,95],""logprob"":-13.113958358764648,""rank"":2},{""token"":"" \""\\\"""",""token_id"":null,""bytes"":[32,34,92,34],""logprob"":-13.908227920532227,""rank"":3},{""token"":"" \""__"",""token_id"":null,""bytes"":[32,34,95,95],""logprob"":-15.388980865478516,""rank"":4},{""token"":"" mode"",""token_id"":null,""bytes"":[32,109,111,100,101],""logprob"":-15.449271202087402,""rank"":5}]"
cold_start,B,R7,424,ABCD,2,5,mode,,"[109,111,100,101]",-0.00011707037629093975,1,"[{""token"":""mode"",""token_id"":null,""bytes"":[109,111,100,101],""logprob"":-0.00011707037629093975,""rank"":1},{""token"":""texte"",""token_id"":null,""bytes"":[116,101,120,116,101],""logprob"":-9.493277549743652,""rank"":2},{""token"":""\tmode"",""token_id"":null,""bytes"":[9,109,111,100,101],""logprob"":-12.450518608093262,""rank"":3},{""token"":""message"",""token_id"":null,""bytes"":[109,101,115,115,97,103,101],""logprob"":-12.52582836151123,""rank"":4},{""token"":""type"",""token_id"":null,""bytes"":[116,121,112,101],""logprob"":-12.704558372497559,""rank"":5}]"
cold_start,B,R7,424,ABCD,2,6,""":",,"[34,58]",-6.318112355074845e-06,1,"[{""token"":""\"":"",""token_id"":null,""bytes"":[34,58],""logprob"":-6.318112355074845e-06,""rank"":1},{""token"":""\"":\"""",""token_id"":null,""bytes"":[34,58,34],""logprob"":-12.400069236755371,""rank"":2},{""token"":""\"""",""token_id"":null,""bytes"":[34],""logprob"":-13.777251243591309,""rank"":3},{""token"":""\"","",""token_id"":null,""bytes"":[34,44],""logprob"":-14.631165504455566,""rank"":4},{""token"":""':"",""token_id"":null,""bytes"":[39,58],""logprob"":-15.456767082214355,""rank"":5}]"
cold_start,B,R7,424,ABCD,2,7," """,,"[32,34]",-6.84284750605002e-05,1,"[{""token"":"" \"""",""token_id"":null,""bytes"":[32,34],""logprob"":-6.84284750605002e-05,""rank"":1},{""token"":"" \""\"","",""token_id"":null,""bytes"":[32,34,34,44],""logprob"":-11.380424499511719,""rank"":2},{""token"":"" \""..."",""token_id"":null,""bytes"":[32,34,46,46,46],""logprob"":-11.570703506469727,""rank"":3},{""token"":"" parole"",""token_id"":null,""bytes"":[32,112,97,114,111,108,101],""logprob"":-11.879776000976562,""rank"":4},{""token"":"" \""\"""",""token_id"":null,""bytes"":[32,34,34],""logprob"":-12.034069061279297,""rank"":5}]"
cold_start,B,R7,424,ABCD,2,8,sil,,"[115,105,108]",-0.6785305142402649,1,"[{""token"":""sil"",""token_id"":null,""bytes"":[115,105,108],""logprob"":-0.6785305142402649,""rank"":1},{""token"":""parole"",""token_id"":null,""bytes"":[112,97,114,111,108,101],""logprob"":-0.7165859341621399,""rank"":2},{""token"":""par"",""token_id"":null,""bytes"":[112,97,114],""logprob"":-7.273228645324707,""rank"":3},{""token"":""pare"",""token_id"":null,""bytes"":[112,97,114,101],""logprob"":-8.244132041931152,""rank"":4},{""token"":""s"",""token_id"":null,""bytes"":[115],""logprob"":-8.282027244567871,""rank"":5}]"
cold_start,B,R7,424,ABCD,2,9,ence,,"[101,110,99,101]",-9.179157132166438e-06,1,"[{""token"":""ence"",""token_id"":null,""bytes"":[101,110,99,101],""logprob"":-9.179157132166438e-06,""rank"":1},{""token"":""ience"",""token_id"":null,""bytes"":[105,101,110,99,101],""logprob"":-12.033693313598633,""rank"":2},{""token"":""ance"",""token_id"":null,""bytes"":[97,110,99,101],""logprob"":-12.892942428588867,""rank"":3},{""token"":""enc"",""token_id"":null,""bytes"":[101,110,99],""logprob"":-15.13233757019043,""rank"":4},{""token"":""ences"",""token_id"":null,""bytes"":[101,110,99,101,115],""logprob"":-15.992465019226074,""rank"":5}]"
cold_start,B,R7,424,ABCD,2,10,""",",,"[34,44]",-0.10652503371238708,1,"[{""token"":""\"","",""token_id"":null,""bytes"":[34,44],""logprob"":-0.10652503371238708,""rank"":1},{""token"":""\"""",""token_id"":null,""bytes"":[34],""logprob"":-2.292224407196045,""rank"":2},{""token"":""\n"",""token_id"":null,""bytes"":[10],""logprob"":-13.167221069335938,""rank"":3},{""token"":""\""."",""token_id"":null,""bytes"":[34,46],""logprob"":-13.745504379272461,""rank"":4},{""token"":""\\\"","",""token_id"":null,""bytes"":[92,34,44],""logprob"":-14.183154106140137,""rank"":5}]"
cold_start,B,R7,424,ABCD,2,11,"
",,[10],-4.0531240301788785e-06,1,"[{""token"":""\n"",""token_id"":null,""bytes"":[10],""logprob"":-4.0531240301788785e-06,""rank"":1},{""token"":"" \n"",""token_id"":null,""bytes"":[32,10],""logprob"":-12.90800666809082,""rank"":2},{""token"":"""",""token_id"":null,""bytes"":[],""logprob"":-14.16970443725586,""rank"":3},{""token"":""\n\n"",""token_id"":null,""bytes"":[10,10],""logprob"":-14.509121894836426,""rank"":4},{""token"":"" \"""",""token_id"":null,""bytes"":[32,34],""logprob"":-15.510653495788574,""rank"":5}]"
cold_start,B,R7,424,ABCD,2,12, ,,[32],-4.768372718899627e-07,1,"[{""token"":"" "",""token_id"":null,""bytes"":[32],""logprob"":-4.768372718899627e-07,""rank"":1},{""token"":"" \"""",""token_id"":null,""bytes"":[32,34],""logprob"":-15.015575408935547,""rank"":2},{""token"":""  \n"",""token_id"":null,""bytes"":[32,32,10],""logprob"":-15.97124195098877,""rank"":3},{""token"":"" texte"",""token_id"":null,""bytes"":[32,116,101,120,116,101],""logprob"":-17.74969482421875,""rank"":4},{""token"":""   "",""token_id"":null,""bytes"":[32,32,32],""logprob"":-18.280445098876953,""rank"":5}]"
cold_start,B,R7,424,ABCD,2,13," """,,"[32,34]",-2.0265599687263602e-06,1,"[{""token"":"" \"""",""token_id"":null,""bytes"":[32,34],""logprob"":-2.0265599687263602e-06,""rank"":1},{""token"":"" \""\"""",""token_id"":null,""bytes"":[32,34,34],""logprob"":-13.223140716552734,""rank"":2},{""token"":"" \""\\\"""",""token_id"":null,""bytes"":[32,34,92,34],""logprob"":-15.966304779052734,""rank"":3},{""token"":"" \""_"",""token_id"":null,""bytes"":[32,34,95],""logprob"":-16.198970794677734,""rank"":4},{""token"":"" \""..."",""token_id"":null,""bytes"":[32,34,46,46,46],""logprob"":-16.936288833618164,""rank"":5}]"
cold_start,B,R7,424,ABCD,2,14,texte,,"[116,101,120,116,101]",-0.000649364956188947,1,"[{""token"":""texte"",""token_id"":null,""bytes"":[116,101,120,116,101],""logprob"":-0.000649364956188947,""rank"":1},{""token"":""texto"",""token_id"":null,""bytes"":[116,101,120,116,111],""logprob"":-7.792206764221191,""rank"":2},{""token"":"" texte"",""token_id"":null,""bytes"":[32,116,101,120,116,101],""logprob"":-9.244690895080566,""rank"":3},{""token"":""texture"",""token_id"":null,""bytes"":[116,101,120,116,117,114,101],""logprob"":-10.890830039978027,""rank"":4},{""token"":""text"",""token_id"":null,""bytes"":[116,101,120,116],""logprob"":-11.115731239318848,""rank"":5}]"
cold_start,B,R7,424,ABCD,2,15,""":",,"[34,58]",-1.0848104466276709e-05,1,"[{""token"":""\"":"",""token_id"":null,""bytes"":[34,58],""logprob"":-1.0848104466276709e-05,""rank"":1},{""token"":""\"""",""token_id"":null,""bytes"":[34],""logprob"":-11.591935157775879,""rank"":2},{""token"":""\"":\""\"""",""token_id"":null,""bytes"":[34,58,34,34],""logprob"":-13.789422035217285,""rank"":3},{""token"":""\\\"":"",""token_id"":null,""bytes"":[92,34,58],""logprob"":-15.505274772644043,""rank"":4},{""token"":""\"":\"""",""token_id"":null,""bytes"":[34,58,34],""logprob"":-16.480609893798828,""rank"":5}]"
cold_start,B,R7,424,ABCD,2,16," """"",,"[32,34,34]",-0.0031248226296156645,1,"[{""token"":"" \""\"""",""token_id"":null,""bytes"":[32,34,34],""logprob"":-0.0031248226296156645,""rank"":1},{""token"":"" \"""",""token_id"":null,""bytes"":[32,34],""logprob"":-6.100138187408447,""rank"":2},{""token"":"" null"",""token_id"":null,""bytes"":[32,110,117,108,108],""logprob"":-7.526052951812744,""rank"":3},{""token"":"" \""\"","",""token_id"":null,""bytes"":[32,34,34,44],""logprob"":-8.518841743469238,""rank"":4},{""token"":"" \""\\\"""",""token_id"":null,""bytes"":[32,34,92,34],""logprob"":-9.442099571228027,""rank"":5}]"
cold_start,B,R7,424,ABCD,2,17,"
",,[10],-8.344653679159819e-07,1,"[{""token"":""\n"",""token_id"":null,""bytes"":[10],""logprob"":-8.344653679159819e-07,""rank"":1},{""token"":"""",""token_id"":null,""bytes"":[],""logprob"":-14.898009300231934,""rank"":2},{""token"":"" \n"",""token_id"":null,""bytes"":[32,10],""logprob"":-15.026812553405762,""rank"":3},{""token"":""\n\n"",""token_id"":null,""bytes"":[10,10],""logprob"":-15.510147094726562,""rank"":4},{""token"":""\n\n\n"",""token_id"":null,""bytes"":[10,10,10],""logprob"":-18.452171325683594,""rank"":5}]"
cold_start,B,R7,424,ABCD,2,18,},,[125],-2.5033982637978625e-06,1,"[{""token"":""}"",""token_id"":null,""bytes"":[125],""logprob"":-2.5033982637978625e-06,""rank"":1},{""token"":""},"",""token_id"":null,""bytes"":[125,44],""logprob"":-13.412047386169434,""rank"":2},{""token"":""}\"""",""token_id"":null,""bytes"":[125,34],""logprob"":-14.420966148376465,""rank"":3},{""token"":""}'"",""token_id"":null,""bytes"":[125,39],""logprob"":-14.732012748718262,""rank"":4},{""token"":""}`"",""token_id"":null,""bytes"":[125,96],""logprob"":-16.944538116455078,""rank"":5}]"
cold_start,C,K0,424,ABCD,3,1,{,,[123],-0.022347530350089073,1,"[{""token"":""{"",""token_id"":null,""bytes"":[123],""logprob"":-0.022347530350089073,""rank"":1},{""token"":""{\"""",""token_id"":null,""bytes"":[123,34],""logprob"":-4.103880882263184,""rank"":2},{""token"":""```"",""token_id"":null,""bytes"":[96,96,96],""logprob"":-5.384608268737793,""rank"":3},{""token"":""{\\\"""",""token_id"":null,""bytes"":[123,92,34],""logprob"":-9.20559310913086,""rank"":4},{""token"":""{}"",""token_id"":null,""bytes"":[123,125],""logprob"":-9.365748405456543,""rank"":5}]"
cold_start,C,K0,424,ABCD,3,2,"
",,[10],-0.0010407617082819343,1,"[{""token"":""\n"",""token_id"":null,""bytes"":[10],""logprob"":-0.0010407617082819343,""rank"":1},{""token"":"" \"""",""token_id"":null,""bytes"":[32,34],""logprob"":-7.071502208709717,""rank"":2},{""token"":""mode"",""token_id"":null,""bytes"":[109,111,100,101],""logprob"":-8.883734703063965,""rank"":3},{""token"":"" "",""token_id"":null,""bytes"":[32],""logprob"":-10.773819923400879,""rank"":4},{""token"":"" \n"",""token_id"":null,""bytes"":[32,10],""logprob"":-11.489826202392578,""rank"":5}]"
cold_start,C,K0,424,ABCD,3,3, ,,[32],-0.00021775947243440896,1,"[{""token"":"" "",""token_id"":null,""bytes"":[32],""logprob"":-0.00021775947243440896,""rank"":1},{""token"":""\"""",""token_id"":null,""bytes"":[34],""logprob"":-9.088756561279297,""rank"":2},{""token"":"" \"""",""token_id"":null,""bytes"":[32,34],""logprob"":-9.261333465576172,""rank"":3},{""token"":""\""text"",""token_id"":null,""bytes"":[34,116,101,120,116],""logprob"":-13.031827926635742,""rank"":4},{""token"":""  \n"",""token_id"":null,""bytes"":[32,32,10],""logprob"":-13.105371475219727,""rank"":5}]"
cold_start,C,K0,424,ABCD,3,4," """,,"[32,34]",-3.218656047465629e-06,1,"[{""token"":"" \"""",""token_id"":null,""bytes"":[32,34],""logprob"":-3.218656047465629e-06,""rank"":1},{""token"":"" \""_"",""token_id"":null,""bytes"":[32,34,95],""logprob"":-13.295794486999512,""rank"":2},{""token"":"" \""\\\"""",""token_id"":null,""bytes"":[32,34,92,34],""logprob"":-14.324239730834961,""rank"":3},{""token"":"" mode"",""token_id"":null,""bytes"":[32,109,111,100,101],""logprob"":-15.079508781433105,""rank"":4},{""token"":"" \""__"",""token_id"":null,""bytes"":[32,34,95,95],""logprob"":-15.397425651550293,""rank"":5}]"
cold_start,C,K0,424,ABCD,3,5,mode,,"[109,111,100,101]",-0.00011695115244947374,1,"[{""token"":""mode"",""token_id"":null,""bytes"":[109,111,100,101],""logprob"":-0.00011695115244947374,""rank"":1},{""token"":""texte"",""token_id"":null,""bytes"":[116,101,120,116,101],""logprob"":-9.467223167419434,""rank"":2},{""token"":""\tmode"",""token_id"":null,""bytes"":[9,109,111,100,101],""logprob"":-12.454880714416504,""rank"":3},{""token"":""message"",""token_id"":null,""bytes"":[109,101,115,115,97,103,101],""logprob"":-12.663521766662598,""rank"":4},{""token"":""type"",""token_id"":null,""bytes"":[116,121,112,101],""logprob"":-12.774247169494629,""rank"":5}]"
cold_start,C,K0,424,ABCD,3,6,""":",,"[34,58]",-5.722062269342132e-06,1,"[{""token"":""\"":"",""token_id"":null,""bytes"":[34,58],""logprob"":-5.722062269342132e-06,""rank"":1},{""token"":""\"":\"""",""token_id"":null,""bytes"":[34,58,34],""logprob"":-12.455028533935547,""rank"":2},{""token"":""\"""",""token_id"":null,""bytes"":[34],""logprob"":-14.045772552490234,""rank"":3},{""token"":""\"","",""token_id"":null,""bytes"":[34,44],""logprob"":-14.704669952392578,""rank"":4},{""token"":""':"",""token_id"":null,""bytes"":[39,58],""logprob"":-15.434219360351562,""rank"":5}]"
cold_start,C,K0,424,ABCD,3,7," """,,"[32,34]",-6.580569606740028e-05,1,"[{""token"":"" \"""",""token_id"":null,""bytes"":[32,34],""logprob"":-6.580569606740028e-05,""rank"":1},{""token"":"" \""\"","",""token_id"":null,""bytes"":[32,34,34,44],""logprob"":-11.462050437927246,""rank"":2},{""token"":"" \""..."",""token_id"":null,""bytes"":[32,34,46,46,46],""logprob"":-11.589383125305176,""rank"":3},{""token"":"" parole"",""token_id"":null,""bytes"":[32,112,97,114,111,108,101],""logprob"":-11.91740894317627,""rank"":4},{""token"":"" \""\"""",""token_id"":null,""bytes"":[32,34,34],""logprob"":-12.049454689025879,""rank"":5}]"
cold_start,C,K0,424,ABCD,3,8,sil,,"[115,105,108]",-0.6199643015861511,1,"[{""token"":""sil"",""token_id"":null,""bytes"":[115,105,108],""logprob"":-0.6199643015861511,""rank"":1},{""token"":""parole"",""token_id"":null,""bytes"":[112,97,114,111,108,101],""logprob"":-0.7807443141937256,""rank"":2},{""token"":""par"",""token_id"":null,""bytes"":[112,97,114],""logprob"":-7.385531902313232,""rank"":3},{""token"":"" parole"",""token_id"":null,""bytes"":[32,112,97,114,111,108,101],""logprob"":-8.325679779052734,""rank"":4},{""token"":""pare"",""token_id"":null,""bytes"":[112,97,114,101],""logprob"":-8.352705001831055,""rank"":5}]"
cold_start,C,K0,424,ABCD,3,9,ence,,"[101,110,99,101]",-9.775209946383256e-06,1,"[{""token"":""ence"",""token_id"":null,""bytes"":[101,110,99,101],""logprob"":-9.775209946383256e-06,""rank"":1},{""token"":""ience"",""token_id"":null,""bytes"":[105,101,110,99,101],""logprob"":-11.912710189819336,""rank"":2},{""token"":""ance"",""token_id"":null,""bytes"":[97,110,99,101],""logprob"":-12.932533264160156,""rank"":3},{""token"":""enc"",""token_id"":null,""bytes"":[101,110,99],""logprob"":-15.216045379638672,""rank"":4},{""token"":""\"","",""token_id"":null,""bytes"":[34,44],""logprob"":-16.03968620300293,""rank"":5}]"
cold_start,C,K0,424,ABCD,3,10,""",",,"[34,44]",-0.10642677545547485,1,"[{""token"":""\"","",""token_id"":null,""bytes"":[34,44],""logprob"":-0.10642677545547485,""rank"":1},{""token"":""\"""",""token_id"":null,""bytes"":[34],""logprob"":-2.293093204498291,""rank"":2},{""token"":""\n"",""token_id"":null,""bytes"":[10],""logprob"":-13.433211326599121,""rank"":3},{""token"":""\""."",""token_id"":null,""bytes"":[34,46],""logprob"":-13.752901077270508,""rank"":4},{""token"":""\\\"","",""token_id"":null,""bytes"":[92,34,44],""logprob"":-14.33447265625,""rank"":5}]"
cold_start,C,K0,424,ABCD,3,11,"
",,[10],-3.337865791763761e-06,1,"[{""token"":""\n"",""token_id"":null,""bytes"":[10],""logprob"":-3.337865791763761e-06,""rank"":1},{""token"":"" \n"",""token_id"":null,""bytes"":[32,10],""logprob"":-13.107783317565918,""rank"":2},{""token"":"""",""token_id"":null,""bytes"":[],""logprob"":-14.255763053894043,""rank"":3},{""token"":""\n\n"",""token_id"":null,""bytes"":[10,10],""logprob"":-14.601638793945312,""rank"":4},{""token"":"" \"""",""token_id"":null,""bytes"":[32,34],""logprob"":-15.553372383117676,""rank"":5}]"
cold_start,C,K0,424,ABCD,3,12, ,,[32],-4.768372718899627e-07,1,"[{""token"":"" "",""token_id"":null,""bytes"":[32],""logprob"":-4.768372718899627e-07,""rank"":1},{""token"":"" \"""",""token_id"":null,""bytes"":[32,34],""logprob"":-14.94283676147461,""rank"":2},{""token"":""  \n"",""token_id"":null,""bytes"":[32,32,10],""logprob"":-16.096988677978516,""rank"":3},{""token"":"" texte"",""token_id"":null,""bytes"":[32,116,101,120,116,101],""logprob"":-17.702526092529297,""rank"":4},{""token"":""\"":"",""token_id"":null,""bytes"":[34,58],""logprob"":-18.022602081298828,""rank"":5}]"
cold_start,C,K0,424,ABCD,3,13," """,,"[32,34]",-1.3113030945532955e-06,1,"[{""token"":"" \"""",""token_id"":null,""bytes"":[32,34],""logprob"":-1.3113030945532955e-06,""rank"":1},{""token"":"" \""\"""",""token_id"":null,""bytes"":[32,34,34],""logprob"":-13.740971565246582,""rank"":2},{""token"":"" \""\\\"""",""token_id"":null,""bytes"":[32,34,92,34],""logprob"":-16.369064331054688,""rank"":3},{""token"":"" \""."",""token_id"":null,""bytes"":[32,34,46],""logprob"":-16.59925079345703,""rank"":4},{""token"":"" \""_"",""token_id"":null,""bytes"":[32,34,95],""logprob"":-16.92404556274414,""rank"":5}]"
cold_start,C,K0,424,ABCD,3,14,texte,,"[116,101,120,116,101]",-0.000701315701007843,1,"[{""token"":""texte"",""token_id"":null,""bytes"":[116,101,120,116,101],""logprob"":-0.000701315701007843,""rank"":1},{""token"":""texto"",""token_id"":null,""bytes"":[116,101,120,116,111],""logprob"":-7.710988521575928,""rank"":2},{""token"":"" texte"",""token_id"":null,""bytes"":[32,116,101,120,116,101],""logprob"":-9.253518104553223,""rank"":3},{""token"":""texture"",""token_id"":null,""bytes"":[116,101,120,116,117,114,101],""logprob"":-10.663298606872559,""rank"":4},{""token"":""text"",""token_id"":null,""bytes"":[116,101,120,116],""logprob"":-10.913947105407715,""rank"":5}]"
cold_start,C,K0,424,ABCD,3,15,""":",,"[34,58]",-1.025205165205989e-05,1,"[{""token"":""\"":"",""token_id"":null,""bytes"":[34,58],""logprob"":-1.025205165205989e-05,""rank"":1},{""token"":""\"""",""token_id"":null,""bytes"":[34],""logprob"":-11.64643383026123,""rank"":2},{""token"":""\"":\""\"""",""token_id"":null,""bytes"":[34,58,34,34],""logprob"":-13.708300590515137,""rank"":3},{""token"":""\\\"":"",""token_id"":null,""bytes"":[92,34,58],""logprob"":-15.41968059539795,""rank"":4},{""token"":""\"":\"""",""token_id"":null,""bytes"":[34,58,34],""logprob"":-16.462614059448242,""rank"":5}]"
cold_start,C,K0,424,ABCD,3,16," """"",,"[32,34,34]",-0.0032841789070516825,1,"[{""token"":"" \""\"""",""token_id"":null,""bytes"":[32,34,34],""logprob"":-0.0032841789070516825,""rank"":1},{""token"":"" \"""",""token_id"":null,""bytes"":[32,34],""logprob"":-6.025295257568359,""rank"":2},{""token"":"" null"",""token_id"":null,""bytes"":[32,110,117,108,108],""logprob"":-7.520589351654053,""rank"":3},{""token"":"" \""\"","",""token_id"":null,""bytes"":[32,34,34,44],""logprob"":-8.617876052856445,""rank"":4},{""token"":"" \""\\\"""",""token_id"":null,""bytes"":[32,34,92,34],""logprob"":-9.446208953857422,""rank"":5}]"
cold_start,C,K0,424,ABCD,3,17,"
",,[10],-8.344653679159819e-07,1,"[{""token"":""\n"",""token_id"":null,""bytes"":[10],""logprob"":-8.344653679159819e-07,""rank"":1},{""token"":"""",""token_id"":null,""bytes"":[],""logprob"":-14.832995414733887,""rank"":2},{""token"":"" \n"",""token_id"":null,""bytes"":[32,10],""logprob"":-15.189888954162598,""rank"":3},{""token"":""\n\n"",""token_id"":null,""bytes"":[10,10],""logprob"":-15.416543006896973,""rank"":4},{""token"":""\n\n\n"",""token_id"":null,""bytes"":[10,10,10],""logprob"":-18.386173248291016,""rank"":5}]"
cold_start,C,K0,424,ABCD,3,18,},,[125],-2.3841887468734058e-06,1,"[{""token"":""}"",""token_id"":null,""bytes"":[125],""logprob"":-2.3841887468734058e-06,""rank"":1},{""token"":""},"",""token_id"":null,""bytes"":[125,44],""logprob"":-13.398757934570312,""rank"":2},{""token"":""}\"""",""token_id"":null,""bytes"":[125,34],""logprob"":-14.608040809631348,""rank"":3},{""token"":""}'"",""token_id"":null,""bytes"":[125,39],""logprob"":-14.80576229095459,""rank"":4},{""token"":""}`"",""token_id"":null,""bytes"":[125,96],""logprob"":-16.94948387145996,""rank"":5}]"
cold_start,D,K7,424,ABCD,4,1,{,,[123],-0.019648456946015358,1,"[{""token"":""{"",""token_id"":null,""bytes"":[123],""logprob"":-0.019648456946015358,""rank"":1},{""token"":""{\"""",""token_id"":null,""bytes"":[123,34],""logprob"":-4.364804267883301,""rank"":2},{""token"":""```"",""token_id"":null,""bytes"":[96,96,96],""logprob"":-5.162684440612793,""rank"":3},{""token"":""{\\"",""token_id"":null,""bytes"":[123,92],""logprob"":-9.366595268249512,""rank"":4},{""token"":""{'"",""token_id"":null,""bytes"":[123,39],""logprob"":-9.472453117370605,""rank"":5}]"
cold_start,D,K7,424,ABCD,4,2,"
",,[10],-0.001262209378182888,1,"[{""token"":""\n"",""token_id"":null,""bytes"":[10],""logprob"":-0.001262209378182888,""rank"":1},{""token"":"" \"""",""token_id"":null,""bytes"":[32,34],""logprob"":-6.884255886077881,""rank"":2},{""token"":""mode"",""token_id"":null,""bytes"":[109,111,100,101],""logprob"":-8.65310287475586,""rank"":3},{""token"":"" "",""token_id"":null,""bytes"":[32],""logprob"":-10.568531036376953,""rank"":4},{""token"":"" \n"",""token_id"":null,""bytes"":[32,10],""logprob"":-11.43088150024414,""rank"":5}]"
cold_start,D,K7,424,ABCD,4,3, ,,[32],-0.0002571078948676586,1,"[{""token"":"" "",""token_id"":null,""bytes"":[32],""logprob"":-0.0002571078948676586,""rank"":1},{""token"":""\"""",""token_id"":null,""bytes"":[34],""logprob"":-8.83296012878418,""rank"":2},{""token"":"" \"""",""token_id"":null,""bytes"":[32,34],""logprob"":-9.205730438232422,""rank"":3},{""token"":""\""text"",""token_id"":null,""bytes"":[34,116,101,120,116],""logprob"":-13.042868614196777,""rank"":4},{""token"":""  \n"",""token_id"":null,""bytes"":[32,32,10],""logprob"":-13.055774688720703,""rank"":5}]"
cold_start,D,K7,424,ABCD,4,4," """,,"[32,34]",-5.1260126383567695e-06,1,"[{""token"":"" \"""",""token_id"":null,""bytes"":[32,34],""logprob"":-5.1260126383567695e-06,""rank"":1},{""token"":"" \""_"",""token_id"":null,""bytes"":[32,34,95],""logprob"":-12.858902931213379,""rank"":2},{""token"":"" \""\\\"""",""token_id"":null,""bytes"":[32,34,92,34],""logprob"":-13.873766899108887,""rank"":3},{""token"":"" mode"",""token_id"":null,""bytes"":[32,109,111,100,101],""logprob"":-14.700273513793945,""rank"":4},{""token"":"" \""__"",""token_id"":null,""bytes"":[32,34,95,95],""logprob"":-15.031352996826172,""rank"":5}]"
cold_start,D,K7,424,ABCD,4,5,mode,,"[109,111,100,101]",-0.00010383668268332258,1,"[{""token"":""mode"",""token_id"":null,""bytes"":[109,111,100,101],""logprob"":-0.00010383668268332258,""rank"":1},{""token"":""texte"",""token_id"":null,""bytes"":[116,101,120,116,101],""logprob"":-9.640795707702637,""rank"":2},{""token"":""\tmode"",""token_id"":null,""bytes"":[9,109,111,100,101],""logprob"":-12.447422981262207,""rank"":3},{""token"":""message"",""token_id"":null,""bytes"":[109,101,115,115,97,103,101],""logprob"":-12.718585014343262,""rank"":4},{""token"":""type"",""token_id"":null,""bytes"":[116,121,112,101],""logprob"":-12.868250846862793,""rank"":5}]"
cold_start,D,K7,424,ABCD,4,6,""":",,"[34,58]",-5.960482212685747e-06,1,"[{""token"":""\"":"",""token_id"":null,""bytes"":[34,58],""logprob"":-5.960482212685747e-06,""rank"":1},{""token"":""\"":\"""",""token_id"":null,""bytes"":[34,58,34],""logprob"":-12.444189071655273,""rank"":2},{""token"":""\"""",""token_id"":null,""bytes"":[34],""logprob"":-13.91639518737793,""rank"":3},{""token"":""\"","",""token_id"":null,""bytes"":[34,44],""logprob"":-14.644887924194336,""rank"":4},{""token"":""':"",""token_id"":null,""bytes"":[39,58],""logprob"":-15.362749099731445,""rank"":5}]"
cold_start,D,K7,424,ABCD,4,7," """,,"[32,34]",-7.009752152953297e-05,1,"[{""token"":"" \"""",""token_id"":null,""bytes"":[32,34],""logprob"":-7.009752152953297e-05,""rank"":1},{""token"":"" \""\"","",""token_id"":null,""bytes"":[32,34,34,44],""logprob"":-11.385831832885742,""rank"":2},{""token"":"" \""..."",""token_id"":null,""bytes"":[32,34,46,46,46],""logprob"":-11.577933311462402,""rank"":3},{""token"":"" parole"",""token_id"":null,""bytes"":[32,112,97,114,111,108,101],""logprob"":-11.88742446899414,""rank"":4},{""token"":"" \""\"""",""token_id"":null,""bytes"":[32,34,34],""logprob"":-12.021692276000977,""rank"":5}]"
cold_start,D,K7,424,ABCD,4,8,sil,,"[115,105,108]",-0.5934948325157166,1,"[{""token"":""sil"",""token_id"":null,""bytes"":[115,105,108],""logprob"":-0.5934948325157166,""rank"":1},{""token"":""parole"",""token_id"":null,""bytes"":[112,97,114,111,108,101],""logprob"":-0.8133338689804077,""rank"":2},{""token"":""par"",""token_id"":null,""bytes"":[112,97,114],""logprob"":-7.302597522735596,""rank"":3},{""token"":""pare"",""token_id"":null,""bytes"":[112,97,114,101],""logprob"":-8.257190704345703,""rank"":4},{""token"":""s"",""token_id"":null,""bytes"":[115],""logprob"":-8.34564208984375,""rank"":5}]"
cold_start,D,K7,424,ABCD,4,9,ence,,"[101,110,99,101]",-9.775209946383256e-06,1,"[{""token"":""ence"",""token_id"":null,""bytes"":[101,110,99,101],""logprob"":-9.775209946383256e-06,""rank"":1},{""token"":""ience"",""token_id"":null,""bytes"":[105,101,110,99,101],""logprob"":-11.974973678588867,""rank"":2},{""token"":""ance"",""token_id"":null,""bytes"":[97,110,99,101],""logprob"":-12.842367172241211,""rank"":3},{""token"":""enc"",""token_id"":null,""bytes"":[101,110,99],""logprob"":-15.266870498657227,""rank"":4},{""token"":""ences"",""token_id"":null,""bytes"":[101,110,99,101,115],""logprob"":-16.035558700561523,""rank"":5}]"
cold_start,D,K7,424,ABCD,4,10,""",",,"[34,44]",-0.11132138222455978,1,"[{""token"":""\"","",""token_id"":null,""bytes"":[34,44],""logprob"":-0.11132138222455978,""rank"":1},{""token"":""\"""",""token_id"":null,""bytes"":[34],""logprob"":-2.2505369186401367,""rank"":2},{""token"":""\n"",""token_id"":null,""bytes"":[10],""logprob"":-12.997644424438477,""rank"":3},{""token"":""\""."",""token_id"":null,""bytes"":[34,46],""logprob"":-13.728401184082031,""rank"":4},{""token"":""\\\"","",""token_id"":null,""bytes"":[92,34,44],""logprob"":-14.240416526794434,""rank"":5}]"
cold_start,D,K7,424,ABCD,4,11,"
",,[10],-3.57628505298635e-06,1,"[{""token"":""\n"",""token_id"":null,""bytes"":[10],""logprob"":-3.57628505298635e-06,""rank"":1},{""token"":"" \n"",""token_id"":null,""bytes"":[32,10],""logprob"":-13.045957565307617,""rank"":2},{""token"":"""",""token_id"":null,""bytes"":[],""logprob"":-14.220623016357422,""rank"":3},{""token"":""\n\n"",""token_id"":null,""bytes"":[10,10],""logprob"":-14.449294090270996,""rank"":4},{""token"":"" \"""",""token_id"":null,""bytes"":[32,34],""logprob"":-15.582581520080566,""rank"":5}]"
cold_start,D,K7,424,ABCD,4,12, ,,[32],-4.768372718899627e-07,1,"[{""token"":"" "",""token_id"":null,""bytes"":[32],""logprob"":-4.768372718899627e-07,""rank"":1},{""token"":"" \"""",""token_id"":null,""bytes"":[32,34],""logprob"":-14.934100151062012,""rank"":2},{""token"":""  \n"",""token_id"":null,""bytes"":[32,32,10],""logprob"":-15.774998664855957,""rank"":3},{""token"":"" texte"",""token_id"":null,""bytes"":[32,116,101,120,116,101],""logprob"":-17.64464569091797,""rank"":4},{""token"":""\"":"",""token_id"":null,""bytes"":[34,58],""logprob"":-17.890995025634766,""rank"":5}]"
cold_start,D,K7,424,ABCD,4,13," """,,"[32,34]",-2.0265599687263602e-06,1,"[{""token"":"" \"""",""token_id"":null,""bytes"":[32,34],""logprob"":-2.0265599687263602e-06,""rank"":1},{""token"":"" \""\"""",""token_id"":null,""bytes"":[32,34,34],""logprob"":-13.254087448120117,""rank"":2},{""token"":"" \""\\\"""",""token_id"":null,""bytes"":[32,34,92,34],""logprob"":-16.043081283569336,""rank"":3},{""token"":"" \""_"",""token_id"":null,""bytes"":[32,34,95],""logprob"":-16.407825469970703,""rank"":4},{""token"":"" \""."",""token_id"":null,""bytes"":[32,34,46],""logprob"":-16.942138671875,""rank"":5}]"
cold_start,D,K7,424,ABCD,4,14,texte,,"[116,101,120,116,101]",-0.0006448320928029716,1,"[{""token"":""texte"",""token_id"":null,""bytes"":[116,101,120,116,101],""logprob"":-0.0006448320928029716,""rank"":1},{""token"":""texto"",""token_id"":null,""bytes"":[116,101,120,116,111],""logprob"":-7.806743621826172,""rank"":2},{""token"":"" texte"",""token_id"":null,""bytes"":[32,116,101,120,116,101],""logprob"":-9.280204772949219,""rank"":3},{""token"":""texture"",""token_id"":null,""bytes"":[116,101,120,116,117,114,101],""logprob"":-10.911214828491211,""rank"":4},{""token"":""text"",""token_id"":null,""bytes"":[116,101,120,116],""logprob"":-11.027225494384766,""rank"":5}]"
cold_start,D,K7,424,ABCD,4,15,""":",,"[34,58]",-9.179157132166438e-06,1,"[{""token"":""\"":"",""token_id"":null,""bytes"":[34,58],""logprob"":-9.179157132166438e-06,""rank"":1},{""token"":""\"""",""token_id"":null,""bytes"":[34],""logprob"":-11.782276153564453,""rank"":2},{""token"":""\"":\""\"""",""token_id"":null,""bytes"":[34,58,34,34],""logprob"":-13.713590621948242,""rank"":3},{""token"":""\\\"":"",""token_id"":null,""bytes"":[92,34,58],""logprob"":-15.420682907104492,""rank"":4},{""token"":""\"":\"""",""token_id"":null,""bytes"":[34,58,34],""logprob"":-16.319738388061523,""rank"":5}]"
cold_start,D,K7,424,ABCD,4,16," """"",,"[32,34,34]",-0.0032456680200994015,1,"[{""token"":"" \""\"""",""token_id"":null,""bytes"":[32,34,34],""logprob"":-0.0032456680200994015,""rank"":1},{""token"":"" \"""",""token_id"":null,""bytes"":[32,34],""logprob"":-6.055448055267334,""rank"":2},{""token"":"" null"",""token_id"":null,""bytes"":[32,110,117,108,108],""logprob"":-7.501000881195068,""rank"":3},{""token"":"" \""\"","",""token_id"":null,""bytes"":[32,34,34,44],""logprob"":-8.500384330749512,""rank"":4},{""token"":"" \""\\\"""",""token_id"":null,""bytes"":[32,34,92,34],""logprob"":-9.465580940246582,""rank"":5}]"
cold_start,D,K7,424,ABCD,4,17,"
",,[10],-8.344653679159819e-07,1,"[{""token"":""\n"",""token_id"":null,""bytes"":[10],""logprob"":-8.344653679159819e-07,""rank"":1},{""token"":"""",""token_id"":null,""bytes"":[],""logprob"":-14.713308334350586,""rank"":2},{""token"":"" \n"",""token_id"":null,""bytes"":[32,10],""logprob"":-15.195917129516602,""rank"":3},{""token"":""\n\n"",""token_id"":null,""bytes"":[10,10],""logprob"":-15.342458724975586,""rank"":4},{""token"":""\n\n\n"",""token_id"":null,""bytes"":[10,10,10],""logprob"":-18.374958038330078,""rank"":5}]"
cold_start,D,K7,424,ABCD,4,18,},,[125],-2.622607780722319e-06,1,"[{""token"":""}"",""token_id"":null,""bytes"":[125],""logprob"":-2.622607780722319e-06,""rank"":1},{""token"":""},"",""token_id"":null,""bytes"":[125,44],""logprob"":-13.304072380065918,""rank"":2},{""token"":""}\"""",""token_id"":null,""bytes"":[125,34],""logprob"":-14.436419486999512,""rank"":3},{""token"":""}'"",""token_id"":null,""bytes"":[125,39],""logprob"":-14.71263599395752,""rank"":4},{""token"":"""",""token_id"":null,""bytes"":[],""logprob"":-16.880449295043945,""rank"":5}]"
warmup,A,R0,424,ABCD,1,1,{,,[123],-0.017701268196105957,1,"[{""token"":""{"",""token_id"":null,""bytes"":[123],""logprob"":-0.017701268196105957,""rank"":1},{""token"":""{\"""",""token_id"":null,""bytes"":[123,34],""logprob"":-4.527174949645996,""rank"":2},{""token"":""```"",""token_id"":null,""bytes"":[96,96,96],""logprob"":-5.166430473327637,""rank"":3},{""token"":""{\\"",""token_id"":null,""bytes"":[123,92],""logprob"":-9.290816307067871,""rank"":4},{""token"":""{'"",""token_id"":null,""bytes"":[123,39],""logprob"":-9.338777542114258,""rank"":5}]"
warmup,A,R0,424,ABCD,1,2,"
",,[10],-0.0012813667999580503,1,"[{""token"":""\n"",""token_id"":null,""bytes"":[10],""logprob"":-0.0012813667999580503,""rank"":1},{""token"":"" \"""",""token_id"":null,""bytes"":[32,34],""logprob"":-6.833825588226318,""rank"":2},{""token"":""mode"",""token_id"":null,""bytes"":[109,111,100,101],""logprob"":-8.847938537597656,""rank"":3},{""token"":"" "",""token_id"":null,""bytes"":[32],""logprob"":-10.73855209350586,""rank"":4},{""token"":"" \n"",""token_id"":null,""bytes"":[32,10],""logprob"":-11.28103256225586,""rank"":5}]"
warmup,A,R0,424,ABCD,1,3, ,,[32],-0.00021930952789261937,1,"[{""token"":"" "",""token_id"":null,""bytes"":[32],""logprob"":-0.00021930952789261937,""rank"":1},{""token"":""\"""",""token_id"":null,""bytes"":[34],""logprob"":-8.988393783569336,""rank"":2},{""token"":"" \"""",""token_id"":null,""bytes"":[32,34],""logprob"":-9.370800018310547,""rank"":3},{""token"":""  \n"",""token_id"":null,""bytes"":[32,32,10],""logprob"":-13.117914199829102,""rank"":4},{""token"":""\""text"",""token_id"":null,""bytes"":[34,116,101,120,116],""logprob"":-13.223142623901367,""rank"":5}]"
warmup,A,R0,424,ABCD,1,4," """,,"[32,34]",-3.814704541582614e-06,1,"[{""token"":"" \"""",""token_id"":null,""bytes"":[32,34],""logprob"":-3.814704541582614e-06,""rank"":1},{""token"":"" \""_"",""token_id"":null,""bytes"":[32,34,95],""logprob"":-13.24009895324707,""rank"":2},{""token"":"" \""\\\"""",""token_id"":null,""bytes"":[32,34,92,34],""logprob"":-13.954038619995117,""rank"":3},{""token"":"" mode"",""token_id"":null,""bytes"":[32,109,111,100,101],""logprob"":-15.210006713867188,""rank"":4},{""token"":"" \""__"",""token_id"":null,""bytes"":[32,34,95,95],""logprob"":-15.355708122253418,""rank"":5}]"
warmup,A,R0,424,ABCD,1,5,mode,,"[109,111,100,101]",-0.00011563969746930525,1,"[{""token"":""mode"",""token_id"":null,""bytes"":[109,111,100,101],""logprob"":-0.00011563969746930525,""rank"":1},{""token"":""texte"",""token_id"":null,""bytes"":[116,101,120,116,101],""logprob"":-9.487587928771973,""rank"":2},{""token"":""\tmode"",""token_id"":null,""bytes"":[9,109,111,100,101],""logprob"":-12.448882102966309,""rank"":3},{""token"":""message"",""token_id"":null,""bytes"":[109,101,115,115,97,103,101],""logprob"":-12.675307273864746,""rank"":4},{""token"":""type"",""token_id"":null,""bytes"":[116,121,112,101],""logprob"":-12.780400276184082,""rank"":5}]"
warmup,A,R0,424,ABCD,1,6,""":",,"[34,58]",-5.960482212685747e-06,1,"[{""token"":""\"":"",""token_id"":null,""bytes"":[34,58],""logprob"":-5.960482212685747e-06,""rank"":1},{""token"":""\"":\"""",""token_id"":null,""bytes"":[34,58,34],""logprob"":-12.405611038208008,""rank"":2},{""token"":""\"""",""token_id"":null,""bytes"":[34],""logprob"":-13.86256217956543,""rank"":3},{""token"":""\"","",""token_id"":null,""bytes"":[34,44],""logprob"":-14.75390625,""rank"":4},{""token"":""':"",""token_id"":null,""bytes"":[39,58],""logprob"":-15.401510238647461,""rank"":5}]"
warmup,A,R0,424,ABCD,1,7," """,,"[32,34]",-6.878612475702539e-05,1,"[{""token"":"" \"""",""token_id"":null,""bytes"":[32,34],""logprob"":-6.878612475702539e-05,""rank"":1},{""token"":"" \""\"","",""token_id"":null,""bytes"":[32,34,34,44],""logprob"":-11.401308059692383,""rank"":2},{""token"":"" \""..."",""token_id"":null,""bytes"":[32,34,46,46,46],""logprob"":-11.616853713989258,""rank"":3},{""token"":"" parole"",""token_id"":null,""bytes"":[32,112,97,114,111,108,101],""logprob"":-11.877944946289062,""rank"":4},{""token"":"" \""\"""",""token_id"":null,""bytes"":[32,34,34],""logprob"":-12.042781829833984,""rank"":5}]"
warmup,A,R0,424,ABCD,1,8,sil,,"[115,105,108]",-0.6829010248184204,1,"[{""token"":""sil"",""token_id"":null,""bytes"":[115,105,108],""logprob"":-0.6829010248184204,""rank"":1},{""token"":""parole"",""token_id"":null,""bytes"":[112,97,114,111,108,101],""logprob"":-0.7116065621376038,""rank"":2},{""token"":""par"",""token_id"":null,""bytes"":[112,97,114],""logprob"":-7.376031398773193,""rank"":3},{""token"":""pare"",""token_id"":null,""bytes"":[112,97,114,101],""logprob"":-8.316965103149414,""rank"":4},{""token"":""s"",""token_id"":null,""bytes"":[115],""logprob"":-8.35165786743164,""rank"":5}]"
warmup,A,R0,424,ABCD,1,9,ence,,"[101,110,99,101]",-1.0728893357736524e-05,1,"[{""token"":""ence"",""token_id"":null,""bytes"":[101,110,99,101],""logprob"":-1.0728893357736524e-05,""rank"":1},{""token"":""ience"",""token_id"":null,""bytes"":[105,101,110,99,101],""logprob"":-11.881476402282715,""rank"":2},{""token"":""ance"",""token_id"":null,""bytes"":[97,110,99,101],""logprob"":-12.749621391296387,""rank"":3},{""token"":""enc"",""token_id"":null,""bytes"":[101,110,99],""logprob"":-15.021140098571777,""rank"":4},{""token"":""\"","",""token_id"":null,""bytes"":[34,44],""logprob"":-15.82038402557373,""rank"":5}]"
warmup,A,R0,424,ABCD,1,10,""",",,"[34,44]",-0.10400095582008362,1,"[{""token"":""\"","",""token_id"":null,""bytes"":[34,44],""logprob"":-0.10400095582008362,""rank"":1},{""token"":""\"""",""token_id"":null,""bytes"":[34],""logprob"":-2.3149843215942383,""rank"":2},{""token"":""\n"",""token_id"":null,""bytes"":[10],""logprob"":-12.798715591430664,""rank"":3},{""token"":""\""."",""token_id"":null,""bytes"":[34,46],""logprob"":-13.602818489074707,""rank"":4},{""token"":""\\\"","",""token_id"":null,""bytes"":[92,34,44],""logprob"":-14.086886405944824,""rank"":5}]"
warmup,A,R0,424,ABCD,1,11,"
",,[10],-4.529963462118758e-06,1,"[{""token"":""\n"",""token_id"":null,""bytes"":[10],""logprob"":-4.529963462118758e-06,""rank"":1},{""token"":"" \n"",""token_id"":null,""bytes"":[32,10],""logprob"":-12.82629108428955,""rank"":2},{""token"":"""",""token_id"":null,""bytes"":[],""logprob"":-14.03629207611084,""rank"":3},{""token"":""\n\n"",""token_id"":null,""bytes"":[10,10],""logprob"":-14.489842414855957,""rank"":4},{""token"":"" \"""",""token_id"":null,""bytes"":[32,34],""logprob"":-15.350348472595215,""rank"":5}]"
warmup,A,R0,424,ABCD,1,12, ,,[32],-4.768372718899627e-07,1,"[{""token"":"" "",""token_id"":null,""bytes"":[32],""logprob"":-4.768372718899627e-07,""rank"":1},{""token"":"" \"""",""token_id"":null,""bytes"":[32,34],""logprob"":-14.830775260925293,""rank"":2},{""token"":""  \n"",""token_id"":null,""bytes"":[32,32,10],""logprob"":-15.846244812011719,""rank"":3},{""token"":"" texte"",""token_id"":null,""bytes"":[32,116,101,120,116,101],""logprob"":-17.57489776611328,""rank"":4},{""token"":""\"":"",""token_id"":null,""bytes"":[34,58],""logprob"":-17.85828399658203,""rank"":5}]"
warmup,A,R0,424,ABCD,1,13," """,,"[32,34]",-2.7418175250204513e-06,1,"[{""token"":"" \"""",""token_id"":null,""bytes"":[32,34],""logprob"":-2.7418175250204513e-06,""rank"":1},{""token"":"" \""\"""",""token_id"":null,""bytes"":[32,34,34],""logprob"":-12.913479804992676,""rank"":2},{""token"":"" \""\\\"""",""token_id"":null,""bytes"":[32,34,92,34],""logprob"":-15.69869327545166,""rank"":3},{""token"":"" \""_"",""token_id"":null,""bytes"":[32,34,95],""logprob"":-16.026199340820312,""rank"":4},{""token"":"" \""."",""token_id"":null,""bytes"":[32,34,46],""logprob"":-16.689477920532227,""rank"":5}]"
warmup,A,R0,424,ABCD,1,14,texte,,"[116,101,120,116,101]",-0.0006296828505583107,1,"[{""token"":""texte"",""token_id"":null,""bytes"":[116,101,120,116,101],""logprob"":-0.0006296828505583107,""rank"":1},{""token"":""texto"",""token_id"":null,""bytes"":[116,101,120,116,111],""logprob"":-7.841743469238281,""rank"":2},{""token"":"" texte"",""token_id"":null,""bytes"":[32,116,101,120,116,101],""logprob"":-9.23090934753418,""rank"":3},{""token"":""texture"",""token_id"":null,""bytes"":[116,101,120,116,117,114,101],""logprob"":-10.990337371826172,""rank"":4},{""token"":""liste"",""token_id"":null,""bytes"":[108,105,115,116,101],""logprob"":-11.11802864074707,""rank"":5}]"
warmup,A,R0,424,ABCD,1,15,""":",,"[34,58]",-9.775209946383256e-06,1,"[{""token"":""\"":"",""token_id"":null,""bytes"":[34,58],""logprob"":-9.775209946383256e-06,""rank"":1},{""token"":""\"""",""token_id"":null,""bytes"":[34],""logprob"":-11.71143913269043,""rank"":2},{""token"":""\"":\""\"""",""token_id"":null,""bytes"":[34,58,34,34],""logprob"":-13.73509407043457,""rank"":3},{""token"":""\\\"":"",""token_id"":null,""bytes"":[92,34,58],""logprob"":-15.427671432495117,""rank"":4},{""token"":""\"":\"""",""token_id"":null,""bytes"":[34,58,34],""logprob"":-16.406694412231445,""rank"":5}]"
warmup,A,R0,424,ABCD,1,16," """"",,"[32,34,34]",-0.0034958957694470882,1,"[{""token"":"" \""\"""",""token_id"":null,""bytes"":[32,34,34],""logprob"":-0.0034958957694470882,""rank"":1},{""token"":"" \"""",""token_id"":null,""bytes"":[32,34],""logprob"":-5.9778056144714355,""rank"":2},{""token"":"" null"",""token_id"":null,""bytes"":[32,110,117,108,108],""logprob"":-7.4228434562683105,""rank"":3},{""token"":"" \""\"","",""token_id"":null,""bytes"":[32,34,34,44],""logprob"":-8.4609375,""rank"":4},{""token"":"" \""\\\"""",""token_id"":null,""bytes"":[32,34,92,34],""logprob"":-9.420413970947266,""rank"":5}]"
warmup,A,R0,424,ABCD,1,17,"
",,[10],-9.536747711536009e-07,1,"[{""token"":""\n"",""token_id"":null,""bytes"":[10],""logprob"":-9.536747711536009e-07,""rank"":1},{""token"":"""",""token_id"":null,""bytes"":[],""logprob"":-14.770174026489258,""rank"":2},{""token"":"" \n"",""token_id"":null,""bytes"":[32,10],""logprob"":-14.94002914428711,""rank"":3},{""token"":""\n\n"",""token_id"":null,""bytes"":[10,10],""logprob"":-15.378928184509277,""rank"":4},{""token"":""\n\n\n"",""token_id"":null,""bytes"":[10,10,10],""logprob"":-18.373306274414062,""rank"":5}]"
warmup,A,R0,424,ABCD,1,18,},,[125],-2.5033982637978625e-06,1,"[{""token"":""}"",""token_id"":null,""bytes"":[125],""logprob"":-2.5033982637978625e-06,""rank"":1},{""token"":""},"",""token_id"":null,""bytes"":[125,44],""logprob"":-13.417893409729004,""rank"":2},{""token"":""}\"""",""token_id"":null,""bytes"":[125,34],""logprob"":-14.308489799499512,""rank"":3},{""token"":""}'"",""token_id"":null,""bytes"":[125,39],""logprob"":-14.59435749053955,""rank"":4},{""token"":""}`"",""token_id"":null,""bytes"":[125,96],""logprob"":-16.7717342376709,""rank"":5}]"
warmup,B,R7,424,ABCD,2,1,{,,[123],-0.02172425016760826,1,"[{""token"":""{"",""token_id"":null,""bytes"":[123],""logprob"":-0.02172425016760826,""rank"":1},{""token"":""{\"""",""token_id"":null,""bytes"":[123,34],""logprob"":-4.228072643280029,""rank"":2},{""token"":""```"",""token_id"":null,""bytes"":[96,96,96],""logprob"":-5.131930828094482,""rank"":3},{""token"":""{\\\"""",""token_id"":null,""bytes"":[123,92,34],""logprob"":-9.165180206298828,""rank"":4},{""token"":""{\\"",""token_id"":null,""bytes"":[123,92],""logprob"":-9.315994262695312,""rank"":5}]"
warmup,B,R7,424,ABCD,2,2,"
",,[10],-0.0008808079874143004,1,"[{""token"":""\n"",""token_id"":null,""bytes"":[10],""logprob"":-0.0008808079874143004,""rank"":1},{""token"":"" \"""",""token_id"":null,""bytes"":[32,34],""logprob"":-7.27277135848999,""rank"":2},{""token"":""mode"",""token_id"":null,""bytes"":[109,111,100,101],""logprob"":-8.902280807495117,""rank"":3},{""token"":"" "",""token_id"":null,""bytes"":[32],""logprob"":-10.787778854370117,""rank"":4},{""token"":"" \n"",""token_id"":null,""bytes"":[32,10],""logprob"":-11.593488693237305,""rank"":5}]"
warmup,B,R7,424,ABCD,2,3, ,,[32],-0.0002201441820943728,1,"[{""token"":"" "",""token_id"":null,""bytes"":[32],""logprob"":-0.0002201441820943728,""rank"":1},{""token"":""\"""",""token_id"":null,""bytes"":[34],""logprob"":-8.98767375946045,""rank"":2},{""token"":"" \"""",""token_id"":null,""bytes"":[32,34],""logprob"":-9.363957405090332,""rank"":3},{""token"":""\""text"",""token_id"":null,""bytes"":[34,116,101,120,116],""logprob"":-13.119736671447754,""rank"":4},{""token"":""  \n"",""token_id"":null,""bytes"":[32,32,10],""logprob"":-13.16612720489502,""rank"":5}]"
warmup,B,R7,424,ABCD,2,4," """,,"[32,34]",-4.172333774477011e-06,1,"[{""token"":"" \"""",""token_id"":null,""bytes"":[32,34],""logprob"":-4.172333774477011e-06,""rank"":1},{""token"":"" \""_"",""token_id"":null,""bytes"":[32,34,95],""logprob"":-13.113958358764648,""rank"":2},{""token"":"" \""\\\"""",""token_id"":null,""bytes"":[32,34,92,34],""logprob"":-13.908227920532227,""rank"":3},{""token"":"" \""__"",""token_id"":null,""bytes"":[32,34,95,95],""logprob"":-15.388980865478516,""rank"":4},{""token"":"" mode"",""token_id"":null,""bytes"":[32,109,111,100,101],""logprob"":-15.449271202087402,""rank"":5}]"
warmup,B,R7,424,ABCD,2,5,mode,,"[109,111,100,101]",-0.00011707037629093975,1,"[{""token"":""mode"",""token_id"":null,""bytes"":[109,111,100,101],""logprob"":-0.00011707037629093975,""rank"":1},{""token"":""texte"",""token_id"":null,""bytes"":[116,101,120,116,101],""logprob"":-9.493277549743652,""rank"":2},{""token"":""\tmode"",""token_id"":null,""bytes"":[9,109,111,100,101],""logprob"":-12.450518608093262,""rank"":3},{""token"":""message"",""token_id"":null,""bytes"":[109,101,115,115,97,103,101],""logprob"":-12.52582836151123,""rank"":4},{""token"":""type"",""token_id"":null,""bytes"":[116,121,112,101],""logprob"":-12.704558372497559,""rank"":5}]"
warmup,B,R7,424,ABCD,2,6,""":",,"[34,58]",-6.318112355074845e-06,1,"[{""token"":""\"":"",""token_id"":null,""bytes"":[34,58],""logprob"":-6.318112355074845e-06,""rank"":1},{""token"":""\"":\"""",""token_id"":null,""bytes"":[34,58,34],""logprob"":-12.400069236755371,""rank"":2},{""token"":""\"""",""token_id"":null,""bytes"":[34],""logprob"":-13.777251243591309,""rank"":3},{""token"":""\"","",""token_id"":null,""bytes"":[34,44],""logprob"":-14.631165504455566,""rank"":4},{""token"":""':"",""token_id"":null,""bytes"":[39,58],""logprob"":-15.456767082214355,""rank"":5}]"
warmup,B,R7,424,ABCD,2,7," """,,"[32,34]",-6.84284750605002e-05,1,"[{""token"":"" \"""",""token_id"":null,""bytes"":[32,34],""logprob"":-6.84284750605002e-05,""rank"":1},{""token"":"" \""\"","",""token_id"":null,""bytes"":[32,34,34,44],""logprob"":-11.380424499511719,""rank"":2},{""token"":"" \""..."",""token_id"":null,""bytes"":[32,34,46,46,46],""logprob"":-11.570703506469727,""rank"":3},{""token"":"" parole"",""token_id"":null,""bytes"":[32,112,97,114,111,108,101],""logprob"":-11.879776000976562,""rank"":4},{""token"":"" \""\"""",""token_id"":null,""bytes"":[32,34,34],""logprob"":-12.034069061279297,""rank"":5}]"
warmup,B,R7,424,ABCD,2,8,sil,,"[115,105,108]",-0.6785305142402649,1,"[{""token"":""sil"",""token_id"":null,""bytes"":[115,105,108],""logprob"":-0.6785305142402649,""rank"":1},{""token"":""parole"",""token_id"":null,""bytes"":[112,97,114,111,108,101],""logprob"":-0.7165859341621399,""rank"":2},{""token"":""par"",""token_id"":null,""bytes"":[112,97,114],""logprob"":-7.273228645324707,""rank"":3},{""token"":""pare"",""token_id"":null,""bytes"":[112,97,114,101],""logprob"":-8.244132041931152,""rank"":4},{""token"":""s"",""token_id"":null,""bytes"":[115],""logprob"":-8.282027244567871,""rank"":5}]"
warmup,B,R7,424,ABCD,2,9,ence,,"[101,110,99,101]",-9.179157132166438e-06,1,"[{""token"":""ence"",""token_id"":null,""bytes"":[101,110,99,101],""logprob"":-9.179157132166438e-06,""rank"":1},{""token"":""ience"",""token_id"":null,""bytes"":[105,101,110,99,101],""logprob"":-12.033693313598633,""rank"":2},{""token"":""ance"",""token_id"":null,""bytes"":[97,110,99,101],""logprob"":-12.892942428588867,""rank"":3},{""token"":""enc"",""token_id"":null,""bytes"":[101,110,99],""logprob"":-15.13233757019043,""rank"":4},{""token"":""ences"",""token_id"":null,""bytes"":[101,110,99,101,115],""logprob"":-15.992465019226074,""rank"":5}]"
warmup,B,R7,424,ABCD,2,10,""",",,"[34,44]",-0.10652503371238708,1,"[{""token"":""\"","",""token_id"":null,""bytes"":[34,44],""logprob"":-0.10652503371238708,""rank"":1},{""token"":""\"""",""token_id"":null,""bytes"":[34],""logprob"":-2.292224407196045,""rank"":2},{""token"":""\n"",""token_id"":null,""bytes"":[10],""logprob"":-13.167221069335938,""rank"":3},{""token"":""\""."",""token_id"":null,""bytes"":[34,46],""logprob"":-13.745504379272461,""rank"":4},{""token"":""\\\"","",""token_id"":null,""bytes"":[92,34,44],""logprob"":-14.183154106140137,""rank"":5}]"
warmup,B,R7,424,ABCD,2,11,"
",,[10],-4.0531240301788785e-06,1,"[{""token"":""\n"",""token_id"":null,""bytes"":[10],""logprob"":-4.0531240301788785e-06,""rank"":1},{""token"":"" \n"",""token_id"":null,""bytes"":[32,10],""logprob"":-12.90800666809082,""rank"":2},{""token"":"""",""token_id"":null,""bytes"":[],""logprob"":-14.16970443725586,""rank"":3},{""token"":""\n\n"",""token_id"":null,""bytes"":[10,10],""logprob"":-14.509121894836426,""rank"":4},{""token"":"" \"""",""token_id"":null,""bytes"":[32,34],""logprob"":-15.510653495788574,""rank"":5}]"
warmup,B,R7,424,ABCD,2,12, ,,[32],-4.768372718899627e-07,1,"[{""token"":"" "",""token_id"":null,""bytes"":[32],""logprob"":-4.768372718899627e-07,""rank"":1},{""token"":"" \"""",""token_id"":null,""bytes"":[32,34],""logprob"":-15.015575408935547,""rank"":2},{""token"":""  \n"",""token_id"":null,""bytes"":[32,32,10],""logprob"":-15.97124195098877,""rank"":3},{""token"":"" texte"",""token_id"":null,""bytes"":[32,116,101,120,116,101],""logprob"":-17.74969482421875,""rank"":4},{""token"":""   "",""token_id"":null,""bytes"":[32,32,32],""logprob"":-18.280445098876953,""rank"":5}]"
warmup,B,R7,424,ABCD,2,13," """,,"[32,34]",-2.0265599687263602e-06,1,"[{""token"":"" \"""",""token_id"":null,""bytes"":[32,34],""logprob"":-2.0265599687263602e-06,""rank"":1},{""token"":"" \""\"""",""token_id"":null,""bytes"":[32,34,34],""logprob"":-13.223140716552734,""rank"":2},{""token"":"" \""\\\"""",""token_id"":null,""bytes"":[32,34,92,34],""logprob"":-15.966304779052734,""rank"":3},{""token"":"" \""_"",""token_id"":null,""bytes"":[32,34,95],""logprob"":-16.198970794677734,""rank"":4},{""token"":"" \""..."",""token_id"":null,""bytes"":[32,34,46,46,46],""logprob"":-16.936288833618164,""rank"":5}]"
warmup,B,R7,424,ABCD,2,14,texte,,"[116,101,120,116,101]",-0.000649364956188947,1,"[{""token"":""texte"",""token_id"":null,""bytes"":[116,101,120,116,101],""logprob"":-0.000649364956188947,""rank"":1},{""token"":""texto"",""token_id"":null,""bytes"":[116,101,120,116,111],""logprob"":-7.792206764221191,""rank"":2},{""token"":"" texte"",""token_id"":null,""bytes"":[32,116,101,120,116,101],""logprob"":-9.244690895080566,""rank"":3},{""token"":""texture"",""token_id"":null,""bytes"":[116,101,120,116,117,114,101],""logprob"":-10.890830039978027,""rank"":4},{""token"":""text"",""token_id"":null,""bytes"":[116,101,120,116],""logprob"":-11.115731239318848,""rank"":5}]"
warmup,B,R7,424,ABCD,2,15,""":",,"[34,58]",-1.0848104466276709e-05,1,"[{""token"":""\"":"",""token_id"":null,""bytes"":[34,58],""logprob"":-1.0848104466276709e-05,""rank"":1},{""token"":""\"""",""token_id"":null,""bytes"":[34],""logprob"":-11.591935157775879,""rank"":2},{""token"":""\"":\""\"""",""token_id"":null,""bytes"":[34,58,34,34],""logprob"":-13.789422035217285,""rank"":3},{""token"":""\\\"":"",""token_id"":null,""bytes"":[92,34,58],""logprob"":-15.505274772644043,""rank"":4},{""token"":""\"":\"""",""token_id"":null,""bytes"":[34,58,34],""logprob"":-16.480609893798828,""rank"":5}]"
warmup,B,R7,424,ABCD,2,16," """"",,"[32,34,34]",-0.0031248226296156645,1,"[{""token"":"" \""\"""",""token_id"":null,""bytes"":[32,34,34],""logprob"":-0.0031248226296156645,""rank"":1},{""token"":"" \"""",""token_id"":null,""bytes"":[32,34],""logprob"":-6.100138187408447,""rank"":2},{""token"":"" null"",""token_id"":null,""bytes"":[32,110,117,108,108],""logprob"":-7.526052951812744,""rank"":3},{""token"":"" \""\"","",""token_id"":null,""bytes"":[32,34,34,44],""logprob"":-8.518841743469238,""rank"":4},{""token"":"" \""\\\"""",""token_id"":null,""bytes"":[32,34,92,34],""logprob"":-9.442099571228027,""rank"":5}]"
warmup,B,R7,424,ABCD,2,17,"
",,[10],-8.344653679159819e-07,1,"[{""token"":""\n"",""token_id"":null,""bytes"":[10],""logprob"":-8.344653679159819e-07,""rank"":1},{""token"":"""",""token_id"":null,""bytes"":[],""logprob"":-14.898009300231934,""rank"":2},{""token"":"" \n"",""token_id"":null,""bytes"":[32,10],""logprob"":-15.026812553405762,""rank"":3},{""token"":""\n\n"",""token_id"":null,""bytes"":[10,10],""logprob"":-15.510147094726562,""rank"":4},{""token"":""\n\n\n"",""token_id"":null,""bytes"":[10,10,10],""logprob"":-18.452171325683594,""rank"":5}]"
warmup,B,R7,424,ABCD,2,18,},,[125],-2.5033982637978625e-06,1,"[{""token"":""}"",""token_id"":null,""bytes"":[125],""logprob"":-2.5033982637978625e-06,""rank"":1},{""token"":""},"",""token_id"":null,""bytes"":[125,44],""logprob"":-13.412047386169434,""rank"":2},{""token"":""}\"""",""token_id"":null,""bytes"":[125,34],""logprob"":-14.420966148376465,""rank"":3},{""token"":""}'"",""token_id"":null,""bytes"":[125,39],""logprob"":-14.732012748718262,""rank"":4},{""token"":""}`"",""token_id"":null,""bytes"":[125,96],""logprob"":-16.944538116455078,""rank"":5}]"
warmup,C,K0,424,ABCD,3,1,{,,[123],-0.022347530350089073,1,"[{""token"":""{"",""token_id"":null,""bytes"":[123],""logprob"":-0.022347530350089073,""rank"":1},{""token"":""{\"""",""token_id"":null,""bytes"":[123,34],""logprob"":-4.103880882263184,""rank"":2},{""token"":""```"",""token_id"":null,""bytes"":[96,96,96],""logprob"":-5.384608268737793,""rank"":3},{""token"":""{\\\"""",""token_id"":null,""bytes"":[123,92,34],""logprob"":-9.20559310913086,""rank"":4},{""token"":""{}"",""token_id"":null,""bytes"":[123,125],""logprob"":-9.365748405456543,""rank"":5}]"
warmup,C,K0,424,ABCD,3,2,"
",,[10],-0.0010407617082819343,1,"[{""token"":""\n"",""token_id"":null,""bytes"":[10],""logprob"":-0.0010407617082819343,""rank"":1},{""token"":"" \"""",""token_id"":null,""bytes"":[32,34],""logprob"":-7.071502208709717,""rank"":2},{""token"":""mode"",""token_id"":null,""bytes"":[109,111,100,101],""logprob"":-8.883734703063965,""rank"":3},{""token"":"" "",""token_id"":null,""bytes"":[32],""logprob"":-10.773819923400879,""rank"":4},{""token"":"" \n"",""token_id"":null,""bytes"":[32,10],""logprob"":-11.489826202392578,""rank"":5}]"
warmup,C,K0,424,ABCD,3,3, ,,[32],-0.00021775947243440896,1,"[{""token"":"" "",""token_id"":null,""bytes"":[32],""logprob"":-0.00021775947243440896,""rank"":1},{""token"":""\"""",""token_id"":null,""bytes"":[34],""logprob"":-9.088756561279297,""rank"":2},{""token"":"" \"""",""token_id"":null,""bytes"":[32,34],""logprob"":-9.261333465576172,""rank"":3},{""token"":""\""text"",""token_id"":null,""bytes"":[34,116,101,120,116],""logprob"":-13.031827926635742,""rank"":4},{""token"":""  \n"",""token_id"":null,""bytes"":[32,32,10],""logprob"":-13.105371475219727,""rank"":5}]"
warmup,C,K0,424,ABCD,3,4," """,,"[32,34]",-3.218656047465629e-06,1,"[{""token"":"" \"""",""token_id"":null,""bytes"":[32,34],""logprob"":-3.218656047465629e-06,""rank"":1},{""token"":"" \""_"",""token_id"":null,""bytes"":[32,34,95],""logprob"":-13.295794486999512,""rank"":2},{""token"":"" \""\\\"""",""token_id"":null,""bytes"":[32,34,92,34],""logprob"":-14.324239730834961,""rank"":3},{""token"":"" mode"",""token_id"":null,""bytes"":[32,109,111,100,101],""logprob"":-15.079508781433105,""rank"":4},{""token"":"" \""__"",""token_id"":null,""bytes"":[32,34,95,95],""logprob"":-15.397425651550293,""rank"":5}]"
warmup,C,K0,424,ABCD,3,5,mode,,"[109,111,100,101]",-0.00011695115244947374,1,"[{""token"":""mode"",""token_id"":null,""bytes"":[109,111,100,101],""logprob"":-0.00011695115244947374,""rank"":1},{""token"":""texte"",""token_id"":null,""bytes"":[116,101,120,116,101],""logprob"":-9.467223167419434,""rank"":2},{""token"":""\tmode"",""token_id"":null,""bytes"":[9,109,111,100,101],""logprob"":-12.454880714416504,""rank"":3},{""token"":""message"",""token_id"":null,""bytes"":[109,101,115,115,97,103,101],""logprob"":-12.663521766662598,""rank"":4},{""token"":""type"",""token_id"":null,""bytes"":[116,121,112,101],""logprob"":-12.774247169494629,""rank"":5}]"
warmup,C,K0,424,ABCD,3,6,""":",,"[34,58]",-5.722062269342132e-06,1,"[{""token"":""\"":"",""token_id"":null,""bytes"":[34,58],""logprob"":-5.722062269342132e-06,""rank"":1},{""token"":""\"":\"""",""token_id"":null,""bytes"":[34,58,34],""logprob"":-12.455028533935547,""rank"":2},{""token"":""\"""",""token_id"":null,""bytes"":[34],""logprob"":-14.045772552490234,""rank"":3},{""token"":""\"","",""token_id"":null,""bytes"":[34,44],""logprob"":-14.704669952392578,""rank"":4},{""token"":""':"",""token_id"":null,""bytes"":[39,58],""logprob"":-15.434219360351562,""rank"":5}]"
warmup,C,K0,424,ABCD,3,7," """,,"[32,34]",-6.580569606740028e-05,1,"[{""token"":"" \"""",""token_id"":null,""bytes"":[32,34],""logprob"":-6.580569606740028e-05,""rank"":1},{""token"":"" \""\"","",""token_id"":null,""bytes"":[32,34,34,44],""logprob"":-11.462050437927246,""rank"":2},{""token"":"" \""..."",""token_id"":null,""bytes"":[32,34,46,46,46],""logprob"":-11.589383125305176,""rank"":3},{""token"":"" parole"",""token_id"":null,""bytes"":[32,112,97,114,111,108,101],""logprob"":-11.91740894317627,""rank"":4},{""token"":"" \""\"""",""token_id"":null,""bytes"":[32,34,34],""logprob"":-12.049454689025879,""rank"":5}]"
warmup,C,K0,424,ABCD,3,8,sil,,"[115,105,108]",-0.6199643015861511,1,"[{""token"":""sil"",""token_id"":null,""bytes"":[115,105,108],""logprob"":-0.6199643015861511,""rank"":1},{""token"":""parole"",""token_id"":null,""bytes"":[112,97,114,111,108,101],""logprob"":-0.7807443141937256,""rank"":2},{""token"":""par"",""token_id"":null,""bytes"":[112,97,114],""logprob"":-7.385531902313232,""rank"":3},{""token"":"" parole"",""token_id"":null,""bytes"":[32,112,97,114,111,108,101],""logprob"":-8.325679779052734,""rank"":4},{""token"":""pare"",""token_id"":null,""bytes"":[112,97,114,101],""logprob"":-8.352705001831055,""rank"":5}]"
warmup,C,K0,424,ABCD,3,9,ence,,"[101,110,99,101]",-9.775209946383256e-06,1,"[{""token"":""ence"",""token_id"":null,""bytes"":[101,110,99,101],""logprob"":-9.775209946383256e-06,""rank"":1},{""token"":""ience"",""token_id"":null,""bytes"":[105,101,110,99,101],""logprob"":-11.912710189819336,""rank"":2},{""token"":""ance"",""token_id"":null,""bytes"":[97,110,99,101],""logprob"":-12.932533264160156,""rank"":3},{""token"":""enc"",""token_id"":null,""bytes"":[101,110,99],""logprob"":-15.216045379638672,""rank"":4},{""token"":""\"","",""token_id"":null,""bytes"":[34,44],""logprob"":-16.03968620300293,""rank"":5}]"
warmup,C,K0,424,ABCD,3,10,""",",,"[34,44]",-0.10642677545547485,1,"[{""token"":""\"","",""token_id"":null,""bytes"":[34,44],""logprob"":-0.10642677545547485,""rank"":1},{""token"":""\"""",""token_id"":null,""bytes"":[34],""logprob"":-2.293093204498291,""rank"":2},{""token"":""\n"",""token_id"":null,""bytes"":[10],""logprob"":-13.433211326599121,""rank"":3},{""token"":""\""."",""token_id"":null,""bytes"":[34,46],""logprob"":-13.752901077270508,""rank"":4},{""token"":""\\\"","",""token_id"":null,""bytes"":[92,34,44],""logprob"":-14.33447265625,""rank"":5}]"
warmup,C,K0,424,ABCD,3,11,"
",,[10],-3.337865791763761e-06,1,"[{""token"":""\n"",""token_id"":null,""bytes"":[10],""logprob"":-3.337865791763761e-06,""rank"":1},{""token"":"" \n"",""token_id"":null,""bytes"":[32,10],""logprob"":-13.107783317565918,""rank"":2},{""token"":"""",""token_id"":null,""bytes"":[],""logprob"":-14.255763053894043,""rank"":3},{""token"":""\n\n"",""token_id"":null,""bytes"":[10,10],""logprob"":-14.601638793945312,""rank"":4},{""token"":"" \"""",""token_id"":null,""bytes"":[32,34],""logprob"":-15.553372383117676,""rank"":5}]"
warmup,C,K0,424,ABCD,3,12, ,,[32],-4.768372718899627e-07,1,"[{""token"":"" "",""token_id"":null,""bytes"":[32],""logprob"":-4.768372718899627e-07,""rank"":1},{""token"":"" \"""",""token_id"":null,""bytes"":[32,34],""logprob"":-14.94283676147461,""rank"":2},{""token"":""  \n"",""token_id"":null,""bytes"":[32,32,10],""logprob"":-16.096988677978516,""rank"":3},{""token"":"" texte"",""token_id"":null,""bytes"":[32,116,101,120,116,101],""logprob"":-17.702526092529297,""rank"":4},{""token"":""\"":"",""token_id"":null,""bytes"":[34,58],""logprob"":-18.022602081298828,""rank"":5}]"
warmup,C,K0,424,ABCD,3,13," """,,"[32,34]",-1.3113030945532955e-06,1,"[{""token"":"" \"""",""token_id"":null,""bytes"":[32,34],""logprob"":-1.3113030945532955e-06,""rank"":1},{""token"":"" \""\"""",""token_id"":null,""bytes"":[32,34,34],""logprob"":-13.740971565246582,""rank"":2},{""token"":"" \""\\\"""",""token_id"":null,""bytes"":[32,34,92,34],""logprob"":-16.369064331054688,""rank"":3},{""token"":"" \""."",""token_id"":null,""bytes"":[32,34,46],""logprob"":-16.59925079345703,""rank"":4},{""token"":"" \""_"",""token_id"":null,""bytes"":[32,34,95],""logprob"":-16.92404556274414,""rank"":5}]"
warmup,C,K0,424,ABCD,3,14,texte,,"[116,101,120,116,101]",-0.000701315701007843,1,"[{""token"":""texte"",""token_id"":null,""bytes"":[116,101,120,116,101],""logprob"":-0.000701315701007843,""rank"":1},{""token"":""texto"",""token_id"":null,""bytes"":[116,101,120,116,111],""logprob"":-7.710988521575928,""rank"":2},{""token"":"" texte"",""token_id"":null,""bytes"":[32,116,101,120,116,101],""logprob"":-9.253518104553223,""rank"":3},{""token"":""texture"",""token_id"":null,""bytes"":[116,101,120,116,117,114,101],""logprob"":-10.663298606872559,""rank"":4},{""token"":""text"",""token_id"":null,""bytes"":[116,101,120,116],""logprob"":-10.913947105407715,""rank"":5}]"
warmup,C,K0,424,ABCD,3,15,""":",,"[34,58]",-1.025205165205989e-05,1,"[{""token"":""\"":"",""token_id"":null,""bytes"":[34,58],""logprob"":-1.025205165205989e-05,""rank"":1},{""token"":""\"""",""token_id"":null,""bytes"":[34],""logprob"":-11.64643383026123,""rank"":2},{""token"":""\"":\""\"""",""token_id"":null,""bytes"":[34,58,34,34],""logprob"":-13.708300590515137,""rank"":3},{""token"":""\\\"":"",""token_id"":null,""bytes"":[92,34,58],""logprob"":-15.41968059539795,""rank"":4},{""token"":""\"":\"""",""token_id"":null,""bytes"":[34,58,34],""logprob"":-16.462614059448242,""rank"":5}]"
warmup,C,K0,424,ABCD,3,16," """"",,"[32,34,34]",-0.0032841789070516825,1,"[{""token"":"" \""\"""",""token_id"":null,""bytes"":[32,34,34],""logprob"":-0.0032841789070516825,""rank"":1},{""token"":"" \"""",""token_id"":null,""bytes"":[32,34],""logprob"":-6.025295257568359,""rank"":2},{""token"":"" null"",""token_id"":null,""bytes"":[32,110,117,108,108],""logprob"":-7.520589351654053,""rank"":3},{""token"":"" \""\"","",""token_id"":null,""bytes"":[32,34,34,44],""logprob"":-8.617876052856445,""rank"":4},{""token"":"" \""\\\"""",""token_id"":null,""bytes"":[32,34,92,34],""logprob"":-9.446208953857422,""rank"":5}]"
warmup,C,K0,424,ABCD,3,17,"
",,[10],-8.344653679159819e-07,1,"[{""token"":""\n"",""token_id"":null,""bytes"":[10],""logprob"":-8.344653679159819e-07,""rank"":1},{""token"":"""",""token_id"":null,""bytes"":[],""logprob"":-14.832995414733887,""rank"":2},{""token"":"" \n"",""token_id"":null,""bytes"":[32,10],""logprob"":-15.189888954162598,""rank"":3},{""token"":""\n\n"",""token_id"":null,""bytes"":[10,10],""logprob"":-15.416543006896973,""rank"":4},{""token"":""\n\n\n"",""token_id"":null,""bytes"":[10,10,10],""logprob"":-18.386173248291016,""rank"":5}]"
warmup,C,K0,424,ABCD,3,18,},,[125],-2.3841887468734058e-06,1,"[{""token"":""}"",""token_id"":null,""bytes"":[125],""logprob"":-2.3841887468734058e-06,""rank"":1},{""token"":""},"",""token_id"":null,""bytes"":[125,44],""logprob"":-13.398757934570312,""rank"":2},{""token"":""}\"""",""token_id"":null,""bytes"":[125,34],""logprob"":-14.608040809631348,""rank"":3},{""token"":""}'"",""token_id"":null,""bytes"":[125,39],""logprob"":-14.80576229095459,""rank"":4},{""token"":""}`"",""token_id"":null,""bytes"":[125,96],""logprob"":-16.94948387145996,""rank"":5}]"
warmup,D,K7,424,ABCD,4,1,{,,[123],-0.019648456946015358,1,"[{""token"":""{"",""token_id"":null,""bytes"":[123],""logprob"":-0.019648456946015358,""rank"":1},{""token"":""{\"""",""token_id"":null,""bytes"":[123,34],""logprob"":-4.364804267883301,""rank"":2},{""token"":""```"",""token_id"":null,""bytes"":[96,96,96],""logprob"":-5.162684440612793,""rank"":3},{""token"":""{\\"",""token_id"":null,""bytes"":[123,92],""logprob"":-9.366595268249512,""rank"":4},{""token"":""{'"",""token_id"":null,""bytes"":[123,39],""logprob"":-9.472453117370605,""rank"":5}]"
warmup,D,K7,424,ABCD,4,2,"
",,[10],-0.001262209378182888,1,"[{""token"":""\n"",""token_id"":null,""bytes"":[10],""logprob"":-0.001262209378182888,""rank"":1},{""token"":"" \"""",""token_id"":null,""bytes"":[32,34],""logprob"":-6.884255886077881,""rank"":2},{""token"":""mode"",""token_id"":null,""bytes"":[109,111,100,101],""logprob"":-8.65310287475586,""rank"":3},{""token"":"" "",""token_id"":null,""bytes"":[32],""logprob"":-10.568531036376953,""rank"":4},{""token"":"" \n"",""token_id"":null,""bytes"":[32,10],""logprob"":-11.43088150024414,""rank"":5}]"
warmup,D,K7,424,ABCD,4,3, ,,[32],-0.0002571078948676586,1,"[{""token"":"" "",""token_id"":null,""bytes"":[32],""logprob"":-0.0002571078948676586,""rank"":1},{""token"":""\"""",""token_id"":null,""bytes"":[34],""logprob"":-8.83296012878418,""rank"":2},{""token"":"" \"""",""token_id"":null,""bytes"":[32,34],""logprob"":-9.205730438232422,""rank"":3},{""token"":""\""text"",""token_id"":null,""bytes"":[34,116,101,120,116],""logprob"":-13.042868614196777,""rank"":4},{""token"":""  \n"",""token_id"":null,""bytes"":[32,32,10],""logprob"":-13.055774688720703,""rank"":5}]"
warmup,D,K7,424,ABCD,4,4," """,,"[32,34]",-5.1260126383567695e-06,1,"[{""token"":"" \"""",""token_id"":null,""bytes"":[32,34],""logprob"":-5.1260126383567695e-06,""rank"":1},{""token"":"" \""_"",""token_id"":null,""bytes"":[32,34,95],""logprob"":-12.858902931213379,""rank"":2},{""token"":"" \""\\\"""",""token_id"":null,""bytes"":[32,34,92,34],""logprob"":-13.873766899108887,""rank"":3},{""token"":"" mode"",""token_id"":null,""bytes"":[32,109,111,100,101],""logprob"":-14.700273513793945,""rank"":4},{""token"":"" \""__"",""token_id"":null,""bytes"":[32,34,95,95],""logprob"":-15.031352996826172,""rank"":5}]"
warmup,D,K7,424,ABCD,4,5,mode,,"[109,111,100,101]",-0.00010383668268332258,1,"[{""token"":""mode"",""token_id"":null,""bytes"":[109,111,100,101],""logprob"":-0.00010383668268332258,""rank"":1},{""token"":""texte"",""token_id"":null,""bytes"":[116,101,120,116,101],""logprob"":-9.640795707702637,""rank"":2},{""token"":""\tmode"",""token_id"":null,""bytes"":[9,109,111,100,101],""logprob"":-12.447422981262207,""rank"":3},{""token"":""message"",""token_id"":null,""bytes"":[109,101,115,115,97,103,101],""logprob"":-12.718585014343262,""rank"":4},{""token"":""type"",""token_id"":null,""bytes"":[116,121,112,101],""logprob"":-12.868250846862793,""rank"":5}]"
warmup,D,K7,424,ABCD,4,6,""":",,"[34,58]",-5.960482212685747e-06,1,"[{""token"":""\"":"",""token_id"":null,""bytes"":[34,58],""logprob"":-5.960482212685747e-06,""rank"":1},{""token"":""\"":\"""",""token_id"":null,""bytes"":[34,58,34],""logprob"":-12.444189071655273,""rank"":2},{""token"":""\"""",""token_id"":null,""bytes"":[34],""logprob"":-13.91639518737793,""rank"":3},{""token"":""\"","",""token_id"":null,""bytes"":[34,44],""logprob"":-14.644887924194336,""rank"":4},{""token"":""':"",""token_id"":null,""bytes"":[39,58],""logprob"":-15.362749099731445,""rank"":5}]"
warmup,D,K7,424,ABCD,4,7," """,,"[32,34]",-7.009752152953297e-05,1,"[{""token"":"" \"""",""token_id"":null,""bytes"":[32,34],""logprob"":-7.009752152953297e-05,""rank"":1},{""token"":"" \""\"","",""token_id"":null,""bytes"":[32,34,34,44],""logprob"":-11.385831832885742,""rank"":2},{""token"":"" \""..."",""token_id"":null,""bytes"":[32,34,46,46,46],""logprob"":-11.577933311462402,""rank"":3},{""token"":"" parole"",""token_id"":null,""bytes"":[32,112,97,114,111,108,101],""logprob"":-11.88742446899414,""rank"":4},{""token"":"" \""\"""",""token_id"":null,""bytes"":[32,34,34],""logprob"":-12.021692276000977,""rank"":5}]"
warmup,D,K7,424,ABCD,4,8,sil,,"[115,105,108]",-0.5934948325157166,1,"[{""token"":""sil"",""token_id"":null,""bytes"":[115,105,108],""logprob"":-0.5934948325157166,""rank"":1},{""token"":""parole"",""token_id"":null,""bytes"":[112,97,114,111,108,101],""logprob"":-0.8133338689804077,""rank"":2},{""token"":""par"",""token_id"":null,""bytes"":[112,97,114],""logprob"":-7.302597522735596,""rank"":3},{""token"":""pare"",""token_id"":null,""bytes"":[112,97,114,101],""logprob"":-8.257190704345703,""rank"":4},{""token"":""s"",""token_id"":null,""bytes"":[115],""logprob"":-8.34564208984375,""rank"":5}]"
warmup,D,K7,424,ABCD,4,9,ence,,"[101,110,99,101]",-9.775209946383256e-06,1,"[{""token"":""ence"",""token_id"":null,""bytes"":[101,110,99,101],""logprob"":-9.775209946383256e-06,""rank"":1},{""token"":""ience"",""token_id"":null,""bytes"":[105,101,110,99,101],""logprob"":-11.974973678588867,""rank"":2},{""token"":""ance"",""token_id"":null,""bytes"":[97,110,99,101],""logprob"":-12.842367172241211,""rank"":3},{""token"":""enc"",""token_id"":null,""bytes"":[101,110,99],""logprob"":-15.266870498657227,""rank"":4},{""token"":""ences"",""token_id"":null,""bytes"":[101,110,99,101,115],""logprob"":-16.035558700561523,""rank"":5}]"
warmup,D,K7,424,ABCD,4,10,""",",,"[34,44]",-0.11132138222455978,1,"[{""token"":""\"","",""token_id"":null,""bytes"":[34,44],""logprob"":-0.11132138222455978,""rank"":1},{""token"":""\"""",""token_id"":null,""bytes"":[34],""logprob"":-2.2505369186401367,""rank"":2},{""token"":""\n"",""token_id"":null,""bytes"":[10],""logprob"":-12.997644424438477,""rank"":3},{""token"":""\""."",""token_id"":null,""bytes"":[34,46],""logprob"":-13.728401184082031,""rank"":4},{""token"":""\\\"","",""token_id"":null,""bytes"":[92,34,44],""logprob"":-14.240416526794434,""rank"":5}]"
warmup,D,K7,424,ABCD,4,11,"
",,[10],-3.57628505298635e-06,1,"[{""token"":""\n"",""token_id"":null,""bytes"":[10],""logprob"":-3.57628505298635e-06,""rank"":1},{""token"":"" \n"",""token_id"":null,""bytes"":[32,10],""logprob"":-13.045957565307617,""rank"":2},{""token"":"""",""token_id"":null,""bytes"":[],""logprob"":-14.220623016357422,""rank"":3},{""token"":""\n\n"",""token_id"":null,""bytes"":[10,10],""logprob"":-14.449294090270996,""rank"":4},{""token"":"" \"""",""token_id"":null,""bytes"":[32,34],""logprob"":-15.582581520080566,""rank"":5}]"
warmup,D,K7,424,ABCD,4,12, ,,[32],-4.768372718899627e-07,1,"[{""token"":"" "",""token_id"":null,""bytes"":[32],""logprob"":-4.768372718899627e-07,""rank"":1},{""token"":"" \"""",""token_id"":null,""bytes"":[32,34],""logprob"":-14.934100151062012,""rank"":2},{""token"":""  \n"",""token_id"":null,""bytes"":[32,32,10],""logprob"":-15.774998664855957,""rank"":3},{""token"":"" texte"",""token_id"":null,""bytes"":[32,116,101,120,116,101],""logprob"":-17.64464569091797,""rank"":4},{""token"":""\"":"",""token_id"":null,""bytes"":[34,58],""logprob"":-17.890995025634766,""rank"":5}]"
warmup,D,K7,424,ABCD,4,13," """,,"[32,34]",-2.0265599687263602e-06,1,"[{""token"":"" \"""",""token_id"":null,""bytes"":[32,34],""logprob"":-2.0265599687263602e-06,""rank"":1},{""token"":"" \""\"""",""token_id"":null,""bytes"":[32,34,34],""logprob"":-13.254087448120117,""rank"":2},{""token"":"" \""\\\"""",""token_id"":null,""bytes"":[32,34,92,34],""logprob"":-16.043081283569336,""rank"":3},{""token"":"" \""_"",""token_id"":null,""bytes"":[32,34,95],""logprob"":-16.407825469970703,""rank"":4},{""token"":"" \""."",""token_id"":null,""bytes"":[32,34,46],""logprob"":-16.942138671875,""rank"":5}]"
warmup,D,K7,424,ABCD,4,14,texte,,"[116,101,120,116,101]",-0.0006448320928029716,1,"[{""token"":""texte"",""token_id"":null,""bytes"":[116,101,120,116,101],""logprob"":-0.0006448320928029716,""rank"":1},{""token"":""texto"",""token_id"":null,""bytes"":[116,101,120,116,111],""logprob"":-7.806743621826172,""rank"":2},{""token"":"" texte"",""token_id"":null,""bytes"":[32,116,101,120,116,101],""logprob"":-9.280204772949219,""rank"":3},{""token"":""texture"",""token_id"":null,""bytes"":[116,101,120,116,117,114,101],""logprob"":-10.911214828491211,""rank"":4},{""token"":""text"",""token_id"":null,""bytes"":[116,101,120,116],""logprob"":-11.027225494384766,""rank"":5}]"
warmup,D,K7,424,ABCD,4,15,""":",,"[34,58]",-9.179157132166438e-06,1,"[{""token"":""\"":"",""token_id"":null,""bytes"":[34,58],""logprob"":-9.179157132166438e-06,""rank"":1},{""token"":""\"""",""token_id"":null,""bytes"":[34],""logprob"":-11.782276153564453,""rank"":2},{""token"":""\"":\""\"""",""token_id"":null,""bytes"":[34,58,34,34],""logprob"":-13.713590621948242,""rank"":3},{""token"":""\\\"":"",""token_id"":null,""bytes"":[92,34,58],""logprob"":-15.420682907104492,""rank"":4},{""token"":""\"":\"""",""token_id"":null,""bytes"":[34,58,34],""logprob"":-16.319738388061523,""rank"":5}]"
warmup,D,K7,424,ABCD,4,16," """"",,"[32,34,34]",-0.0032456680200994015,1,"[{""token"":"" \""\"""",""token_id"":null,""bytes"":[32,34,34],""logprob"":-0.0032456680200994015,""rank"":1},{""token"":"" \"""",""token_id"":null,""bytes"":[32,34],""logprob"":-6.055448055267334,""rank"":2},{""token"":"" null"",""token_id"":null,""bytes"":[32,110,117,108,108],""logprob"":-7.501000881195068,""rank"":3},{""token"":"" \""\"","",""token_id"":null,""bytes"":[32,34,34,44],""logprob"":-8.500384330749512,""rank"":4},{""token"":"" \""\\\"""",""token_id"":null,""bytes"":[32,34,92,34],""logprob"":-9.465580940246582,""rank"":5}]"
warmup,D,K7,424,ABCD,4,17,"
",,[10],-8.344653679159819e-07,1,"[{""token"":""\n"",""token_id"":null,""bytes"":[10],""logprob"":-8.344653679159819e-07,""rank"":1},{""token"":"""",""token_id"":null,""bytes"":[],""logprob"":-14.713308334350586,""rank"":2},{""token"":"" \n"",""token_id"":null,""bytes"":[32,10],""logprob"":-15.195917129516602,""rank"":3},{""token"":""\n\n"",""token_id"":null,""bytes"":[10,10],""logprob"":-15.342458724975586,""rank"":4},{""token"":""\n\n\n"",""token_id"":null,""bytes"":[10,10,10],""logprob"":-18.374958038330078,""rank"":5}]"
warmup,D,K7,424,ABCD,4,18,},,[125],-2.622607780722319e-06,1,"[{""token"":""}"",""token_id"":null,""bytes"":[125],""logprob"":-2.622607780722319e-06,""rank"":1},{""token"":""},"",""token_id"":null,""bytes"":[125,44],""logprob"":-13.304072380065918,""rank"":2},{""token"":""}\"""",""token_id"":null,""bytes"":[125,34],""logprob"":-14.436419486999512,""rank"":3},{""token"":""}'"",""token_id"":null,""bytes"":[125,39],""logprob"":-14.71263599395752,""rank"":4},{""token"":"""",""token_id"":null,""bytes"":[],""logprob"":-16.880449295043945,""rank"":5}]"
warmup,D,K7,431,DCBA,1,1,{,,[123],-0.019648456946015358,1,"[{""token"":""{"",""token_id"":null,""bytes"":[123],""logprob"":-0.019648456946015358,""rank"":1},{""token"":""{\"""",""token_id"":null,""bytes"":[123,34],""logprob"":-4.364804267883301,""rank"":2},{""token"":""```"",""token_id"":null,""bytes"":[96,96,96],""logprob"":-5.162684440612793,""rank"":3},{""token"":""{\\"",""token_id"":null,""bytes"":[123,92],""logprob"":-9.366595268249512,""rank"":4},{""token"":""{'"",""token_id"":null,""bytes"":[123,39],""logprob"":-9.472453117370605,""rank"":5}]"
warmup,D,K7,431,DCBA,1,2,"
",,[10],-0.001262209378182888,1,"[{""token"":""\n"",""token_id"":null,""bytes"":[10],""logprob"":-0.001262209378182888,""rank"":1},{""token"":"" \"""",""token_id"":null,""bytes"":[32,34],""logprob"":-6.884255886077881,""rank"":2},{""token"":""mode"",""token_id"":null,""bytes"":[109,111,100,101],""logprob"":-8.65310287475586,""rank"":3},{""token"":"" "",""token_id"":null,""bytes"":[32],""logprob"":-10.568531036376953,""rank"":4},{""token"":"" \n"",""token_id"":null,""bytes"":[32,10],""logprob"":-11.43088150024414,""rank"":5}]"
warmup,D,K7,431,DCBA,1,3, ,,[32],-0.0002571078948676586,1,"[{""token"":"" "",""token_id"":null,""bytes"":[32],""logprob"":-0.0002571078948676586,""rank"":1},{""token"":""\"""",""token_id"":null,""bytes"":[34],""logprob"":-8.83296012878418,""rank"":2},{""token"":"" \"""",""token_id"":null,""bytes"":[32,34],""logprob"":-9.205730438232422,""rank"":3},{""token"":""\""text"",""token_id"":null,""bytes"":[34,116,101,120,116],""logprob"":-13.042868614196777,""rank"":4},{""token"":""  \n"",""token_id"":null,""bytes"":[32,32,10],""logprob"":-13.055774688720703,""rank"":5}]"
warmup,D,K7,431,DCBA,1,4," """,,"[32,34]",-5.1260126383567695e-06,1,"[{""token"":"" \"""",""token_id"":null,""bytes"":[32,34],""logprob"":-5.1260126383567695e-06,""rank"":1},{""token"":"" \""_"",""token_id"":null,""bytes"":[32,34,95],""logprob"":-12.858902931213379,""rank"":2},{""token"":"" \""\\\"""",""token_id"":null,""bytes"":[32,34,92,34],""logprob"":-13.873766899108887,""rank"":3},{""token"":"" mode"",""token_id"":null,""bytes"":[32,109,111,100,101],""logprob"":-14.700273513793945,""rank"":4},{""token"":"" \""__"",""token_id"":null,""bytes"":[32,34,95,95],""logprob"":-15.031352996826172,""rank"":5}]"
warmup,D,K7,431,DCBA,1,5,mode,,"[109,111,100,101]",-0.00010383668268332258,1,"[{""token"":""mode"",""token_id"":null,""bytes"":[109,111,100,101],""logprob"":-0.00010383668268332258,""rank"":1},{""token"":""texte"",""token_id"":null,""bytes"":[116,101,120,116,101],""logprob"":-9.640795707702637,""rank"":2},{""token"":""\tmode"",""token_id"":null,""bytes"":[9,109,111,100,101],""logprob"":-12.447422981262207,""rank"":3},{""token"":""message"",""token_id"":null,""bytes"":[109,101,115,115,97,103,101],""logprob"":-12.718585014343262,""rank"":4},{""token"":""type"",""token_id"":null,""bytes"":[116,121,112,101],""logprob"":-12.868250846862793,""rank"":5}]"
warmup,D,K7,431,DCBA,1,6,""":",,"[34,58]",-5.960482212685747e-06,1,"[{""token"":""\"":"",""token_id"":null,""bytes"":[34,58],""logprob"":-5.960482212685747e-06,""rank"":1},{""token"":""\"":\"""",""token_id"":null,""bytes"":[34,58,34],""logprob"":-12.444189071655273,""rank"":2},{""token"":""\"""",""token_id"":null,""bytes"":[34],""logprob"":-13.91639518737793,""rank"":3},{""token"":""\"","",""token_id"":null,""bytes"":[34,44],""logprob"":-14.644887924194336,""rank"":4},{""token"":""':"",""token_id"":null,""bytes"":[39,58],""logprob"":-15.362749099731445,""rank"":5}]"
warmup,D,K7,431,DCBA,1,7," """,,"[32,34]",-7.009752152953297e-05,1,"[{""token"":"" \"""",""token_id"":null,""bytes"":[32,34],""logprob"":-7.009752152953297e-05,""rank"":1},{""token"":"" \""\"","",""token_id"":null,""bytes"":[32,34,34,44],""logprob"":-11.385831832885742,""rank"":2},{""token"":"" \""..."",""token_id"":null,""bytes"":[32,34,46,46,46],""logprob"":-11.577933311462402,""rank"":3},{""token"":"" parole"",""token_id"":null,""bytes"":[32,112,97,114,111,108,101],""logprob"":-11.88742446899414,""rank"":4},{""token"":"" \""\"""",""token_id"":null,""bytes"":[32,34,34],""logprob"":-12.021692276000977,""rank"":5}]"
warmup,D,K7,431,DCBA,1,8,sil,,"[115,105,108]",-0.5934948325157166,1,"[{""token"":""sil"",""token_id"":null,""bytes"":[115,105,108],""logprob"":-0.5934948325157166,""rank"":1},{""token"":""parole"",""token_id"":null,""bytes"":[112,97,114,111,108,101],""logprob"":-0.8133338689804077,""rank"":2},{""token"":""par"",""token_id"":null,""bytes"":[112,97,114],""logprob"":-7.302597522735596,""rank"":3},{""token"":""pare"",""token_id"":null,""bytes"":[112,97,114,101],""logprob"":-8.257190704345703,""rank"":4},{""token"":""s"",""token_id"":null,""bytes"":[115],""logprob"":-8.34564208984375,""rank"":5}]"
warmup,D,K7,431,DCBA,1,9,ence,,"[101,110,99,101]",-9.775209946383256e-06,1,"[{""token"":""ence"",""token_id"":null,""bytes"":[101,110,99,101],""logprob"":-9.775209946383256e-06,""rank"":1},{""token"":""ience"",""token_id"":null,""bytes"":[105,101,110,99,101],""logprob"":-11.974973678588867,""rank"":2},{""token"":""ance"",""token_id"":null,""bytes"":[97,110,99,101],""logprob"":-12.842367172241211,""rank"":3},{""token"":""enc"",""token_id"":null,""bytes"":[101,110,99],""logprob"":-15.266870498657227,""rank"":4},{""token"":""ences"",""token_id"":null,""bytes"":[101,110,99,101,115],""logprob"":-16.035558700561523,""rank"":5}]"
warmup,D,K7,431,DCBA,1,10,""",",,"[34,44]",-0.11132138222455978,1,"[{""token"":""\"","",""token_id"":null,""bytes"":[34,44],""logprob"":-0.11132138222455978,""rank"":1},{""token"":""\"""",""token_id"":null,""bytes"":[34],""logprob"":-2.2505369186401367,""rank"":2},{""token"":""\n"",""token_id"":null,""bytes"":[10],""logprob"":-12.997644424438477,""rank"":3},{""token"":""\""."",""token_id"":null,""bytes"":[34,46],""logprob"":-13.728401184082031,""rank"":4},{""token"":""\\\"","",""token_id"":null,""bytes"":[92,34,44],""logprob"":-14.240416526794434,""rank"":5}]"
warmup,D,K7,431,DCBA,1,11,"
",,[10],-3.57628505298635e-06,1,"[{""token"":""\n"",""token_id"":null,""bytes"":[10],""logprob"":-3.57628505298635e-06,""rank"":1},{""token"":"" \n"",""token_id"":null,""bytes"":[32,10],""logprob"":-13.045957565307617,""rank"":2},{""token"":"""",""token_id"":null,""bytes"":[],""logprob"":-14.220623016357422,""rank"":3},{""token"":""\n\n"",""token_id"":null,""bytes"":[10,10],""logprob"":-14.449294090270996,""rank"":4},{""token"":"" \"""",""token_id"":null,""bytes"":[32,34],""logprob"":-15.582581520080566,""rank"":5}]"
warmup,D,K7,431,DCBA,1,12, ,,[32],-4.768372718899627e-07,1,"[{""token"":"" "",""token_id"":null,""bytes"":[32],""logprob"":-4.768372718899627e-07,""rank"":1},{""token"":"" \"""",""token_id"":null,""bytes"":[32,34],""logprob"":-14.934100151062012,""rank"":2},{""token"":""  \n"",""token_id"":null,""bytes"":[32,32,10],""logprob"":-15.774998664855957,""rank"":3},{""token"":"" texte"",""token_id"":null,""bytes"":[32,116,101,120,116,101],""logprob"":-17.64464569091797,""rank"":4},{""token"":""\"":"",""token_id"":null,""bytes"":[34,58],""logprob"":-17.890995025634766,""rank"":5}]"
warmup,D,K7,431,DCBA,1,13," """,,"[32,34]",-2.0265599687263602e-06,1,"[{""token"":"" \"""",""token_id"":null,""bytes"":[32,34],""logprob"":-2.0265599687263602e-06,""rank"":1},{""token"":"" \""\"""",""token_id"":null,""bytes"":[32,34,34],""logprob"":-13.254087448120117,""rank"":2},{""token"":"" \""\\\"""",""token_id"":null,""bytes"":[32,34,92,34],""logprob"":-16.043081283569336,""rank"":3},{""token"":"" \""_"",""token_id"":null,""bytes"":[32,34,95],""logprob"":-16.407825469970703,""rank"":4},{""token"":"" \""."",""token_id"":null,""bytes"":[32,34,46],""logprob"":-16.942138671875,""rank"":5}]"
warmup,D,K7,431,DCBA,1,14,texte,,"[116,101,120,116,101]",-0.0006448320928029716,1,"[{""token"":""texte"",""token_id"":null,""bytes"":[116,101,120,116,101],""logprob"":-0.0006448320928029716,""rank"":1},{""token"":""texto"",""token_id"":null,""bytes"":[116,101,120,116,111],""logprob"":-7.806743621826172,""rank"":2},{""token"":"" texte"",""token_id"":null,""bytes"":[32,116,101,120,116,101],""logprob"":-9.280204772949219,""rank"":3},{""token"":""texture"",""token_id"":null,""bytes"":[116,101,120,116,117,114,101],""logprob"":-10.911214828491211,""rank"":4},{""token"":""text"",""token_id"":null,""bytes"":[116,101,120,116],""logprob"":-11.027225494384766,""rank"":5}]"
warmup,D,K7,431,DCBA,1,15,""":",,"[34,58]",-9.179157132166438e-06,1,"[{""token"":""\"":"",""token_id"":null,""bytes"":[34,58],""logprob"":-9.179157132166438e-06,""rank"":1},{""token"":""\"""",""token_id"":null,""bytes"":[34],""logprob"":-11.782276153564453,""rank"":2},{""token"":""\"":\""\"""",""token_id"":null,""bytes"":[34,58,34,34],""logprob"":-13.713590621948242,""rank"":3},{""token"":""\\\"":"",""token_id"":null,""bytes"":[92,34,58],""logprob"":-15.420682907104492,""rank"":4},{""token"":""\"":\"""",""token_id"":null,""bytes"":[34,58,34],""logprob"":-16.319738388061523,""rank"":5}]"
warmup,D,K7,431,DCBA,1,16," """"",,"[32,34,34]",-0.0032456680200994015,1,"[{""token"":"" \""\"""",""token_id"":null,""bytes"":[32,34,34],""logprob"":-0.0032456680200994015,""rank"":1},{""token"":"" \"""",""token_id"":null,""bytes"":[32,34],""logprob"":-6.055448055267334,""rank"":2},{""token"":"" null"",""token_id"":null,""bytes"":[32,110,117,108,108],""logprob"":-7.501000881195068,""rank"":3},{""token"":"" \""\"","",""token_id"":null,""bytes"":[32,34,34,44],""logprob"":-8.500384330749512,""rank"":4},{""token"":"" \""\\\"""",""token_id"":null,""bytes"":[32,34,92,34],""logprob"":-9.465580940246582,""rank"":5}]"
warmup,D,K7,431,DCBA,1,17,"
",,[10],-8.344653679159819e-07,1,"[{""token"":""\n"",""token_id"":null,""bytes"":[10],""logprob"":-8.344653679159819e-07,""rank"":1},{""token"":"""",""token_id"":null,""bytes"":[],""logprob"":-14.713308334350586,""rank"":2},{""token"":"" \n"",""token_id"":null,""bytes"":[32,10],""logprob"":-15.195917129516602,""rank"":3},{""token"":""\n\n"",""token_id"":null,""bytes"":[10,10],""logprob"":-15.342458724975586,""rank"":4},{""token"":""\n\n\n"",""token_id"":null,""bytes"":[10,10,10],""logprob"":-18.374958038330078,""rank"":5}]"
warmup,D,K7,431,DCBA,1,18,},,[125],-2.622607780722319e-06,1,"[{""token"":""}"",""token_id"":null,""bytes"":[125],""logprob"":-2.622607780722319e-06,""rank"":1},{""token"":""},"",""token_id"":null,""bytes"":[125,44],""logprob"":-13.304072380065918,""rank"":2},{""token"":""}\"""",""token_id"":null,""bytes"":[125,34],""logprob"":-14.436419486999512,""rank"":3},{""token"":""}'"",""token_id"":null,""bytes"":[125,39],""logprob"":-14.71263599395752,""rank"":4},{""token"":"""",""token_id"":null,""bytes"":[],""logprob"":-16.880449295043945,""rank"":5}]"
warmup,C,K0,431,DCBA,2,1,{,,[123],-0.022347530350089073,1,"[{""token"":""{"",""token_id"":null,""bytes"":[123],""logprob"":-0.022347530350089073,""rank"":1},{""token"":""{\"""",""token_id"":null,""bytes"":[123,34],""logprob"":-4.103880882263184,""rank"":2},{""token"":""```"",""token_id"":null,""bytes"":[96,96,96],""logprob"":-5.384608268737793,""rank"":3},{""token"":""{\\\"""",""token_id"":null,""bytes"":[123,92,34],""logprob"":-9.20559310913086,""rank"":4},{""token"":""{}"",""token_id"":null,""bytes"":[123,125],""logprob"":-9.365748405456543,""rank"":5}]"
warmup,C,K0,431,DCBA,2,2,"
",,[10],-0.0010407617082819343,1,"[{""token"":""\n"",""token_id"":null,""bytes"":[10],""logprob"":-0.0010407617082819343,""rank"":1},{""token"":"" \"""",""token_id"":null,""bytes"":[32,34],""logprob"":-7.071502208709717,""rank"":2},{""token"":""mode"",""token_id"":null,""bytes"":[109,111,100,101],""logprob"":-8.883734703063965,""rank"":3},{""token"":"" "",""token_id"":null,""bytes"":[32],""logprob"":-10.773819923400879,""rank"":4},{""token"":"" \n"",""token_id"":null,""bytes"":[32,10],""logprob"":-11.489826202392578,""rank"":5}]"
warmup,C,K0,431,DCBA,2,3, ,,[32],-0.00021775947243440896,1,"[{""token"":"" "",""token_id"":null,""bytes"":[32],""logprob"":-0.00021775947243440896,""rank"":1},{""token"":""\"""",""token_id"":null,""bytes"":[34],""logprob"":-9.088756561279297,""rank"":2},{""token"":"" \"""",""token_id"":null,""bytes"":[32,34],""logprob"":-9.261333465576172,""rank"":3},{""token"":""\""text"",""token_id"":null,""bytes"":[34,116,101,120,116],""logprob"":-13.031827926635742,""rank"":4},{""token"":""  \n"",""token_id"":null,""bytes"":[32,32,10],""logprob"":-13.105371475219727,""rank"":5}]"
warmup,C,K0,431,DCBA,2,4," """,,"[32,34]",-3.218656047465629e-06,1,"[{""token"":"" \"""",""token_id"":null,""bytes"":[32,34],""logprob"":-3.218656047465629e-06,""rank"":1},{""token"":"" \""_"",""token_id"":null,""bytes"":[32,34,95],""logprob"":-13.295794486999512,""rank"":2},{""token"":"" \""\\\"""",""token_id"":null,""bytes"":[32,34,92,34],""logprob"":-14.324239730834961,""rank"":3},{""token"":"" mode"",""token_id"":null,""bytes"":[32,109,111,100,101],""logprob"":-15.079508781433105,""rank"":4},{""token"":"" \""__"",""token_id"":null,""bytes"":[32,34,95,95],""logprob"":-15.397425651550293,""rank"":5}]"
warmup,C,K0,431,DCBA,2,5,mode,,"[109,111,100,101]",-0.00011695115244947374,1,"[{""token"":""mode"",""token_id"":null,""bytes"":[109,111,100,101],""logprob"":-0.00011695115244947374,""rank"":1},{""token"":""texte"",""token_id"":null,""bytes"":[116,101,120,116,101],""logprob"":-9.467223167419434,""rank"":2},{""token"":""\tmode"",""token_id"":null,""bytes"":[9,109,111,100,101],""logprob"":-12.454880714416504,""rank"":3},{""token"":""message"",""token_id"":null,""bytes"":[109,101,115,115,97,103,101],""logprob"":-12.663521766662598,""rank"":4},{""token"":""type"",""token_id"":null,""bytes"":[116,121,112,101],""logprob"":-12.774247169494629,""rank"":5}]"
warmup,C,K0,431,DCBA,2,6,""":",,"[34,58]",-5.722062269342132e-06,1,"[{""token"":""\"":"",""token_id"":null,""bytes"":[34,58],""logprob"":-5.722062269342132e-06,""rank"":1},{""token"":""\"":\"""",""token_id"":null,""bytes"":[34,58,34],""logprob"":-12.455028533935547,""rank"":2},{""token"":""\"""",""token_id"":null,""bytes"":[34],""logprob"":-14.045772552490234,""rank"":3},{""token"":""\"","",""token_id"":null,""bytes"":[34,44],""logprob"":-14.704669952392578,""rank"":4},{""token"":""':"",""token_id"":null,""bytes"":[39,58],""logprob"":-15.434219360351562,""rank"":5}]"
warmup,C,K0,431,DCBA,2,7," """,,"[32,34]",-6.580569606740028e-05,1,"[{""token"":"" \"""",""token_id"":null,""bytes"":[32,34],""logprob"":-6.580569606740028e-05,""rank"":1},{""token"":"" \""\"","",""token_id"":null,""bytes"":[32,34,34,44],""logprob"":-11.462050437927246,""rank"":2},{""token"":"" \""..."",""token_id"":null,""bytes"":[32,34,46,46,46],""logprob"":-11.589383125305176,""rank"":3},{""token"":"" parole"",""token_id"":null,""bytes"":[32,112,97,114,111,108,101],""logprob"":-11.91740894317627,""rank"":4},{""token"":"" \""\"""",""token_id"":null,""bytes"":[32,34,34],""logprob"":-12.049454689025879,""rank"":5}]"
warmup,C,K0,431,DCBA,2,8,sil,,"[115,105,108]",-0.6199643015861511,1,"[{""token"":""sil"",""token_id"":null,""bytes"":[115,105,108],""logprob"":-0.6199643015861511,""rank"":1},{""token"":""parole"",""token_id"":null,""bytes"":[112,97,114,111,108,101],""logprob"":-0.7807443141937256,""rank"":2},{""token"":""par"",""token_id"":null,""bytes"":[112,97,114],""logprob"":-7.385531902313232,""rank"":3},{""token"":"" parole"",""token_id"":null,""bytes"":[32,112,97,114,111,108,101],""logprob"":-8.325679779052734,""rank"":4},{""token"":""pare"",""token_id"":null,""bytes"":[112,97,114,101],""logprob"":-8.352705001831055,""rank"":5}]"
warmup,C,K0,431,DCBA,2,9,ence,,"[101,110,99,101]",-9.775209946383256e-06,1,"[{""token"":""ence"",""token_id"":null,""bytes"":[101,110,99,101],""logprob"":-9.775209946383256e-06,""rank"":1},{""token"":""ience"",""token_id"":null,""bytes"":[105,101,110,99,101],""logprob"":-11.912710189819336,""rank"":2},{""token"":""ance"",""token_id"":null,""bytes"":[97,110,99,101],""logprob"":-12.932533264160156,""rank"":3},{""token"":""enc"",""token_id"":null,""bytes"":[101,110,99],""logprob"":-15.216045379638672,""rank"":4},{""token"":""\"","",""token_id"":null,""bytes"":[34,44],""logprob"":-16.03968620300293,""rank"":5}]"
warmup,C,K0,431,DCBA,2,10,""",",,"[34,44]",-0.10642677545547485,1,"[{""token"":""\"","",""token_id"":null,""bytes"":[34,44],""logprob"":-0.10642677545547485,""rank"":1},{""token"":""\"""",""token_id"":null,""bytes"":[34],""logprob"":-2.293093204498291,""rank"":2},{""token"":""\n"",""token_id"":null,""bytes"":[10],""logprob"":-13.433211326599121,""rank"":3},{""token"":""\""."",""token_id"":null,""bytes"":[34,46],""logprob"":-13.752901077270508,""rank"":4},{""token"":""\\\"","",""token_id"":null,""bytes"":[92,34,44],""logprob"":-14.33447265625,""rank"":5}]"
warmup,C,K0,431,DCBA,2,11,"
",,[10],-3.337865791763761e-06,1,"[{""token"":""\n"",""token_id"":null,""bytes"":[10],""logprob"":-3.337865791763761e-06,""rank"":1},{""token"":"" \n"",""token_id"":null,""bytes"":[32,10],""logprob"":-13.107783317565918,""rank"":2},{""token"":"""",""token_id"":null,""bytes"":[],""logprob"":-14.255763053894043,""rank"":3},{""token"":""\n\n"",""token_id"":null,""bytes"":[10,10],""logprob"":-14.601638793945312,""rank"":4},{""token"":"" \"""",""token_id"":null,""bytes"":[32,34],""logprob"":-15.553372383117676,""rank"":5}]"
warmup,C,K0,431,DCBA,2,12, ,,[32],-4.768372718899627e-07,1,"[{""token"":"" "",""token_id"":null,""bytes"":[32],""logprob"":-4.768372718899627e-07,""rank"":1},{""token"":"" \"""",""token_id"":null,""bytes"":[32,34],""logprob"":-14.94283676147461,""rank"":2},{""token"":""  \n"",""token_id"":null,""bytes"":[32,32,10],""logprob"":-16.096988677978516,""rank"":3},{""token"":"" texte"",""token_id"":null,""bytes"":[32,116,101,120,116,101],""logprob"":-17.702526092529297,""rank"":4},{""token"":""\"":"",""token_id"":null,""bytes"":[34,58],""logprob"":-18.022602081298828,""rank"":5}]"
warmup,C,K0,431,DCBA,2,13," """,,"[32,34]",-1.3113030945532955e-06,1,"[{""token"":"" \"""",""token_id"":null,""bytes"":[32,34],""logprob"":-1.3113030945532955e-06,""rank"":1},{""token"":"" \""\"""",""token_id"":null,""bytes"":[32,34,34],""logprob"":-13.740971565246582,""rank"":2},{""token"":"" \""\\\"""",""token_id"":null,""bytes"":[32,34,92,34],""logprob"":-16.369064331054688,""rank"":3},{""token"":"" \""."",""token_id"":null,""bytes"":[32,34,46],""logprob"":-16.59925079345703,""rank"":4},{""token"":"" \""_"",""token_id"":null,""bytes"":[32,34,95],""logprob"":-16.92404556274414,""rank"":5}]"
warmup,C,K0,431,DCBA,2,14,texte,,"[116,101,120,116,101]",-0.000701315701007843,1,"[{""token"":""texte"",""token_id"":null,""bytes"":[116,101,120,116,101],""logprob"":-0.000701315701007843,""rank"":1},{""token"":""texto"",""token_id"":null,""bytes"":[116,101,120,116,111],""logprob"":-7.710988521575928,""rank"":2},{""token"":"" texte"",""token_id"":null,""bytes"":[32,116,101,120,116,101],""logprob"":-9.253518104553223,""rank"":3},{""token"":""texture"",""token_id"":null,""bytes"":[116,101,120,116,117,114,101],""logprob"":-10.663298606872559,""rank"":4},{""token"":""text"",""token_id"":null,""bytes"":[116,101,120,116],""logprob"":-10.913947105407715,""rank"":5}]"
warmup,C,K0,431,DCBA,2,15,""":",,"[34,58]",-1.025205165205989e-05,1,"[{""token"":""\"":"",""token_id"":null,""bytes"":[34,58],""logprob"":-1.025205165205989e-05,""rank"":1},{""token"":""\"""",""token_id"":null,""bytes"":[34],""logprob"":-11.64643383026123,""rank"":2},{""token"":""\"":\""\"""",""token_id"":null,""bytes"":[34,58,34,34],""logprob"":-13.708300590515137,""rank"":3},{""token"":""\\\"":"",""token_id"":null,""bytes"":[92,34,58],""logprob"":-15.41968059539795,""rank"":4},{""token"":""\"":\"""",""token_id"":null,""bytes"":[34,58,34],""logprob"":-16.462614059448242,""rank"":5}]"
warmup,C,K0,431,DCBA,2,16," """"",,"[32,34,34]",-0.0032841789070516825,1,"[{""token"":"" \""\"""",""token_id"":null,""bytes"":[32,34,34],""logprob"":-0.0032841789070516825,""rank"":1},{""token"":"" \"""",""token_id"":null,""bytes"":[32,34],""logprob"":-6.025295257568359,""rank"":2},{""token"":"" null"",""token_id"":null,""bytes"":[32,110,117,108,108],""logprob"":-7.520589351654053,""rank"":3},{""token"":"" \""\"","",""token_id"":null,""bytes"":[32,34,34,44],""logprob"":-8.617876052856445,""rank"":4},{""token"":"" \""\\\"""",""token_id"":null,""bytes"":[32,34,92,34],""logprob"":-9.446208953857422,""rank"":5}]"
warmup,C,K0,431,DCBA,2,17,"
",,[10],-8.344653679159819e-07,1,"[{""token"":""\n"",""token_id"":null,""bytes"":[10],""logprob"":-8.344653679159819e-07,""rank"":1},{""token"":"""",""token_id"":null,""bytes"":[],""logprob"":-14.832995414733887,""rank"":2},{""token"":"" \n"",""token_id"":null,""bytes"":[32,10],""logprob"":-15.189888954162598,""rank"":3},{""token"":""\n\n"",""token_id"":null,""bytes"":[10,10],""logprob"":-15.416543006896973,""rank"":4},{""token"":""\n\n\n"",""token_id"":null,""bytes"":[10,10,10],""logprob"":-18.386173248291016,""rank"":5}]"
warmup,C,K0,431,DCBA,2,18,},,[125],-2.3841887468734058e-06,1,"[{""token"":""}"",""token_id"":null,""bytes"":[125],""logprob"":-2.3841887468734058e-06,""rank"":1},{""token"":""},"",""token_id"":null,""bytes"":[125,44],""logprob"":-13.398757934570312,""rank"":2},{""token"":""}\"""",""token_id"":null,""bytes"":[125,34],""logprob"":-14.608040809631348,""rank"":3},{""token"":""}'"",""token_id"":null,""bytes"":[125,39],""logprob"":-14.80576229095459,""rank"":4},{""token"":""}`"",""token_id"":null,""bytes"":[125,96],""logprob"":-16.94948387145996,""rank"":5}]"
warmup,B,R7,431,DCBA,3,1,{,,[123],-0.02172425016760826,1,"[{""token"":""{"",""token_id"":null,""bytes"":[123],""logprob"":-0.02172425016760826,""rank"":1},{""token"":""{\"""",""token_id"":null,""bytes"":[123,34],""logprob"":-4.228072643280029,""rank"":2},{""token"":""```"",""token_id"":null,""bytes"":[96,96,96],""logprob"":-5.131930828094482,""rank"":3},{""token"":""{\\\"""",""token_id"":null,""bytes"":[123,92,34],""logprob"":-9.165180206298828,""rank"":4},{""token"":""{\\"",""token_id"":null,""bytes"":[123,92],""logprob"":-9.315994262695312,""rank"":5}]"
warmup,B,R7,431,DCBA,3,2,"
",,[10],-0.0008808079874143004,1,"[{""token"":""\n"",""token_id"":null,""bytes"":[10],""logprob"":-0.0008808079874143004,""rank"":1},{""token"":"" \"""",""token_id"":null,""bytes"":[32,34],""logprob"":-7.27277135848999,""rank"":2},{""token"":""mode"",""token_id"":null,""bytes"":[109,111,100,101],""logprob"":-8.902280807495117,""rank"":3},{""token"":"" "",""token_id"":null,""bytes"":[32],""logprob"":-10.787778854370117,""rank"":4},{""token"":"" \n"",""token_id"":null,""bytes"":[32,10],""logprob"":-11.593488693237305,""rank"":5}]"
warmup,B,R7,431,DCBA,3,3, ,,[32],-0.0002201441820943728,1,"[{""token"":"" "",""token_id"":null,""bytes"":[32],""logprob"":-0.0002201441820943728,""rank"":1},{""token"":""\"""",""token_id"":null,""bytes"":[34],""logprob"":-8.98767375946045,""rank"":2},{""token"":"" \"""",""token_id"":null,""bytes"":[32,34],""logprob"":-9.363957405090332,""rank"":3},{""token"":""\""text"",""token_id"":null,""bytes"":[34,116,101,120,116],""logprob"":-13.119736671447754,""rank"":4},{""token"":""  \n"",""token_id"":null,""bytes"":[32,32,10],""logprob"":-13.16612720489502,""rank"":5}]"
warmup,B,R7,431,DCBA,3,4," """,,"[32,34]",-4.172333774477011e-06,1,"[{""token"":"" \"""",""token_id"":null,""bytes"":[32,34],""logprob"":-4.172333774477011e-06,""rank"":1},{""token"":"" \""_"",""token_id"":null,""bytes"":[32,34,95],""logprob"":-13.113958358764648,""rank"":2},{""token"":"" \""\\\"""",""token_id"":null,""bytes"":[32,34,92,34],""logprob"":-13.908227920532227,""rank"":3},{""token"":"" \""__"",""token_id"":null,""bytes"":[32,34,95,95],""logprob"":-15.388980865478516,""rank"":4},{""token"":"" mode"",""token_id"":null,""bytes"":[32,109,111,100,101],""logprob"":-15.449271202087402,""rank"":5}]"
warmup,B,R7,431,DCBA,3,5,mode,,"[109,111,100,101]",-0.00011707037629093975,1,"[{""token"":""mode"",""token_id"":null,""bytes"":[109,111,100,101],""logprob"":-0.00011707037629093975,""rank"":1},{""token"":""texte"",""token_id"":null,""bytes"":[116,101,120,116,101],""logprob"":-9.493277549743652,""rank"":2},{""token"":""\tmode"",""token_id"":null,""bytes"":[9,109,111,100,101],""logprob"":-12.450518608093262,""rank"":3},{""token"":""message"",""token_id"":null,""bytes"":[109,101,115,115,97,103,101],""logprob"":-12.52582836151123,""rank"":4},{""token"":""type"",""token_id"":null,""bytes"":[116,121,112,101],""logprob"":-12.704558372497559,""rank"":5}]"
warmup,B,R7,431,DCBA,3,6,""":",,"[34,58]",-6.318112355074845e-06,1,"[{""token"":""\"":"",""token_id"":null,""bytes"":[34,58],""logprob"":-6.318112355074845e-06,""rank"":1},{""token"":""\"":\"""",""token_id"":null,""bytes"":[34,58,34],""logprob"":-12.400069236755371,""rank"":2},{""token"":""\"""",""token_id"":null,""bytes"":[34],""logprob"":-13.777251243591309,""rank"":3},{""token"":""\"","",""token_id"":null,""bytes"":[34,44],""logprob"":-14.631165504455566,""rank"":4},{""token"":""':"",""token_id"":null,""bytes"":[39,58],""logprob"":-15.456767082214355,""rank"":5}]"
warmup,B,R7,431,DCBA,3,7," """,,"[32,34]",-6.84284750605002e-05,1,"[{""token"":"" \"""",""token_id"":null,""bytes"":[32,34],""logprob"":-6.84284750605002e-05,""rank"":1},{""token"":"" \""\"","",""token_id"":null,""bytes"":[32,34,34,44],""logprob"":-11.380424499511719,""rank"":2},{""token"":"" \""..."",""token_id"":null,""bytes"":[32,34,46,46,46],""logprob"":-11.570703506469727,""rank"":3},{""token"":"" parole"",""token_id"":null,""bytes"":[32,112,97,114,111,108,101],""logprob"":-11.879776000976562,""rank"":4},{""token"":"" \""\"""",""token_id"":null,""bytes"":[32,34,34],""logprob"":-12.034069061279297,""rank"":5}]"
warmup,B,R7,431,DCBA,3,8,sil,,"[115,105,108]",-0.6785305142402649,1,"[{""token"":""sil"",""token_id"":null,""bytes"":[115,105,108],""logprob"":-0.6785305142402649,""rank"":1},{""token"":""parole"",""token_id"":null,""bytes"":[112,97,114,111,108,101],""logprob"":-0.7165859341621399,""rank"":2},{""token"":""par"",""token_id"":null,""bytes"":[112,97,114],""logprob"":-7.273228645324707,""rank"":3},{""token"":""pare"",""token_id"":null,""bytes"":[112,97,114,101],""logprob"":-8.244132041931152,""rank"":4},{""token"":""s"",""token_id"":null,""bytes"":[115],""logprob"":-8.282027244567871,""rank"":5}]"
warmup,B,R7,431,DCBA,3,9,ence,,"[101,110,99,101]",-9.179157132166438e-06,1,"[{""token"":""ence"",""token_id"":null,""bytes"":[101,110,99,101],""logprob"":-9.179157132166438e-06,""rank"":1},{""token"":""ience"",""token_id"":null,""bytes"":[105,101,110,99,101],""logprob"":-12.033693313598633,""rank"":2},{""token"":""ance"",""token_id"":null,""bytes"":[97,110,99,101],""logprob"":-12.892942428588867,""rank"":3},{""token"":""enc"",""token_id"":null,""bytes"":[101,110,99],""logprob"":-15.13233757019043,""rank"":4},{""token"":""ences"",""token_id"":null,""bytes"":[101,110,99,101,115],""logprob"":-15.992465019226074,""rank"":5}]"
warmup,B,R7,431,DCBA,3,10,""",",,"[34,44]",-0.10652503371238708,1,"[{""token"":""\"","",""token_id"":null,""bytes"":[34,44],""logprob"":-0.10652503371238708,""rank"":1},{""token"":""\"""",""token_id"":null,""bytes"":[34],""logprob"":-2.292224407196045,""rank"":2},{""token"":""\n"",""token_id"":null,""bytes"":[10],""logprob"":-13.167221069335938,""rank"":3},{""token"":""\""."",""token_id"":null,""bytes"":[34,46],""logprob"":-13.745504379272461,""rank"":4},{""token"":""\\\"","",""token_id"":null,""bytes"":[92,34,44],""logprob"":-14.183154106140137,""rank"":5}]"
warmup,B,R7,431,DCBA,3,11,"
",,[10],-4.0531240301788785e-06,1,"[{""token"":""\n"",""token_id"":null,""bytes"":[10],""logprob"":-4.0531240301788785e-06,""rank"":1},{""token"":"" \n"",""token_id"":null,""bytes"":[32,10],""logprob"":-12.90800666809082,""rank"":2},{""token"":"""",""token_id"":null,""bytes"":[],""logprob"":-14.16970443725586,""rank"":3},{""token"":""\n\n"",""token_id"":null,""bytes"":[10,10],""logprob"":-14.509121894836426,""rank"":4},{""token"":"" \"""",""token_id"":null,""bytes"":[32,34],""logprob"":-15.510653495788574,""rank"":5}]"
warmup,B,R7,431,DCBA,3,12, ,,[32],-4.768372718899627e-07,1,"[{""token"":"" "",""token_id"":null,""bytes"":[32],""logprob"":-4.768372718899627e-07,""rank"":1},{""token"":"" \"""",""token_id"":null,""bytes"":[32,34],""logprob"":-15.015575408935547,""rank"":2},{""token"":""  \n"",""token_id"":null,""bytes"":[32,32,10],""logprob"":-15.97124195098877,""rank"":3},{""token"":"" texte"",""token_id"":null,""bytes"":[32,116,101,120,116,101],""logprob"":-17.74969482421875,""rank"":4},{""token"":""   "",""token_id"":null,""bytes"":[32,32,32],""logprob"":-18.280445098876953,""rank"":5}]"
warmup,B,R7,431,DCBA,3,13," """,,"[32,34]",-2.0265599687263602e-06,1,"[{""token"":"" \"""",""token_id"":null,""bytes"":[32,34],""logprob"":-2.0265599687263602e-06,""rank"":1},{""token"":"" \""\"""",""token_id"":null,""bytes"":[32,34,34],""logprob"":-13.223140716552734,""rank"":2},{""token"":"" \""\\\"""",""token_id"":null,""bytes"":[32,34,92,34],""logprob"":-15.966304779052734,""rank"":3},{""token"":"" \""_"",""token_id"":null,""bytes"":[32,34,95],""logprob"":-16.198970794677734,""rank"":4},{""token"":"" \""..."",""token_id"":null,""bytes"":[32,34,46,46,46],""logprob"":-16.936288833618164,""rank"":5}]"
warmup,B,R7,431,DCBA,3,14,texte,,"[116,101,120,116,101]",-0.000649364956188947,1,"[{""token"":""texte"",""token_id"":null,""bytes"":[116,101,120,116,101],""logprob"":-0.000649364956188947,""rank"":1},{""token"":""texto"",""token_id"":null,""bytes"":[116,101,120,116,111],""logprob"":-7.792206764221191,""rank"":2},{""token"":"" texte"",""token_id"":null,""bytes"":[32,116,101,120,116,101],""logprob"":-9.244690895080566,""rank"":3},{""token"":""texture"",""token_id"":null,""bytes"":[116,101,120,116,117,114,101],""logprob"":-10.890830039978027,""rank"":4},{""token"":""text"",""token_id"":null,""bytes"":[116,101,120,116],""logprob"":-11.115731239318848,""rank"":5}]"
warmup,B,R7,431,DCBA,3,15,""":",,"[34,58]",-1.0848104466276709e-05,1,"[{""token"":""\"":"",""token_id"":null,""bytes"":[34,58],""logprob"":-1.0848104466276709e-05,""rank"":1},{""token"":""\"""",""token_id"":null,""bytes"":[34],""logprob"":-11.591935157775879,""rank"":2},{""token"":""\"":\""\"""",""token_id"":null,""bytes"":[34,58,34,34],""logprob"":-13.789422035217285,""rank"":3},{""token"":""\\\"":"",""token_id"":null,""bytes"":[92,34,58],""logprob"":-15.505274772644043,""rank"":4},{""token"":""\"":\"""",""token_id"":null,""bytes"":[34,58,34],""logprob"":-16.480609893798828,""rank"":5}]"
warmup,B,R7,431,DCBA,3,16," """"",,"[32,34,34]",-0.0031248226296156645,1,"[{""token"":"" \""\"""",""token_id"":null,""bytes"":[32,34,34],""logprob"":-0.0031248226296156645,""rank"":1},{""token"":"" \"""",""token_id"":null,""bytes"":[32,34],""logprob"":-6.100138187408447,""rank"":2},{""token"":"" null"",""token_id"":null,""bytes"":[32,110,117,108,108],""logprob"":-7.526052951812744,""rank"":3},{""token"":"" \""\"","",""token_id"":null,""bytes"":[32,34,34,44],""logprob"":-8.518841743469238,""rank"":4},{""token"":"" \""\\\"""",""token_id"":null,""bytes"":[32,34,92,34],""logprob"":-9.442099571228027,""rank"":5}]"
warmup,B,R7,431,DCBA,3,17,"
",,[10],-8.344653679159819e-07,1,"[{""token"":""\n"",""token_id"":null,""bytes"":[10],""logprob"":-8.344653679159819e-07,""rank"":1},{""token"":"""",""token_id"":null,""bytes"":[],""logprob"":-14.898009300231934,""rank"":2},{""token"":"" \n"",""token_id"":null,""bytes"":[32,10],""logprob"":-15.026812553405762,""rank"":3},{""token"":""\n\n"",""token_id"":null,""bytes"":[10,10],""logprob"":-15.510147094726562,""rank"":4},{""token"":""\n\n\n"",""token_id"":null,""bytes"":[10,10,10],""logprob"":-18.452171325683594,""rank"":5}]"
warmup,B,R7,431,DCBA,3,18,},,[125],-2.5033982637978625e-06,1,"[{""token"":""}"",""token_id"":null,""bytes"":[125],""logprob"":-2.5033982637978625e-06,""rank"":1},{""token"":""},"",""token_id"":null,""bytes"":[125,44],""logprob"":-13.412047386169434,""rank"":2},{""token"":""}\"""",""token_id"":null,""bytes"":[125,34],""logprob"":-14.420966148376465,""rank"":3},{""token"":""}'"",""token_id"":null,""bytes"":[125,39],""logprob"":-14.732012748718262,""rank"":4},{""token"":""}`"",""token_id"":null,""bytes"":[125,96],""logprob"":-16.944538116455078,""rank"":5}]"
warmup,A,R0,431,DCBA,4,1,{,,[123],-0.017701268196105957,1,"[{""token"":""{"",""token_id"":null,""bytes"":[123],""logprob"":-0.017701268196105957,""rank"":1},{""token"":""{\"""",""token_id"":null,""bytes"":[123,34],""logprob"":-4.527174949645996,""rank"":2},{""token"":""```"",""token_id"":null,""bytes"":[96,96,96],""logprob"":-5.166430473327637,""rank"":3},{""token"":""{\\"",""token_id"":null,""bytes"":[123,92],""logprob"":-9.290816307067871,""rank"":4},{""token"":""{'"",""token_id"":null,""bytes"":[123,39],""logprob"":-9.338777542114258,""rank"":5}]"
warmup,A,R0,431,DCBA,4,2,"
",,[10],-0.0012813667999580503,1,"[{""token"":""\n"",""token_id"":null,""bytes"":[10],""logprob"":-0.0012813667999580503,""rank"":1},{""token"":"" \"""",""token_id"":null,""bytes"":[32,34],""logprob"":-6.833825588226318,""rank"":2},{""token"":""mode"",""token_id"":null,""bytes"":[109,111,100,101],""logprob"":-8.847938537597656,""rank"":3},{""token"":"" "",""token_id"":null,""bytes"":[32],""logprob"":-10.73855209350586,""rank"":4},{""token"":"" \n"",""token_id"":null,""bytes"":[32,10],""logprob"":-11.28103256225586,""rank"":5}]"
warmup,A,R0,431,DCBA,4,3, ,,[32],-0.00021930952789261937,1,"[{""token"":"" "",""token_id"":null,""bytes"":[32],""logprob"":-0.00021930952789261937,""rank"":1},{""token"":""\"""",""token_id"":null,""bytes"":[34],""logprob"":-8.988393783569336,""rank"":2},{""token"":"" \"""",""token_id"":null,""bytes"":[32,34],""logprob"":-9.370800018310547,""rank"":3},{""token"":""  \n"",""token_id"":null,""bytes"":[32,32,10],""logprob"":-13.117914199829102,""rank"":4},{""token"":""\""text"",""token_id"":null,""bytes"":[34,116,101,120,116],""logprob"":-13.223142623901367,""rank"":5}]"
warmup,A,R0,431,DCBA,4,4," """,,"[32,34]",-3.814704541582614e-06,1,"[{""token"":"" \"""",""token_id"":null,""bytes"":[32,34],""logprob"":-3.814704541582614e-06,""rank"":1},{""token"":"" \""_"",""token_id"":null,""bytes"":[32,34,95],""logprob"":-13.24009895324707,""rank"":2},{""token"":"" \""\\\"""",""token_id"":null,""bytes"":[32,34,92,34],""logprob"":-13.954038619995117,""rank"":3},{""token"":"" mode"",""token_id"":null,""bytes"":[32,109,111,100,101],""logprob"":-15.210006713867188,""rank"":4},{""token"":"" \""__"",""token_id"":null,""bytes"":[32,34,95,95],""logprob"":-15.355708122253418,""rank"":5}]"
warmup,A,R0,431,DCBA,4,5,mode,,"[109,111,100,101]",-0.00011563969746930525,1,"[{""token"":""mode"",""token_id"":null,""bytes"":[109,111,100,101],""logprob"":-0.00011563969746930525,""rank"":1},{""token"":""texte"",""token_id"":null,""bytes"":[116,101,120,116,101],""logprob"":-9.487587928771973,""rank"":2},{""token"":""\tmode"",""token_id"":null,""bytes"":[9,109,111,100,101],""logprob"":-12.448882102966309,""rank"":3},{""token"":""message"",""token_id"":null,""bytes"":[109,101,115,115,97,103,101],""logprob"":-12.675307273864746,""rank"":4},{""token"":""type"",""token_id"":null,""bytes"":[116,121,112,101],""logprob"":-12.780400276184082,""rank"":5}]"
warmup,A,R0,431,DCBA,4,6,""":",,"[34,58]",-5.960482212685747e-06,1,"[{""token"":""\"":"",""token_id"":null,""bytes"":[34,58],""logprob"":-5.960482212685747e-06,""rank"":1},{""token"":""\"":\"""",""token_id"":null,""bytes"":[34,58,34],""logprob"":-12.405611038208008,""rank"":2},{""token"":""\"""",""token_id"":null,""bytes"":[34],""logprob"":-13.86256217956543,""rank"":3},{""token"":""\"","",""token_id"":null,""bytes"":[34,44],""logprob"":-14.75390625,""rank"":4},{""token"":""':"",""token_id"":null,""bytes"":[39,58],""logprob"":-15.401510238647461,""rank"":5}]"
warmup,A,R0,431,DCBA,4,7," """,,"[32,34]",-6.878612475702539e-05,1,"[{""token"":"" \"""",""token_id"":null,""bytes"":[32,34],""logprob"":-6.878612475702539e-05,""rank"":1},{""token"":"" \""\"","",""token_id"":null,""bytes"":[32,34,34,44],""logprob"":-11.401308059692383,""rank"":2},{""token"":"" \""..."",""token_id"":null,""bytes"":[32,34,46,46,46],""logprob"":-11.616853713989258,""rank"":3},{""token"":"" parole"",""token_id"":null,""bytes"":[32,112,97,114,111,108,101],""logprob"":-11.877944946289062,""rank"":4},{""token"":"" \""\"""",""token_id"":null,""bytes"":[32,34,34],""logprob"":-12.042781829833984,""rank"":5}]"
warmup,A,R0,431,DCBA,4,8,sil,,"[115,105,108]",-0.6829010248184204,1,"[{""token"":""sil"",""token_id"":null,""bytes"":[115,105,108],""logprob"":-0.6829010248184204,""rank"":1},{""token"":""parole"",""token_id"":null,""bytes"":[112,97,114,111,108,101],""logprob"":-0.7116065621376038,""rank"":2},{""token"":""par"",""token_id"":null,""bytes"":[112,97,114],""logprob"":-7.376031398773193,""rank"":3},{""token"":""pare"",""token_id"":null,""bytes"":[112,97,114,101],""logprob"":-8.316965103149414,""rank"":4},{""token"":""s"",""token_id"":null,""bytes"":[115],""logprob"":-8.35165786743164,""rank"":5}]"
warmup,A,R0,431,DCBA,4,9,ence,,"[101,110,99,101]",-1.0728893357736524e-05,1,"[{""token"":""ence"",""token_id"":null,""bytes"":[101,110,99,101],""logprob"":-1.0728893357736524e-05,""rank"":1},{""token"":""ience"",""token_id"":null,""bytes"":[105,101,110,99,101],""logprob"":-11.881476402282715,""rank"":2},{""token"":""ance"",""token_id"":null,""bytes"":[97,110,99,101],""logprob"":-12.749621391296387,""rank"":3},{""token"":""enc"",""token_id"":null,""bytes"":[101,110,99],""logprob"":-15.021140098571777,""rank"":4},{""token"":""\"","",""token_id"":null,""bytes"":[34,44],""logprob"":-15.82038402557373,""rank"":5}]"
warmup,A,R0,431,DCBA,4,10,""",",,"[34,44]",-0.10400095582008362,1,"[{""token"":""\"","",""token_id"":null,""bytes"":[34,44],""logprob"":-0.10400095582008362,""rank"":1},{""token"":""\"""",""token_id"":null,""bytes"":[34],""logprob"":-2.3149843215942383,""rank"":2},{""token"":""\n"",""token_id"":null,""bytes"":[10],""logprob"":-12.798715591430664,""rank"":3},{""token"":""\""."",""token_id"":null,""bytes"":[34,46],""logprob"":-13.602818489074707,""rank"":4},{""token"":""\\\"","",""token_id"":null,""bytes"":[92,34,44],""logprob"":-14.086886405944824,""rank"":5}]"
warmup,A,R0,431,DCBA,4,11,"
",,[10],-4.529963462118758e-06,1,"[{""token"":""\n"",""token_id"":null,""bytes"":[10],""logprob"":-4.529963462118758e-06,""rank"":1},{""token"":"" \n"",""token_id"":null,""bytes"":[32,10],""logprob"":-12.82629108428955,""rank"":2},{""token"":"""",""token_id"":null,""bytes"":[],""logprob"":-14.03629207611084,""rank"":3},{""token"":""\n\n"",""token_id"":null,""bytes"":[10,10],""logprob"":-14.489842414855957,""rank"":4},{""token"":"" \"""",""token_id"":null,""bytes"":[32,34],""logprob"":-15.350348472595215,""rank"":5}]"
warmup,A,R0,431,DCBA,4,12, ,,[32],-4.768372718899627e-07,1,"[{""token"":"" "",""token_id"":null,""bytes"":[32],""logprob"":-4.768372718899627e-07,""rank"":1},{""token"":"" \"""",""token_id"":null,""bytes"":[32,34],""logprob"":-14.830775260925293,""rank"":2},{""token"":""  \n"",""token_id"":null,""bytes"":[32,32,10],""logprob"":-15.846244812011719,""rank"":3},{""token"":"" texte"",""token_id"":null,""bytes"":[32,116,101,120,116,101],""logprob"":-17.57489776611328,""rank"":4},{""token"":""\"":"",""token_id"":null,""bytes"":[34,58],""logprob"":-17.85828399658203,""rank"":5}]"
warmup,A,R0,431,DCBA,4,13," """,,"[32,34]",-2.7418175250204513e-06,1,"[{""token"":"" \"""",""token_id"":null,""bytes"":[32,34],""logprob"":-2.7418175250204513e-06,""rank"":1},{""token"":"" \""\"""",""token_id"":null,""bytes"":[32,34,34],""logprob"":-12.913479804992676,""rank"":2},{""token"":"" \""\\\"""",""token_id"":null,""bytes"":[32,34,92,34],""logprob"":-15.69869327545166,""rank"":3},{""token"":"" \""_"",""token_id"":null,""bytes"":[32,34,95],""logprob"":-16.026199340820312,""rank"":4},{""token"":"" \""."",""token_id"":null,""bytes"":[32,34,46],""logprob"":-16.689477920532227,""rank"":5}]"
warmup,A,R0,431,DCBA,4,14,texte,,"[116,101,120,116,101]",-0.0006296828505583107,1,"[{""token"":""texte"",""token_id"":null,""bytes"":[116,101,120,116,101],""logprob"":-0.0006296828505583107,""rank"":1},{""token"":""texto"",""token_id"":null,""bytes"":[116,101,120,116,111],""logprob"":-7.841743469238281,""rank"":2},{""token"":"" texte"",""token_id"":null,""bytes"":[32,116,101,120,116,101],""logprob"":-9.23090934753418,""rank"":3},{""token"":""texture"",""token_id"":null,""bytes"":[116,101,120,116,117,114,101],""logprob"":-10.990337371826172,""rank"":4},{""token"":""liste"",""token_id"":null,""bytes"":[108,105,115,116,101],""logprob"":-11.11802864074707,""rank"":5}]"
warmup,A,R0,431,DCBA,4,15,""":",,"[34,58]",-9.775209946383256e-06,1,"[{""token"":""\"":"",""token_id"":null,""bytes"":[34,58],""logprob"":-9.775209946383256e-06,""rank"":1},{""token"":""\"""",""token_id"":null,""bytes"":[34],""logprob"":-11.71143913269043,""rank"":2},{""token"":""\"":\""\"""",""token_id"":null,""bytes"":[34,58,34,34],""logprob"":-13.73509407043457,""rank"":3},{""token"":""\\\"":"",""token_id"":null,""bytes"":[92,34,58],""logprob"":-15.427671432495117,""rank"":4},{""token"":""\"":\"""",""token_id"":null,""bytes"":[34,58,34],""logprob"":-16.406694412231445,""rank"":5}]"
warmup,A,R0,431,DCBA,4,16," """"",,"[32,34,34]",-0.0034958957694470882,1,"[{""token"":"" \""\"""",""token_id"":null,""bytes"":[32,34,34],""logprob"":-0.0034958957694470882,""rank"":1},{""token"":"" \"""",""token_id"":null,""bytes"":[32,34],""logprob"":-5.9778056144714355,""rank"":2},{""token"":"" null"",""token_id"":null,""bytes"":[32,110,117,108,108],""logprob"":-7.4228434562683105,""rank"":3},{""token"":"" \""\"","",""token_id"":null,""bytes"":[32,34,34,44],""logprob"":-8.4609375,""rank"":4},{""token"":"" \""\\\"""",""token_id"":null,""bytes"":[32,34,92,34],""logprob"":-9.420413970947266,""rank"":5}]"
warmup,A,R0,431,DCBA,4,17,"
",,[10],-9.536747711536009e-07,1,"[{""token"":""\n"",""token_id"":null,""bytes"":[10],""logprob"":-9.536747711536009e-07,""rank"":1},{""token"":"""",""token_id"":null,""bytes"":[],""logprob"":-14.770174026489258,""rank"":2},{""token"":"" \n"",""token_id"":null,""bytes"":[32,10],""logprob"":-14.94002914428711,""rank"":3},{""token"":""\n\n"",""token_id"":null,""bytes"":[10,10],""logprob"":-15.378928184509277,""rank"":4},{""token"":""\n\n\n"",""token_id"":null,""bytes"":[10,10,10],""logprob"":-18.373306274414062,""rank"":5}]"
warmup,A,R0,431,DCBA,4,18,},,[125],-2.5033982637978625e-06,1,"[{""token"":""}"",""token_id"":null,""bytes"":[125],""logprob"":-2.5033982637978625e-06,""rank"":1},{""token"":""},"",""token_id"":null,""bytes"":[125,44],""logprob"":-13.417893409729004,""rank"":2},{""token"":""}\"""",""token_id"":null,""bytes"":[125,34],""logprob"":-14.308489799499512,""rank"":3},{""token"":""}'"",""token_id"":null,""bytes"":[125,39],""logprob"":-14.59435749053955,""rank"":4},{""token"":""}`"",""token_id"":null,""bytes"":[125,96],""logprob"":-16.7717342376709,""rank"":5}]"
main,A,R0,424,ABCD,1,1,{,,[123],-0.017701268196105957,1,"[{""token"":""{"",""token_id"":null,""bytes"":[123],""logprob"":-0.017701268196105957,""rank"":1},{""token"":""{\"""",""token_id"":null,""bytes"":[123,34],""logprob"":-4.527174949645996,""rank"":2},{""token"":""```"",""token_id"":null,""bytes"":[96,96,96],""logprob"":-5.166430473327637,""rank"":3},{""token"":""{\\"",""token_id"":null,""bytes"":[123,92],""logprob"":-9.290816307067871,""rank"":4},{""token"":""{'"",""token_id"":null,""bytes"":[123,39],""logprob"":-9.338777542114258,""rank"":5}]"
main,A,R0,424,ABCD,1,2,"
",,[10],-0.0012813667999580503,1,"[{""token"":""\n"",""token_id"":null,""bytes"":[10],""logprob"":-0.0012813667999580503,""rank"":1},{""token"":"" \"""",""token_id"":null,""bytes"":[32,34],""logprob"":-6.833825588226318,""rank"":2},{""token"":""mode"",""token_id"":null,""bytes"":[109,111,100,101],""logprob"":-8.847938537597656,""rank"":3},{""token"":"" "",""token_id"":null,""bytes"":[32],""logprob"":-10.73855209350586,""rank"":4},{""token"":"" \n"",""token_id"":null,""bytes"":[32,10],""logprob"":-11.28103256225586,""rank"":5}]"
main,A,R0,424,ABCD,1,3, ,,[32],-0.00021930952789261937,1,"[{""token"":"" "",""token_id"":null,""bytes"":[32],""logprob"":-0.00021930952789261937,""rank"":1},{""token"":""\"""",""token_id"":null,""bytes"":[34],""logprob"":-8.988393783569336,""rank"":2},{""token"":"" \"""",""token_id"":null,""bytes"":[32,34],""logprob"":-9.370800018310547,""rank"":3},{""token"":""  \n"",""token_id"":null,""bytes"":[32,32,10],""logprob"":-13.117914199829102,""rank"":4},{""token"":""\""text"",""token_id"":null,""bytes"":[34,116,101,120,116],""logprob"":-13.223142623901367,""rank"":5}]"
main,A,R0,424,ABCD,1,4," """,,"[32,34]",-3.814704541582614e-06,1,"[{""token"":"" \"""",""token_id"":null,""bytes"":[32,34],""logprob"":-3.814704541582614e-06,""rank"":1},{""token"":"" \""_"",""token_id"":null,""bytes"":[32,34,95],""logprob"":-13.24009895324707,""rank"":2},{""token"":"" \""\\\"""",""token_id"":null,""bytes"":[32,34,92,34],""logprob"":-13.954038619995117,""rank"":3},{""token"":"" mode"",""token_id"":null,""bytes"":[32,109,111,100,101],""logprob"":-15.210006713867188,""rank"":4},{""token"":"" \""__"",""token_id"":null,""bytes"":[32,34,95,95],""logprob"":-15.355708122253418,""rank"":5}]"
main,A,R0,424,ABCD,1,5,mode,,"[109,111,100,101]",-0.00011563969746930525,1,"[{""token"":""mode"",""token_id"":null,""bytes"":[109,111,100,101],""logprob"":-0.00011563969746930525,""rank"":1},{""token"":""texte"",""token_id"":null,""bytes"":[116,101,120,116,101],""logprob"":-9.487587928771973,""rank"":2},{""token"":""\tmode"",""token_id"":null,""bytes"":[9,109,111,100,101],""logprob"":-12.448882102966309,""rank"":3},{""token"":""message"",""token_id"":null,""bytes"":[109,101,115,115,97,103,101],""logprob"":-12.675307273864746,""rank"":4},{""token"":""type"",""token_id"":null,""bytes"":[116,121,112,101],""logprob"":-12.780400276184082,""rank"":5}]"
main,A,R0,424,ABCD,1,6,""":",,"[34,58]",-5.960482212685747e-06,1,"[{""token"":""\"":"",""token_id"":null,""bytes"":[34,58],""logprob"":-5.960482212685747e-06,""rank"":1},{""token"":""\"":\"""",""token_id"":null,""bytes"":[34,58,34],""logprob"":-12.405611038208008,""rank"":2},{""token"":""\"""",""token_id"":null,""bytes"":[34],""logprob"":-13.86256217956543,""rank"":3},{""token"":""\"","",""token_id"":null,""bytes"":[34,44],""logprob"":-14.75390625,""rank"":4},{""token"":""':"",""token_id"":null,""bytes"":[39,58],""logprob"":-15.401510238647461,""rank"":5}]"
main,A,R0,424,ABCD,1,7," """,,"[32,34]",-6.878612475702539e-05,1,"[{""token"":"" \"""",""token_id"":null,""bytes"":[32,34],""logprob"":-6.878612475702539e-05,""rank"":1},{""token"":"" \""\"","",""token_id"":null,""bytes"":[32,34,34,44],""logprob"":-11.401308059692383,""rank"":2},{""token"":"" \""..."",""token_id"":null,""bytes"":[32,34,46,46,46],""logprob"":-11.616853713989258,""rank"":3},{""token"":"" parole"",""token_id"":null,""bytes"":[32,112,97,114,111,108,101],""logprob"":-11.877944946289062,""rank"":4},{""token"":"" \""\"""",""token_id"":null,""bytes"":[32,34,34],""logprob"":-12.042781829833984,""rank"":5}]"
main,A,R0,424,ABCD,1,8,sil,,"[115,105,108]",-0.6829010248184204,1,"[{""token"":""sil"",""token_id"":null,""bytes"":[115,105,108],""logprob"":-0.6829010248184204,""rank"":1},{""token"":""parole"",""token_id"":null,""bytes"":[112,97,114,111,108,101],""logprob"":-0.7116065621376038,""rank"":2},{""token"":""par"",""token_id"":null,""bytes"":[112,97,114],""logprob"":-7.376031398773193,""rank"":3},{""token"":""pare"",""token_id"":null,""bytes"":[112,97,114,101],""logprob"":-8.316965103149414,""rank"":4},{""token"":""s"",""token_id"":null,""bytes"":[115],""logprob"":-8.35165786743164,""rank"":5}]"
main,A,R0,424,ABCD,1,9,ence,,"[101,110,99,101]",-1.0728893357736524e-05,1,"[{""token"":""ence"",""token_id"":null,""bytes"":[101,110,99,101],""logprob"":-1.0728893357736524e-05,""rank"":1},{""token"":""ience"",""token_id"":null,""bytes"":[105,101,110,99,101],""logprob"":-11.881476402282715,""rank"":2},{""token"":""ance"",""token_id"":null,""bytes"":[97,110,99,101],""logprob"":-12.749621391296387,""rank"":3},{""token"":""enc"",""token_id"":null,""bytes"":[101,110,99],""logprob"":-15.021140098571777,""rank"":4},{""token"":""\"","",""token_id"":null,""bytes"":[34,44],""logprob"":-15.82038402557373,""rank"":5}]"
main,A,R0,424,ABCD,1,10,""",",,"[34,44]",-0.10400095582008362,1,"[{""token"":""\"","",""token_id"":null,""bytes"":[34,44],""logprob"":-0.10400095582008362,""rank"":1},{""token"":""\"""",""token_id"":null,""bytes"":[34],""logprob"":-2.3149843215942383,""rank"":2},{""token"":""\n"",""token_id"":null,""bytes"":[10],""logprob"":-12.798715591430664,""rank"":3},{""token"":""\""."",""token_id"":null,""bytes"":[34,46],""logprob"":-13.602818489074707,""rank"":4},{""token"":""\\\"","",""token_id"":null,""bytes"":[92,34,44],""logprob"":-14.086886405944824,""rank"":5}]"
main,A,R0,424,ABCD,1,11,"
",,[10],-4.529963462118758e-06,1,"[{""token"":""\n"",""token_id"":null,""bytes"":[10],""logprob"":-4.529963462118758e-06,""rank"":1},{""token"":"" \n"",""token_id"":null,""bytes"":[32,10],""logprob"":-12.82629108428955,""rank"":2},{""token"":"""",""token_id"":null,""bytes"":[],""logprob"":-14.03629207611084,""rank"":3},{""token"":""\n\n"",""token_id"":null,""bytes"":[10,10],""logprob"":-14.489842414855957,""rank"":4},{""token"":"" \"""",""token_id"":null,""bytes"":[32,34],""logprob"":-15.350348472595215,""rank"":5}]"
main,A,R0,424,ABCD,1,12, ,,[32],-4.768372718899627e-07,1,"[{""token"":"" "",""token_id"":null,""bytes"":[32],""logprob"":-4.768372718899627e-07,""rank"":1},{""token"":"" \"""",""token_id"":null,""bytes"":[32,34],""logprob"":-14.830775260925293,""rank"":2},{""token"":""  \n"",""token_id"":null,""bytes"":[32,32,10],""logprob"":-15.846244812011719,""rank"":3},{""token"":"" texte"",""token_id"":null,""bytes"":[32,116,101,120,116,101],""logprob"":-17.57489776611328,""rank"":4},{""token"":""\"":"",""token_id"":null,""bytes"":[34,58],""logprob"":-17.85828399658203,""rank"":5}]"
main,A,R0,424,ABCD,1,13," """,,"[32,34]",-2.7418175250204513e-06,1,"[{""token"":"" \"""",""token_id"":null,""bytes"":[32,34],""logprob"":-2.7418175250204513e-06,""rank"":1},{""token"":"" \""\"""",""token_id"":null,""bytes"":[32,34,34],""logprob"":-12.913479804992676,""rank"":2},{""token"":"" \""\\\"""",""token_id"":null,""bytes"":[32,34,92,34],""logprob"":-15.69869327545166,""rank"":3},{""token"":"" \""_"",""token_id"":null,""bytes"":[32,34,95],""logprob"":-16.026199340820312,""rank"":4},{""token"":"" \""."",""token_id"":null,""bytes"":[32,34,46],""logprob"":-16.689477920532227,""rank"":5}]"
main,A,R0,424,ABCD,1,14,texte,,"[116,101,120,116,101]",-0.0006296828505583107,1,"[{""token"":""texte"",""token_id"":null,""bytes"":[116,101,120,116,101],""logprob"":-0.0006296828505583107,""rank"":1},{""token"":""texto"",""token_id"":null,""bytes"":[116,101,120,116,111],""logprob"":-7.841743469238281,""rank"":2},{""token"":"" texte"",""token_id"":null,""bytes"":[32,116,101,120,116,101],""logprob"":-9.23090934753418,""rank"":3},{""token"":""texture"",""token_id"":null,""bytes"":[116,101,120,116,117,114,101],""logprob"":-10.990337371826172,""rank"":4},{""token"":""liste"",""token_id"":null,""bytes"":[108,105,115,116,101],""logprob"":-11.11802864074707,""rank"":5}]"
main,A,R0,424,ABCD,1,15,""":",,"[34,58]",-9.775209946383256e-06,1,"[{""token"":""\"":"",""token_id"":null,""bytes"":[34,58],""logprob"":-9.775209946383256e-06,""rank"":1},{""token"":""\"""",""token_id"":null,""bytes"":[34],""logprob"":-11.71143913269043,""rank"":2},{""token"":""\"":\""\"""",""token_id"":null,""bytes"":[34,58,34,34],""logprob"":-13.73509407043457,""rank"":3},{""token"":""\\\"":"",""token_id"":null,""bytes"":[92,34,58],""logprob"":-15.427671432495117,""rank"":4},{""token"":""\"":\"""",""token_id"":null,""bytes"":[34,58,34],""logprob"":-16.406694412231445,""rank"":5}]"
main,A,R0,424,ABCD,1,16," """"",,"[32,34,34]",-0.0034958957694470882,1,"[{""token"":"" \""\"""",""token_id"":null,""bytes"":[32,34,34],""logprob"":-0.0034958957694470882,""rank"":1},{""token"":"" \"""",""token_id"":null,""bytes"":[32,34],""logprob"":-5.9778056144714355,""rank"":2},{""token"":"" null"",""token_id"":null,""bytes"":[32,110,117,108,108],""logprob"":-7.4228434562683105,""rank"":3},{""token"":"" \""\"","",""token_id"":null,""bytes"":[32,34,34,44],""logprob"":-8.4609375,""rank"":4},{""token"":"" \""\\\"""",""token_id"":null,""bytes"":[32,34,92,34],""logprob"":-9.420413970947266,""rank"":5}]"
main,A,R0,424,ABCD,1,17,"
",,[10],-9.536747711536009e-07,1,"[{""token"":""\n"",""token_id"":null,""bytes"":[10],""logprob"":-9.536747711536009e-07,""rank"":1},{""token"":"""",""token_id"":null,""bytes"":[],""logprob"":-14.770174026489258,""rank"":2},{""token"":"" \n"",""token_id"":null,""bytes"":[32,10],""logprob"":-14.94002914428711,""rank"":3},{""token"":""\n\n"",""token_id"":null,""bytes"":[10,10],""logprob"":-15.378928184509277,""rank"":4},{""token"":""\n\n\n"",""token_id"":null,""bytes"":[10,10,10],""logprob"":-18.373306274414062,""rank"":5}]"
main,A,R0,424,ABCD,1,18,},,[125],-2.5033982637978625e-06,1,"[{""token"":""}"",""token_id"":null,""bytes"":[125],""logprob"":-2.5033982637978625e-06,""rank"":1},{""token"":""},"",""token_id"":null,""bytes"":[125,44],""logprob"":-13.417893409729004,""rank"":2},{""token"":""}\"""",""token_id"":null,""bytes"":[125,34],""logprob"":-14.308489799499512,""rank"":3},{""token"":""}'"",""token_id"":null,""bytes"":[125,39],""logprob"":-14.59435749053955,""rank"":4},{""token"":""}`"",""token_id"":null,""bytes"":[125,96],""logprob"":-16.7717342376709,""rank"":5}]"
main,B,R7,424,ABCD,2,1,{,,[123],-0.02172425016760826,1,"[{""token"":""{"",""token_id"":null,""bytes"":[123],""logprob"":-0.02172425016760826,""rank"":1},{""token"":""{\"""",""token_id"":null,""bytes"":[123,34],""logprob"":-4.228072643280029,""rank"":2},{""token"":""```"",""token_id"":null,""bytes"":[96,96,96],""logprob"":-5.131930828094482,""rank"":3},{""token"":""{\\\"""",""token_id"":null,""bytes"":[123,92,34],""logprob"":-9.165180206298828,""rank"":4},{""token"":""{\\"",""token_id"":null,""bytes"":[123,92],""logprob"":-9.315994262695312,""rank"":5}]"
main,B,R7,424,ABCD,2,2,"
",,[10],-0.0008808079874143004,1,"[{""token"":""\n"",""token_id"":null,""bytes"":[10],""logprob"":-0.0008808079874143004,""rank"":1},{""token"":"" \"""",""token_id"":null,""bytes"":[32,34],""logprob"":-7.27277135848999,""rank"":2},{""token"":""mode"",""token_id"":null,""bytes"":[109,111,100,101],""logprob"":-8.902280807495117,""rank"":3},{""token"":"" "",""token_id"":null,""bytes"":[32],""logprob"":-10.787778854370117,""rank"":4},{""token"":"" \n"",""token_id"":null,""bytes"":[32,10],""logprob"":-11.593488693237305,""rank"":5}]"
main,B,R7,424,ABCD,2,3, ,,[32],-0.0002201441820943728,1,"[{""token"":"" "",""token_id"":null,""bytes"":[32],""logprob"":-0.0002201441820943728,""rank"":1},{""token"":""\"""",""token_id"":null,""bytes"":[34],""logprob"":-8.98767375946045,""rank"":2},{""token"":"" \"""",""token_id"":null,""bytes"":[32,34],""logprob"":-9.363957405090332,""rank"":3},{""token"":""\""text"",""token_id"":null,""bytes"":[34,116,101,120,116],""logprob"":-13.119736671447754,""rank"":4},{""token"":""  \n"",""token_id"":null,""bytes"":[32,32,10],""logprob"":-13.16612720489502,""rank"":5}]"
main,B,R7,424,ABCD,2,4," """,,"[32,34]",-4.172333774477011e-06,1,"[{""token"":"" \"""",""token_id"":null,""bytes"":[32,34],""logprob"":-4.172333774477011e-06,""rank"":1},{""token"":"" \""_"",""token_id"":null,""bytes"":[32,34,95],""logprob"":-13.113958358764648,""rank"":2},{""token"":"" \""\\\"""",""token_id"":null,""bytes"":[32,34,92,34],""logprob"":-13.908227920532227,""rank"":3},{""token"":"" \""__"",""token_id"":null,""bytes"":[32,34,95,95],""logprob"":-15.388980865478516,""rank"":4},{""token"":"" mode"",""token_id"":null,""bytes"":[32,109,111,100,101],""logprob"":-15.449271202087402,""rank"":5}]"
main,B,R7,424,ABCD,2,5,mode,,"[109,111,100,101]",-0.00011707037629093975,1,"[{""token"":""mode"",""token_id"":null,""bytes"":[109,111,100,101],""logprob"":-0.00011707037629093975,""rank"":1},{""token"":""texte"",""token_id"":null,""bytes"":[116,101,120,116,101],""logprob"":-9.493277549743652,""rank"":2},{""token"":""\tmode"",""token_id"":null,""bytes"":[9,109,111,100,101],""logprob"":-12.450518608093262,""rank"":3},{""token"":""message"",""token_id"":null,""bytes"":[109,101,115,115,97,103,101],""logprob"":-12.52582836151123,""rank"":4},{""token"":""type"",""token_id"":null,""bytes"":[116,121,112,101],""logprob"":-12.704558372497559,""rank"":5}]"
main,B,R7,424,ABCD,2,6,""":",,"[34,58]",-6.318112355074845e-06,1,"[{""token"":""\"":"",""token_id"":null,""bytes"":[34,58],""logprob"":-6.318112355074845e-06,""rank"":1},{""token"":""\"":\"""",""token_id"":null,""bytes"":[34,58,34],""logprob"":-12.400069236755371,""rank"":2},{""token"":""\"""",""token_id"":null,""bytes"":[34],""logprob"":-13.777251243591309,""rank"":3},{""token"":""\"","",""token_id"":null,""bytes"":[34,44],""logprob"":-14.631165504455566,""rank"":4},{""token"":""':"",""token_id"":null,""bytes"":[39,58],""logprob"":-15.456767082214355,""rank"":5}]"
main,B,R7,424,ABCD,2,7," """,,"[32,34]",-6.84284750605002e-05,1,"[{""token"":"" \"""",""token_id"":null,""bytes"":[32,34],""logprob"":-6.84284750605002e-05,""rank"":1},{""token"":"" \""\"","",""token_id"":null,""bytes"":[32,34,34,44],""logprob"":-11.380424499511719,""rank"":2},{""token"":"" \""..."",""token_id"":null,""bytes"":[32,34,46,46,46],""logprob"":-11.570703506469727,""rank"":3},{""token"":"" parole"",""token_id"":null,""bytes"":[32,112,97,114,111,108,101],""logprob"":-11.879776000976562,""rank"":4},{""token"":"" \""\"""",""token_id"":null,""bytes"":[32,34,34],""logprob"":-12.034069061279297,""rank"":5}]"
main,B,R7,424,ABCD,2,8,sil,,"[115,105,108]",-0.6785305142402649,1,"[{""token"":""sil"",""token_id"":null,""bytes"":[115,105,108],""logprob"":-0.6785305142402649,""rank"":1},{""token"":""parole"",""token_id"":null,""bytes"":[112,97,114,111,108,101],""logprob"":-0.7165859341621399,""rank"":2},{""token"":""par"",""token_id"":null,""bytes"":[112,97,114],""logprob"":-7.273228645324707,""rank"":3},{""token"":""pare"",""token_id"":null,""bytes"":[112,97,114,101],""logprob"":-8.244132041931152,""rank"":4},{""token"":""s"",""token_id"":null,""bytes"":[115],""logprob"":-8.282027244567871,""rank"":5}]"
main,B,R7,424,ABCD,2,9,ence,,"[101,110,99,101]",-9.179157132166438e-06,1,"[{""token"":""ence"",""token_id"":null,""bytes"":[101,110,99,101],""logprob"":-9.179157132166438e-06,""rank"":1},{""token"":""ience"",""token_id"":null,""bytes"":[105,101,110,99,101],""logprob"":-12.033693313598633,""rank"":2},{""token"":""ance"",""token_id"":null,""bytes"":[97,110,99,101],""logprob"":-12.892942428588867,""rank"":3},{""token"":""enc"",""token_id"":null,""bytes"":[101,110,99],""logprob"":-15.13233757019043,""rank"":4},{""token"":""ences"",""token_id"":null,""bytes"":[101,110,99,101,115],""logprob"":-15.992465019226074,""rank"":5}]"
main,B,R7,424,ABCD,2,10,""",",,"[34,44]",-0.10652503371238708,1,"[{""token"":""\"","",""token_id"":null,""bytes"":[34,44],""logprob"":-0.10652503371238708,""rank"":1},{""token"":""\"""",""token_id"":null,""bytes"":[34],""logprob"":-2.292224407196045,""rank"":2},{""token"":""\n"",""token_id"":null,""bytes"":[10],""logprob"":-13.167221069335938,""rank"":3},{""token"":""\""."",""token_id"":null,""bytes"":[34,46],""logprob"":-13.745504379272461,""rank"":4},{""token"":""\\\"","",""token_id"":null,""bytes"":[92,34,44],""logprob"":-14.183154106140137,""rank"":5}]"
main,B,R7,424,ABCD,2,11,"
",,[10],-4.0531240301788785e-06,1,"[{""token"":""\n"",""token_id"":null,""bytes"":[10],""logprob"":-4.0531240301788785e-06,""rank"":1},{""token"":"" \n"",""token_id"":null,""bytes"":[32,10],""logprob"":-12.90800666809082,""rank"":2},{""token"":"""",""token_id"":null,""bytes"":[],""logprob"":-14.16970443725586,""rank"":3},{""token"":""\n\n"",""token_id"":null,""bytes"":[10,10],""logprob"":-14.509121894836426,""rank"":4},{""token"":"" \"""",""token_id"":null,""bytes"":[32,34],""logprob"":-15.510653495788574,""rank"":5}]"
main,B,R7,424,ABCD,2,12, ,,[32],-4.768372718899627e-07,1,"[{""token"":"" "",""token_id"":null,""bytes"":[32],""logprob"":-4.768372718899627e-07,""rank"":1},{""token"":"" \"""",""token_id"":null,""bytes"":[32,34],""logprob"":-15.015575408935547,""rank"":2},{""token"":""  \n"",""token_id"":null,""bytes"":[32,32,10],""logprob"":-15.97124195098877,""rank"":3},{""token"":"" texte"",""token_id"":null,""bytes"":[32,116,101,120,116,101],""logprob"":-17.74969482421875,""rank"":4},{""token"":""   "",""token_id"":null,""bytes"":[32,32,32],""logprob"":-18.280445098876953,""rank"":5}]"
main,B,R7,424,ABCD,2,13," """,,"[32,34]",-2.0265599687263602e-06,1,"[{""token"":"" \"""",""token_id"":null,""bytes"":[32,34],""logprob"":-2.0265599687263602e-06,""rank"":1},{""token"":"" \""\"""",""token_id"":null,""bytes"":[32,34,34],""logprob"":-13.223140716552734,""rank"":2},{""token"":"" \""\\\"""",""token_id"":null,""bytes"":[32,34,92,34],""logprob"":-15.966304779052734,""rank"":3},{""token"":"" \""_"",""token_id"":null,""bytes"":[32,34,95],""logprob"":-16.198970794677734,""rank"":4},{""token"":"" \""..."",""token_id"":null,""bytes"":[32,34,46,46,46],""logprob"":-16.936288833618164,""rank"":5}]"
main,B,R7,424,ABCD,2,14,texte,,"[116,101,120,116,101]",-0.000649364956188947,1,"[{""token"":""texte"",""token_id"":null,""bytes"":[116,101,120,116,101],""logprob"":-0.000649364956188947,""rank"":1},{""token"":""texto"",""token_id"":null,""bytes"":[116,101,120,116,111],""logprob"":-7.792206764221191,""rank"":2},{""token"":"" texte"",""token_id"":null,""bytes"":[32,116,101,120,116,101],""logprob"":-9.244690895080566,""rank"":3},{""token"":""texture"",""token_id"":null,""bytes"":[116,101,120,116,117,114,101],""logprob"":-10.890830039978027,""rank"":4},{""token"":""text"",""token_id"":null,""bytes"":[116,101,120,116],""logprob"":-11.115731239318848,""rank"":5}]"
main,B,R7,424,ABCD,2,15,""":",,"[34,58]",-1.0848104466276709e-05,1,"[{""token"":""\"":"",""token_id"":null,""bytes"":[34,58],""logprob"":-1.0848104466276709e-05,""rank"":1},{""token"":""\"""",""token_id"":null,""bytes"":[34],""logprob"":-11.591935157775879,""rank"":2},{""token"":""\"":\""\"""",""token_id"":null,""bytes"":[34,58,34,34],""logprob"":-13.789422035217285,""rank"":3},{""token"":""\\\"":"",""token_id"":null,""bytes"":[92,34,58],""logprob"":-15.505274772644043,""rank"":4},{""token"":""\"":\"""",""token_id"":null,""bytes"":[34,58,34],""logprob"":-16.480609893798828,""rank"":5}]"
main,B,R7,424,ABCD,2,16," """"",,"[32,34,34]",-0.0031248226296156645,1,"[{""token"":"" \""\"""",""token_id"":null,""bytes"":[32,34,34],""logprob"":-0.0031248226296156645,""rank"":1},{""token"":"" \"""",""token_id"":null,""bytes"":[32,34],""logprob"":-6.100138187408447,""rank"":2},{""token"":"" null"",""token_id"":null,""bytes"":[32,110,117,108,108],""logprob"":-7.526052951812744,""rank"":3},{""token"":"" \""\"","",""token_id"":null,""bytes"":[32,34,34,44],""logprob"":-8.518841743469238,""rank"":4},{""token"":"" \""\\\"""",""token_id"":null,""bytes"":[32,34,92,34],""logprob"":-9.442099571228027,""rank"":5}]"
main,B,R7,424,ABCD,2,17,"
",,[10],-8.344653679159819e-07,1,"[{""token"":""\n"",""token_id"":null,""bytes"":[10],""logprob"":-8.344653679159819e-07,""rank"":1},{""token"":"""",""token_id"":null,""bytes"":[],""logprob"":-14.898009300231934,""rank"":2},{""token"":"" \n"",""token_id"":null,""bytes"":[32,10],""logprob"":-15.026812553405762,""rank"":3},{""token"":""\n\n"",""token_id"":null,""bytes"":[10,10],""logprob"":-15.510147094726562,""rank"":4},{""token"":""\n\n\n"",""token_id"":null,""bytes"":[10,10,10],""logprob"":-18.452171325683594,""rank"":5}]"
main,B,R7,424,ABCD,2,18,},,[125],-2.5033982637978625e-06,1,"[{""token"":""}"",""token_id"":null,""bytes"":[125],""logprob"":-2.5033982637978625e-06,""rank"":1},{""token"":""},"",""token_id"":null,""bytes"":[125,44],""logprob"":-13.412047386169434,""rank"":2},{""token"":""}\"""",""token_id"":null,""bytes"":[125,34],""logprob"":-14.420966148376465,""rank"":3},{""token"":""}'"",""token_id"":null,""bytes"":[125,39],""logprob"":-14.732012748718262,""rank"":4},{""token"":""}`"",""token_id"":null,""bytes"":[125,96],""logprob"":-16.944538116455078,""rank"":5}]"
main,C,K0,424,ABCD,3,1,{,,[123],-0.022347530350089073,1,"[{""token"":""{"",""token_id"":null,""bytes"":[123],""logprob"":-0.022347530350089073,""rank"":1},{""token"":""{\"""",""token_id"":null,""bytes"":[123,34],""logprob"":-4.103880882263184,""rank"":2},{""token"":""```"",""token_id"":null,""bytes"":[96,96,96],""logprob"":-5.384608268737793,""rank"":3},{""token"":""{\\\"""",""token_id"":null,""bytes"":[123,92,34],""logprob"":-9.20559310913086,""rank"":4},{""token"":""{}"",""token_id"":null,""bytes"":[123,125],""logprob"":-9.365748405456543,""rank"":5}]"
main,C,K0,424,ABCD,3,2,"
",,[10],-0.0010407617082819343,1,"[{""token"":""\n"",""token_id"":null,""bytes"":[10],""logprob"":-0.0010407617082819343,""rank"":1},{""token"":"" \"""",""token_id"":null,""bytes"":[32,34],""logprob"":-7.071502208709717,""rank"":2},{""token"":""mode"",""token_id"":null,""bytes"":[109,111,100,101],""logprob"":-8.883734703063965,""rank"":3},{""token"":"" "",""token_id"":null,""bytes"":[32],""logprob"":-10.773819923400879,""rank"":4},{""token"":"" \n"",""token_id"":null,""bytes"":[32,10],""logprob"":-11.489826202392578,""rank"":5}]"
main,C,K0,424,ABCD,3,3, ,,[32],-0.00021775947243440896,1,"[{""token"":"" "",""token_id"":null,""bytes"":[32],""logprob"":-0.00021775947243440896,""rank"":1},{""token"":""\"""",""token_id"":null,""bytes"":[34],""logprob"":-9.088756561279297,""rank"":2},{""token"":"" \"""",""token_id"":null,""bytes"":[32,34],""logprob"":-9.261333465576172,""rank"":3},{""token"":""\""text"",""token_id"":null,""bytes"":[34,116,101,120,116],""logprob"":-13.031827926635742,""rank"":4},{""token"":""  \n"",""token_id"":null,""bytes"":[32,32,10],""logprob"":-13.105371475219727,""rank"":5}]"
main,C,K0,424,ABCD,3,4," """,,"[32,34]",-3.218656047465629e-06,1,"[{""token"":"" \"""",""token_id"":null,""bytes"":[32,34],""logprob"":-3.218656047465629e-06,""rank"":1},{""token"":"" \""_"",""token_id"":null,""bytes"":[32,34,95],""logprob"":-13.295794486999512,""rank"":2},{""token"":"" \""\\\"""",""token_id"":null,""bytes"":[32,34,92,34],""logprob"":-14.324239730834961,""rank"":3},{""token"":"" mode"",""token_id"":null,""bytes"":[32,109,111,100,101],""logprob"":-15.079508781433105,""rank"":4},{""token"":"" \""__"",""token_id"":null,""bytes"":[32,34,95,95],""logprob"":-15.397425651550293,""rank"":5}]"
main,C,K0,424,ABCD,3,5,mode,,"[109,111,100,101]",-0.00011695115244947374,1,"[{""token"":""mode"",""token_id"":null,""bytes"":[109,111,100,101],""logprob"":-0.00011695115244947374,""rank"":1},{""token"":""texte"",""token_id"":null,""bytes"":[116,101,120,116,101],""logprob"":-9.467223167419434,""rank"":2},{""token"":""\tmode"",""token_id"":null,""bytes"":[9,109,111,100,101],""logprob"":-12.454880714416504,""rank"":3},{""token"":""message"",""token_id"":null,""bytes"":[109,101,115,115,97,103,101],""logprob"":-12.663521766662598,""rank"":4},{""token"":""type"",""token_id"":null,""bytes"":[116,121,112,101],""logprob"":-12.774247169494629,""rank"":5}]"
main,C,K0,424,ABCD,3,6,""":",,"[34,58]",-5.722062269342132e-06,1,"[{""token"":""\"":"",""token_id"":null,""bytes"":[34,58],""logprob"":-5.722062269342132e-06,""rank"":1},{""token"":""\"":\"""",""token_id"":null,""bytes"":[34,58,34],""logprob"":-12.455028533935547,""rank"":2},{""token"":""\"""",""token_id"":null,""bytes"":[34],""logprob"":-14.045772552490234,""rank"":3},{""token"":""\"","",""token_id"":null,""bytes"":[34,44],""logprob"":-14.704669952392578,""rank"":4},{""token"":""':"",""token_id"":null,""bytes"":[39,58],""logprob"":-15.434219360351562,""rank"":5}]"
main,C,K0,424,ABCD,3,7," """,,"[32,34]",-6.580569606740028e-05,1,"[{""token"":"" \"""",""token_id"":null,""bytes"":[32,34],""logprob"":-6.580569606740028e-05,""rank"":1},{""token"":"" \""\"","",""token_id"":null,""bytes"":[32,34,34,44],""logprob"":-11.462050437927246,""rank"":2},{""token"":"" \""..."",""token_id"":null,""bytes"":[32,34,46,46,46],""logprob"":-11.589383125305176,""rank"":3},{""token"":"" parole"",""token_id"":null,""bytes"":[32,112,97,114,111,108,101],""logprob"":-11.91740894317627,""rank"":4},{""token"":"" \""\"""",""token_id"":null,""bytes"":[32,34,34],""logprob"":-12.049454689025879,""rank"":5}]"
main,C,K0,424,ABCD,3,8,sil,,"[115,105,108]",-0.6199643015861511,1,"[{""token"":""sil"",""token_id"":null,""bytes"":[115,105,108],""logprob"":-0.6199643015861511,""rank"":1},{""token"":""parole"",""token_id"":null,""bytes"":[112,97,114,111,108,101],""logprob"":-0.7807443141937256,""rank"":2},{""token"":""par"",""token_id"":null,""bytes"":[112,97,114],""logprob"":-7.385531902313232,""rank"":3},{""token"":"" parole"",""token_id"":null,""bytes"":[32,112,97,114,111,108,101],""logprob"":-8.325679779052734,""rank"":4},{""token"":""pare"",""token_id"":null,""bytes"":[112,97,114,101],""logprob"":-8.352705001831055,""rank"":5}]"
main,C,K0,424,ABCD,3,9,ence,,"[101,110,99,101]",-9.775209946383256e-06,1,"[{""token"":""ence"",""token_id"":null,""bytes"":[101,110,99,101],""logprob"":-9.775209946383256e-06,""rank"":1},{""token"":""ience"",""token_id"":null,""bytes"":[105,101,110,99,101],""logprob"":-11.912710189819336,""rank"":2},{""token"":""ance"",""token_id"":null,""bytes"":[97,110,99,101],""logprob"":-12.932533264160156,""rank"":3},{""token"":""enc"",""token_id"":null,""bytes"":[101,110,99],""logprob"":-15.216045379638672,""rank"":4},{""token"":""\"","",""token_id"":null,""bytes"":[34,44],""logprob"":-16.03968620300293,""rank"":5}]"
main,C,K0,424,ABCD,3,10,""",",,"[34,44]",-0.10642677545547485,1,"[{""token"":""\"","",""token_id"":null,""bytes"":[34,44],""logprob"":-0.10642677545547485,""rank"":1},{""token"":""\"""",""token_id"":null,""bytes"":[34],""logprob"":-2.293093204498291,""rank"":2},{""token"":""\n"",""token_id"":null,""bytes"":[10],""logprob"":-13.433211326599121,""rank"":3},{""token"":""\""."",""token_id"":null,""bytes"":[34,46],""logprob"":-13.752901077270508,""rank"":4},{""token"":""\\\"","",""token_id"":null,""bytes"":[92,34,44],""logprob"":-14.33447265625,""rank"":5}]"
main,C,K0,424,ABCD,3,11,"
",,[10],-3.337865791763761e-06,1,"[{""token"":""\n"",""token_id"":null,""bytes"":[10],""logprob"":-3.337865791763761e-06,""rank"":1},{""token"":"" \n"",""token_id"":null,""bytes"":[32,10],""logprob"":-13.107783317565918,""rank"":2},{""token"":"""",""token_id"":null,""bytes"":[],""logprob"":-14.255763053894043,""rank"":3},{""token"":""\n\n"",""token_id"":null,""bytes"":[10,10],""logprob"":-14.601638793945312,""rank"":4},{""token"":"" \"""",""token_id"":null,""bytes"":[32,34],""logprob"":-15.553372383117676,""rank"":5}]"
main,C,K0,424,ABCD,3,12, ,,[32],-4.768372718899627e-07,1,"[{""token"":"" "",""token_id"":null,""bytes"":[32],""logprob"":-4.768372718899627e-07,""rank"":1},{""token"":"" \"""",""token_id"":null,""bytes"":[32,34],""logprob"":-14.94283676147461,""rank"":2},{""token"":""  \n"",""token_id"":null,""bytes"":[32,32,10],""logprob"":-16.096988677978516,""rank"":3},{""token"":"" texte"",""token_id"":null,""bytes"":[32,116,101,120,116,101],""logprob"":-17.702526092529297,""rank"":4},{""token"":""\"":"",""token_id"":null,""bytes"":[34,58],""logprob"":-18.022602081298828,""rank"":5}]"
main,C,K0,424,ABCD,3,13," """,,"[32,34]",-1.3113030945532955e-06,1,"[{""token"":"" \"""",""token_id"":null,""bytes"":[32,34],""logprob"":-1.3113030945532955e-06,""rank"":1},{""token"":"" \""\"""",""token_id"":null,""bytes"":[32,34,34],""logprob"":-13.740971565246582,""rank"":2},{""token"":"" \""\\\"""",""token_id"":null,""bytes"":[32,34,92,34],""logprob"":-16.369064331054688,""rank"":3},{""token"":"" \""."",""token_id"":null,""bytes"":[32,34,46],""logprob"":-16.59925079345703,""rank"":4},{""token"":"" \""_"",""token_id"":null,""bytes"":[32,34,95],""logprob"":-16.92404556274414,""rank"":5}]"
main,C,K0,424,ABCD,3,14,texte,,"[116,101,120,116,101]",-0.000701315701007843,1,"[{""token"":""texte"",""token_id"":null,""bytes"":[116,101,120,116,101],""logprob"":-0.000701315701007843,""rank"":1},{""token"":""texto"",""token_id"":null,""bytes"":[116,101,120,116,111],""logprob"":-7.710988521575928,""rank"":2},{""token"":"" texte"",""token_id"":null,""bytes"":[32,116,101,120,116,101],""logprob"":-9.253518104553223,""rank"":3},{""token"":""texture"",""token_id"":null,""bytes"":[116,101,120,116,117,114,101],""logprob"":-10.663298606872559,""rank"":4},{""token"":""text"",""token_id"":null,""bytes"":[116,101,120,116],""logprob"":-10.913947105407715,""rank"":5}]"
main,C,K0,424,ABCD,3,15,""":",,"[34,58]",-1.025205165205989e-05,1,"[{""token"":""\"":"",""token_id"":null,""bytes"":[34,58],""logprob"":-1.025205165205989e-05,""rank"":1},{""token"":""\"""",""token_id"":null,""bytes"":[34],""logprob"":-11.64643383026123,""rank"":2},{""token"":""\"":\""\"""",""token_id"":null,""bytes"":[34,58,34,34],""logprob"":-13.708300590515137,""rank"":3},{""token"":""\\\"":"",""token_id"":null,""bytes"":[92,34,58],""logprob"":-15.41968059539795,""rank"":4},{""token"":""\"":\"""",""token_id"":null,""bytes"":[34,58,34],""logprob"":-16.462614059448242,""rank"":5}]"
main,C,K0,424,ABCD,3,16," """"",,"[32,34,34]",-0.0032841789070516825,1,"[{""token"":"" \""\"""",""token_id"":null,""bytes"":[32,34,34],""logprob"":-0.0032841789070516825,""rank"":1},{""token"":"" \"""",""token_id"":null,""bytes"":[32,34],""logprob"":-6.025295257568359,""rank"":2},{""token"":"" null"",""token_id"":null,""bytes"":[32,110,117,108,108],""logprob"":-7.520589351654053,""rank"":3},{""token"":"" \""\"","",""token_id"":null,""bytes"":[32,34,34,44],""logprob"":-8.617876052856445,""rank"":4},{""token"":"" \""\\\"""",""token_id"":null,""bytes"":[32,34,92,34],""logprob"":-9.446208953857422,""rank"":5}]"
main,C,K0,424,ABCD,3,17,"
",,[10],-8.344653679159819e-07,1,"[{""token"":""\n"",""token_id"":null,""bytes"":[10],""logprob"":-8.344653679159819e-07,""rank"":1},{""token"":"""",""token_id"":null,""bytes"":[],""logprob"":-14.832995414733887,""rank"":2},{""token"":"" \n"",""token_id"":null,""bytes"":[32,10],""logprob"":-15.189888954162598,""rank"":3},{""token"":""\n\n"",""token_id"":null,""bytes"":[10,10],""logprob"":-15.416543006896973,""rank"":4},{""token"":""\n\n\n"",""token_id"":null,""bytes"":[10,10,10],""logprob"":-18.386173248291016,""rank"":5}]"
main,C,K0,424,ABCD,3,18,},,[125],-2.3841887468734058e-06,1,"[{""token"":""}"",""token_id"":null,""bytes"":[125],""logprob"":-2.3841887468734058e-06,""rank"":1},{""token"":""},"",""token_id"":null,""bytes"":[125,44],""logprob"":-13.398757934570312,""rank"":2},{""token"":""}\"""",""token_id"":null,""bytes"":[125,34],""logprob"":-14.608040809631348,""rank"":3},{""token"":""}'"",""token_id"":null,""bytes"":[125,39],""logprob"":-14.80576229095459,""rank"":4},{""token"":""}`"",""token_id"":null,""bytes"":[125,96],""logprob"":-16.94948387145996,""rank"":5}]"
main,D,K7,424,ABCD,4,1,{,,[123],-0.019648456946015358,1,"[{""token"":""{"",""token_id"":null,""bytes"":[123],""logprob"":-0.019648456946015358,""rank"":1},{""token"":""{\"""",""token_id"":null,""bytes"":[123,34],""logprob"":-4.364804267883301,""rank"":2},{""token"":""```"",""token_id"":null,""bytes"":[96,96,96],""logprob"":-5.162684440612793,""rank"":3},{""token"":""{\\"",""token_id"":null,""bytes"":[123,92],""logprob"":-9.366595268249512,""rank"":4},{""token"":""{'"",""token_id"":null,""bytes"":[123,39],""logprob"":-9.472453117370605,""rank"":5}]"
main,D,K7,424,ABCD,4,2,"
",,[10],-0.001262209378182888,1,"[{""token"":""\n"",""token_id"":null,""bytes"":[10],""logprob"":-0.001262209378182888,""rank"":1},{""token"":"" \"""",""token_id"":null,""bytes"":[32,34],""logprob"":-6.884255886077881,""rank"":2},{""token"":""mode"",""token_id"":null,""bytes"":[109,111,100,101],""logprob"":-8.65310287475586,""rank"":3},{""token"":"" "",""token_id"":null,""bytes"":[32],""logprob"":-10.568531036376953,""rank"":4},{""token"":"" \n"",""token_id"":null,""bytes"":[32,10],""logprob"":-11.43088150024414,""rank"":5}]"
main,D,K7,424,ABCD,4,3, ,,[32],-0.0002571078948676586,1,"[{""token"":"" "",""token_id"":null,""bytes"":[32],""logprob"":-0.0002571078948676586,""rank"":1},{""token"":""\"""",""token_id"":null,""bytes"":[34],""logprob"":-8.83296012878418,""rank"":2},{""token"":"" \"""",""token_id"":null,""bytes"":[32,34],""logprob"":-9.205730438232422,""rank"":3},{""token"":""\""text"",""token_id"":null,""bytes"":[34,116,101,120,116],""logprob"":-13.042868614196777,""rank"":4},{""token"":""  \n"",""token_id"":null,""bytes"":[32,32,10],""logprob"":-13.055774688720703,""rank"":5}]"
main,D,K7,424,ABCD,4,4," """,,"[32,34]",-5.1260126383567695e-06,1,"[{""token"":"" \"""",""token_id"":null,""bytes"":[32,34],""logprob"":-5.1260126383567695e-06,""rank"":1},{""token"":"" \""_"",""token_id"":null,""bytes"":[32,34,95],""logprob"":-12.858902931213379,""rank"":2},{""token"":"" \""\\\"""",""token_id"":null,""bytes"":[32,34,92,34],""logprob"":-13.873766899108887,""rank"":3},{""token"":"" mode"",""token_id"":null,""bytes"":[32,109,111,100,101],""logprob"":-14.700273513793945,""rank"":4},{""token"":"" \""__"",""token_id"":null,""bytes"":[32,34,95,95],""logprob"":-15.031352996826172,""rank"":5}]"
main,D,K7,424,ABCD,4,5,mode,,"[109,111,100,101]",-0.00010383668268332258,1,"[{""token"":""mode"",""token_id"":null,""bytes"":[109,111,100,101],""logprob"":-0.00010383668268332258,""rank"":1},{""token"":""texte"",""token_id"":null,""bytes"":[116,101,120,116,101],""logprob"":-9.640795707702637,""rank"":2},{""token"":""\tmode"",""token_id"":null,""bytes"":[9,109,111,100,101],""logprob"":-12.447422981262207,""rank"":3},{""token"":""message"",""token_id"":null,""bytes"":[109,101,115,115,97,103,101],""logprob"":-12.718585014343262,""rank"":4},{""token"":""type"",""token_id"":null,""bytes"":[116,121,112,101],""logprob"":-12.868250846862793,""rank"":5}]"
main,D,K7,424,ABCD,4,6,""":",,"[34,58]",-5.960482212685747e-06,1,"[{""token"":""\"":"",""token_id"":null,""bytes"":[34,58],""logprob"":-5.960482212685747e-06,""rank"":1},{""token"":""\"":\"""",""token_id"":null,""bytes"":[34,58,34],""logprob"":-12.444189071655273,""rank"":2},{""token"":""\"""",""token_id"":null,""bytes"":[34],""logprob"":-13.91639518737793,""rank"":3},{""token"":""\"","",""token_id"":null,""bytes"":[34,44],""logprob"":-14.644887924194336,""rank"":4},{""token"":""':"",""token_id"":null,""bytes"":[39,58],""logprob"":-15.362749099731445,""rank"":5}]"
main,D,K7,424,ABCD,4,7," """,,"[32,34]",-7.009752152953297e-05,1,"[{""token"":"" \"""",""token_id"":null,""bytes"":[32,34],""logprob"":-7.009752152953297e-05,""rank"":1},{""token"":"" \""\"","",""token_id"":null,""bytes"":[32,34,34,44],""logprob"":-11.385831832885742,""rank"":2},{""token"":"" \""..."",""token_id"":null,""bytes"":[32,34,46,46,46],""logprob"":-11.577933311462402,""rank"":3},{""token"":"" parole"",""token_id"":null,""bytes"":[32,112,97,114,111,108,101],""logprob"":-11.88742446899414,""rank"":4},{""token"":"" \""\"""",""token_id"":null,""bytes"":[32,34,34],""logprob"":-12.021692276000977,""rank"":5}]"
main,D,K7,424,ABCD,4,8,sil,,"[115,105,108]",-0.5934948325157166,1,"[{""token"":""sil"",""token_id"":null,""bytes"":[115,105,108],""logprob"":-0.5934948325157166,""rank"":1},{""token"":""parole"",""token_id"":null,""bytes"":[112,97,114,111,108,101],""logprob"":-0.8133338689804077,""rank"":2},{""token"":""par"",""token_id"":null,""bytes"":[112,97,114],""logprob"":-7.302597522735596,""rank"":3},{""token"":""pare"",""token_id"":null,""bytes"":[112,97,114,101],""logprob"":-8.257190704345703,""rank"":4},{""token"":""s"",""token_id"":null,""bytes"":[115],""logprob"":-8.34564208984375,""rank"":5}]"
main,D,K7,424,ABCD,4,9,ence,,"[101,110,99,101]",-9.775209946383256e-06,1,"[{""token"":""ence"",""token_id"":null,""bytes"":[101,110,99,101],""logprob"":-9.775209946383256e-06,""rank"":1},{""token"":""ience"",""token_id"":null,""bytes"":[105,101,110,99,101],""logprob"":-11.974973678588867,""rank"":2},{""token"":""ance"",""token_id"":null,""bytes"":[97,110,99,101],""logprob"":-12.842367172241211,""rank"":3},{""token"":""enc"",""token_id"":null,""bytes"":[101,110,99],""logprob"":-15.266870498657227,""rank"":4},{""token"":""ences"",""token_id"":null,""bytes"":[101,110,99,101,115],""logprob"":-16.035558700561523,""rank"":5}]"
main,D,K7,424,ABCD,4,10,""",",,"[34,44]",-0.11132138222455978,1,"[{""token"":""\"","",""token_id"":null,""bytes"":[34,44],""logprob"":-0.11132138222455978,""rank"":1},{""token"":""\"""",""token_id"":null,""bytes"":[34],""logprob"":-2.2505369186401367,""rank"":2},{""token"":""\n"",""token_id"":null,""bytes"":[10],""logprob"":-12.997644424438477,""rank"":3},{""token"":""\""."",""token_id"":null,""bytes"":[34,46],""logprob"":-13.728401184082031,""rank"":4},{""token"":""\\\"","",""token_id"":null,""bytes"":[92,34,44],""logprob"":-14.240416526794434,""rank"":5}]"
main,D,K7,424,ABCD,4,11,"
",,[10],-3.57628505298635e-06,1,"[{""token"":""\n"",""token_id"":null,""bytes"":[10],""logprob"":-3.57628505298635e-06,""rank"":1},{""token"":"" \n"",""token_id"":null,""bytes"":[32,10],""logprob"":-13.045957565307617,""rank"":2},{""token"":"""",""token_id"":null,""bytes"":[],""logprob"":-14.220623016357422,""rank"":3},{""token"":""\n\n"",""token_id"":null,""bytes"":[10,10],""logprob"":-14.449294090270996,""rank"":4},{""token"":"" \"""",""token_id"":null,""bytes"":[32,34],""logprob"":-15.582581520080566,""rank"":5}]"
main,D,K7,424,ABCD,4,12, ,,[32],-4.768372718899627e-07,1,"[{""token"":"" "",""token_id"":null,""bytes"":[32],""logprob"":-4.768372718899627e-07,""rank"":1},{""token"":"" \"""",""token_id"":null,""bytes"":[32,34],""logprob"":-14.934100151062012,""rank"":2},{""token"":""  \n"",""token_id"":null,""bytes"":[32,32,10],""logprob"":-15.774998664855957,""rank"":3},{""token"":"" texte"",""token_id"":null,""bytes"":[32,116,101,120,116,101],""logprob"":-17.64464569091797,""rank"":4},{""token"":""\"":"",""token_id"":null,""bytes"":[34,58],""logprob"":-17.890995025634766,""rank"":5}]"
main,D,K7,424,ABCD,4,13," """,,"[32,34]",-2.0265599687263602e-06,1,"[{""token"":"" \"""",""token_id"":null,""bytes"":[32,34],""logprob"":-2.0265599687263602e-06,""rank"":1},{""token"":"" \""\"""",""token_id"":null,""bytes"":[32,34,34],""logprob"":-13.254087448120117,""rank"":2},{""token"":"" \""\\\"""",""token_id"":null,""bytes"":[32,34,92,34],""logprob"":-16.043081283569336,""rank"":3},{""token"":"" \""_"",""token_id"":null,""bytes"":[32,34,95],""logprob"":-16.407825469970703,""rank"":4},{""token"":"" \""."",""token_id"":null,""bytes"":[32,34,46],""logprob"":-16.942138671875,""rank"":5}]"
main,D,K7,424,ABCD,4,14,texte,,"[116,101,120,116,101]",-0.0006448320928029716,1,"[{""token"":""texte"",""token_id"":null,""bytes"":[116,101,120,116,101],""logprob"":-0.0006448320928029716,""rank"":1},{""token"":""texto"",""token_id"":null,""bytes"":[116,101,120,116,111],""logprob"":-7.806743621826172,""rank"":2},{""token"":"" texte"",""token_id"":null,""bytes"":[32,116,101,120,116,101],""logprob"":-9.280204772949219,""rank"":3},{""token"":""texture"",""token_id"":null,""bytes"":[116,101,120,116,117,114,101],""logprob"":-10.911214828491211,""rank"":4},{""token"":""text"",""token_id"":null,""bytes"":[116,101,120,116],""logprob"":-11.027225494384766,""rank"":5}]"
main,D,K7,424,ABCD,4,15,""":",,"[34,58]",-9.179157132166438e-06,1,"[{""token"":""\"":"",""token_id"":null,""bytes"":[34,58],""logprob"":-9.179157132166438e-06,""rank"":1},{""token"":""\"""",""token_id"":null,""bytes"":[34],""logprob"":-11.782276153564453,""rank"":2},{""token"":""\"":\""\"""",""token_id"":null,""bytes"":[34,58,34,34],""logprob"":-13.713590621948242,""rank"":3},{""token"":""\\\"":"",""token_id"":null,""bytes"":[92,34,58],""logprob"":-15.420682907104492,""rank"":4},{""token"":""\"":\"""",""token_id"":null,""bytes"":[34,58,34],""logprob"":-16.319738388061523,""rank"":5}]"
main,D,K7,424,ABCD,4,16," """"",,"[32,34,34]",-0.0032456680200994015,1,"[{""token"":"" \""\"""",""token_id"":null,""bytes"":[32,34,34],""logprob"":-0.0032456680200994015,""rank"":1},{""token"":"" \"""",""token_id"":null,""bytes"":[32,34],""logprob"":-6.055448055267334,""rank"":2},{""token"":"" null"",""token_id"":null,""bytes"":[32,110,117,108,108],""logprob"":-7.501000881195068,""rank"":3},{""token"":"" \""\"","",""token_id"":null,""bytes"":[32,34,34,44],""logprob"":-8.500384330749512,""rank"":4},{""token"":"" \""\\\"""",""token_id"":null,""bytes"":[32,34,92,34],""logprob"":-9.465580940246582,""rank"":5}]"
main,D,K7,424,ABCD,4,17,"
",,[10],-8.344653679159819e-07,1,"[{""token"":""\n"",""token_id"":null,""bytes"":[10],""logprob"":-8.344653679159819e-07,""rank"":1},{""token"":"""",""token_id"":null,""bytes"":[],""logprob"":-14.713308334350586,""rank"":2},{""token"":"" \n"",""token_id"":null,""bytes"":[32,10],""logprob"":-15.195917129516602,""rank"":3},{""token"":""\n\n"",""token_id"":null,""bytes"":[10,10],""logprob"":-15.342458724975586,""rank"":4},{""token"":""\n\n\n"",""token_id"":null,""bytes"":[10,10,10],""logprob"":-18.374958038330078,""rank"":5}]"
main,D,K7,424,ABCD,4,18,},,[125],-2.622607780722319e-06,1,"[{""token"":""}"",""token_id"":null,""bytes"":[125],""logprob"":-2.622607780722319e-06,""rank"":1},{""token"":""},"",""token_id"":null,""bytes"":[125,44],""logprob"":-13.304072380065918,""rank"":2},{""token"":""}\"""",""token_id"":null,""bytes"":[125,34],""logprob"":-14.436419486999512,""rank"":3},{""token"":""}'"",""token_id"":null,""bytes"":[125,39],""logprob"":-14.71263599395752,""rank"":4},{""token"":"""",""token_id"":null,""bytes"":[],""logprob"":-16.880449295043945,""rank"":5}]"
main,B,R7,425,BCDA,1,1,{,,[123],-0.02172425016760826,1,"[{""token"":""{"",""token_id"":null,""bytes"":[123],""logprob"":-0.02172425016760826,""rank"":1},{""token"":""{\"""",""token_id"":null,""bytes"":[123,34],""logprob"":-4.228072643280029,""rank"":2},{""token"":""```"",""token_id"":null,""bytes"":[96,96,96],""logprob"":-5.131930828094482,""rank"":3},{""token"":""{\\\"""",""token_id"":null,""bytes"":[123,92,34],""logprob"":-9.165180206298828,""rank"":4},{""token"":""{\\"",""token_id"":null,""bytes"":[123,92],""logprob"":-9.315994262695312,""rank"":5}]"
main,B,R7,425,BCDA,1,2,"
",,[10],-0.0008808079874143004,1,"[{""token"":""\n"",""token_id"":null,""bytes"":[10],""logprob"":-0.0008808079874143004,""rank"":1},{""token"":"" \"""",""token_id"":null,""bytes"":[32,34],""logprob"":-7.27277135848999,""rank"":2},{""token"":""mode"",""token_id"":null,""bytes"":[109,111,100,101],""logprob"":-8.902280807495117,""rank"":3},{""token"":"" "",""token_id"":null,""bytes"":[32],""logprob"":-10.787778854370117,""rank"":4},{""token"":"" \n"",""token_id"":null,""bytes"":[32,10],""logprob"":-11.593488693237305,""rank"":5}]"
main,B,R7,425,BCDA,1,3, ,,[32],-0.0002201441820943728,1,"[{""token"":"" "",""token_id"":null,""bytes"":[32],""logprob"":-0.0002201441820943728,""rank"":1},{""token"":""\"""",""token_id"":null,""bytes"":[34],""logprob"":-8.98767375946045,""rank"":2},{""token"":"" \"""",""token_id"":null,""bytes"":[32,34],""logprob"":-9.363957405090332,""rank"":3},{""token"":""\""text"",""token_id"":null,""bytes"":[34,116,101,120,116],""logprob"":-13.119736671447754,""rank"":4},{""token"":""  \n"",""token_id"":null,""bytes"":[32,32,10],""logprob"":-13.16612720489502,""rank"":5}]"
main,B,R7,425,BCDA,1,4," """,,"[32,34]",-4.172333774477011e-06,1,"[{""token"":"" \"""",""token_id"":null,""bytes"":[32,34],""logprob"":-4.172333774477011e-06,""rank"":1},{""token"":"" \""_"",""token_id"":null,""bytes"":[32,34,95],""logprob"":-13.113958358764648,""rank"":2},{""token"":"" \""\\\"""",""token_id"":null,""bytes"":[32,34,92,34],""logprob"":-13.908227920532227,""rank"":3},{""token"":"" \""__"",""token_id"":null,""bytes"":[32,34,95,95],""logprob"":-15.388980865478516,""rank"":4},{""token"":"" mode"",""token_id"":null,""bytes"":[32,109,111,100,101],""logprob"":-15.449271202087402,""rank"":5}]"
main,B,R7,425,BCDA,1,5,mode,,"[109,111,100,101]",-0.00011707037629093975,1,"[{""token"":""mode"",""token_id"":null,""bytes"":[109,111,100,101],""logprob"":-0.00011707037629093975,""rank"":1},{""token"":""texte"",""token_id"":null,""bytes"":[116,101,120,116,101],""logprob"":-9.493277549743652,""rank"":2},{""token"":""\tmode"",""token_id"":null,""bytes"":[9,109,111,100,101],""logprob"":-12.450518608093262,""rank"":3},{""token"":""message"",""token_id"":null,""bytes"":[109,101,115,115,97,103,101],""logprob"":-12.52582836151123,""rank"":4},{""token"":""type"",""token_id"":null,""bytes"":[116,121,112,101],""logprob"":-12.704558372497559,""rank"":5}]"
main,B,R7,425,BCDA,1,6,""":",,"[34,58]",-6.318112355074845e-06,1,"[{""token"":""\"":"",""token_id"":null,""bytes"":[34,58],""logprob"":-6.318112355074845e-06,""rank"":1},{""token"":""\"":\"""",""token_id"":null,""bytes"":[34,58,34],""logprob"":-12.400069236755371,""rank"":2},{""token"":""\"""",""token_id"":null,""bytes"":[34],""logprob"":-13.777251243591309,""rank"":3},{""token"":""\"","",""token_id"":null,""bytes"":[34,44],""logprob"":-14.631165504455566,""rank"":4},{""token"":""':"",""token_id"":null,""bytes"":[39,58],""logprob"":-15.456767082214355,""rank"":5}]"
main,B,R7,425,BCDA,1,7," """,,"[32,34]",-6.84284750605002e-05,1,"[{""token"":"" \"""",""token_id"":null,""bytes"":[32,34],""logprob"":-6.84284750605002e-05,""rank"":1},{""token"":"" \""\"","",""token_id"":null,""bytes"":[32,34,34,44],""logprob"":-11.380424499511719,""rank"":2},{""token"":"" \""..."",""token_id"":null,""bytes"":[32,34,46,46,46],""logprob"":-11.570703506469727,""rank"":3},{""token"":"" parole"",""token_id"":null,""bytes"":[32,112,97,114,111,108,101],""logprob"":-11.879776000976562,""rank"":4},{""token"":"" \""\"""",""token_id"":null,""bytes"":[32,34,34],""logprob"":-12.034069061279297,""rank"":5}]"
main,B,R7,425,BCDA,1,8,sil,,"[115,105,108]",-0.6785305142402649,1,"[{""token"":""sil"",""token_id"":null,""bytes"":[115,105,108],""logprob"":-0.6785305142402649,""rank"":1},{""token"":""parole"",""token_id"":null,""bytes"":[112,97,114,111,108,101],""logprob"":-0.7165859341621399,""rank"":2},{""token"":""par"",""token_id"":null,""bytes"":[112,97,114],""logprob"":-7.273228645324707,""rank"":3},{""token"":""pare"",""token_id"":null,""bytes"":[112,97,114,101],""logprob"":-8.244132041931152,""rank"":4},{""token"":""s"",""token_id"":null,""bytes"":[115],""logprob"":-8.282027244567871,""rank"":5}]"
main,B,R7,425,BCDA,1,9,ence,,"[101,110,99,101]",-9.179157132166438e-06,1,"[{""token"":""ence"",""token_id"":null,""bytes"":[101,110,99,101],""logprob"":-9.179157132166438e-06,""rank"":1},{""token"":""ience"",""token_id"":null,""bytes"":[105,101,110,99,101],""logprob"":-12.033693313598633,""rank"":2},{""token"":""ance"",""token_id"":null,""bytes"":[97,110,99,101],""logprob"":-12.892942428588867,""rank"":3},{""token"":""enc"",""token_id"":null,""bytes"":[101,110,99],""logprob"":-15.13233757019043,""rank"":4},{""token"":""ences"",""token_id"":null,""bytes"":[101,110,99,101,115],""logprob"":-15.992465019226074,""rank"":5}]"
main,B,R7,425,BCDA,1,10,""",",,"[34,44]",-0.10652503371238708,1,"[{""token"":""\"","",""token_id"":null,""bytes"":[34,44],""logprob"":-0.10652503371238708,""rank"":1},{""token"":""\"""",""token_id"":null,""bytes"":[34],""logprob"":-2.292224407196045,""rank"":2},{""token"":""\n"",""token_id"":null,""bytes"":[10],""logprob"":-13.167221069335938,""rank"":3},{""token"":""\""."",""token_id"":null,""bytes"":[34,46],""logprob"":-13.745504379272461,""rank"":4},{""token"":""\\\"","",""token_id"":null,""bytes"":[92,34,44],""logprob"":-14.183154106140137,""rank"":5}]"
main,B,R7,425,BCDA,1,11,"
",,[10],-4.0531240301788785e-06,1,"[{""token"":""\n"",""token_id"":null,""bytes"":[10],""logprob"":-4.0531240301788785e-06,""rank"":1},{""token"":"" \n"",""token_id"":null,""bytes"":[32,10],""logprob"":-12.90800666809082,""rank"":2},{""token"":"""",""token_id"":null,""bytes"":[],""logprob"":-14.16970443725586,""rank"":3},{""token"":""\n\n"",""token_id"":null,""bytes"":[10,10],""logprob"":-14.509121894836426,""rank"":4},{""token"":"" \"""",""token_id"":null,""bytes"":[32,34],""logprob"":-15.510653495788574,""rank"":5}]"
main,B,R7,425,BCDA,1,12, ,,[32],-4.768372718899627e-07,1,"[{""token"":"" "",""token_id"":null,""bytes"":[32],""logprob"":-4.768372718899627e-07,""rank"":1},{""token"":"" \"""",""token_id"":null,""bytes"":[32,34],""logprob"":-15.015575408935547,""rank"":2},{""token"":""  \n"",""token_id"":null,""bytes"":[32,32,10],""logprob"":-15.97124195098877,""rank"":3},{""token"":"" texte"",""token_id"":null,""bytes"":[32,116,101,120,116,101],""logprob"":-17.74969482421875,""rank"":4},{""token"":""   "",""token_id"":null,""bytes"":[32,32,32],""logprob"":-18.280445098876953,""rank"":5}]"
main,B,R7,425,BCDA,1,13," """,,"[32,34]",-2.0265599687263602e-06,1,"[{""token"":"" \"""",""token_id"":null,""bytes"":[32,34],""logprob"":-2.0265599687263602e-06,""rank"":1},{""token"":"" \""\"""",""token_id"":null,""bytes"":[32,34,34],""logprob"":-13.223140716552734,""rank"":2},{""token"":"" \""\\\"""",""token_id"":null,""bytes"":[32,34,92,34],""logprob"":-15.966304779052734,""rank"":3},{""token"":"" \""_"",""token_id"":null,""bytes"":[32,34,95],""logprob"":-16.198970794677734,""rank"":4},{""token"":"" \""..."",""token_id"":null,""bytes"":[32,34,46,46,46],""logprob"":-16.936288833618164,""rank"":5}]"
main,B,R7,425,BCDA,1,14,texte,,"[116,101,120,116,101]",-0.000649364956188947,1,"[{""token"":""texte"",""token_id"":null,""bytes"":[116,101,120,116,101],""logprob"":-0.000649364956188947,""rank"":1},{""token"":""texto"",""token_id"":null,""bytes"":[116,101,120,116,111],""logprob"":-7.792206764221191,""rank"":2},{""token"":"" texte"",""token_id"":null,""bytes"":[32,116,101,120,116,101],""logprob"":-9.244690895080566,""rank"":3},{""token"":""texture"",""token_id"":null,""bytes"":[116,101,120,116,117,114,101],""logprob"":-10.890830039978027,""rank"":4},{""token"":""text"",""token_id"":null,""bytes"":[116,101,120,116],""logprob"":-11.115731239318848,""rank"":5}]"
main,B,R7,425,BCDA,1,15,""":",,"[34,58]",-1.0848104466276709e-05,1,"[{""token"":""\"":"",""token_id"":null,""bytes"":[34,58],""logprob"":-1.0848104466276709e-05,""rank"":1},{""token"":""\"""",""token_id"":null,""bytes"":[34],""logprob"":-11.591935157775879,""rank"":2},{""token"":""\"":\""\"""",""token_id"":null,""bytes"":[34,58,34,34],""logprob"":-13.789422035217285,""rank"":3},{""token"":""\\\"":"",""token_id"":null,""bytes"":[92,34,58],""logprob"":-15.505274772644043,""rank"":4},{""token"":""\"":\"""",""token_id"":null,""bytes"":[34,58,34],""logprob"":-16.480609893798828,""rank"":5}]"
main,B,R7,425,BCDA,1,16," """"",,"[32,34,34]",-0.0031248226296156645,1,"[{""token"":"" \""\"""",""token_id"":null,""bytes"":[32,34,34],""logprob"":-0.0031248226296156645,""rank"":1},{""token"":"" \"""",""token_id"":null,""bytes"":[32,34],""logprob"":-6.100138187408447,""rank"":2},{""token"":"" null"",""token_id"":null,""bytes"":[32,110,117,108,108],""logprob"":-7.526052951812744,""rank"":3},{""token"":"" \""\"","",""token_id"":null,""bytes"":[32,34,34,44],""logprob"":-8.518841743469238,""rank"":4},{""token"":"" \""\\\"""",""token_id"":null,""bytes"":[32,34,92,34],""logprob"":-9.442099571228027,""rank"":5}]"
main,B,R7,425,BCDA,1,17,"
",,[10],-8.344653679159819e-07,1,"[{""token"":""\n"",""token_id"":null,""bytes"":[10],""logprob"":-8.344653679159819e-07,""rank"":1},{""token"":"""",""token_id"":null,""bytes"":[],""logprob"":-14.898009300231934,""rank"":2},{""token"":"" \n"",""token_id"":null,""bytes"":[32,10],""logprob"":-15.026812553405762,""rank"":3},{""token"":""\n\n"",""token_id"":null,""bytes"":[10,10],""logprob"":-15.510147094726562,""rank"":4},{""token"":""\n\n\n"",""token_id"":null,""bytes"":[10,10,10],""logprob"":-18.452171325683594,""rank"":5}]"
main,B,R7,425,BCDA,1,18,},,[125],-2.5033982637978625e-06,1,"[{""token"":""}"",""token_id"":null,""bytes"":[125],""logprob"":-2.5033982637978625e-06,""rank"":1},{""token"":""},"",""token_id"":null,""bytes"":[125,44],""logprob"":-13.412047386169434,""rank"":2},{""token"":""}\"""",""token_id"":null,""bytes"":[125,34],""logprob"":-14.420966148376465,""rank"":3},{""token"":""}'"",""token_id"":null,""bytes"":[125,39],""logprob"":-14.732012748718262,""rank"":4},{""token"":""}`"",""token_id"":null,""bytes"":[125,96],""logprob"":-16.944538116455078,""rank"":5}]"
main,C,K0,425,BCDA,2,1,{,,[123],-0.022347530350089073,1,"[{""token"":""{"",""token_id"":null,""bytes"":[123],""logprob"":-0.022347530350089073,""rank"":1},{""token"":""{\"""",""token_id"":null,""bytes"":[123,34],""logprob"":-4.103880882263184,""rank"":2},{""token"":""```"",""token_id"":null,""bytes"":[96,96,96],""logprob"":-5.384608268737793,""rank"":3},{""token"":""{\\\"""",""token_id"":null,""bytes"":[123,92,34],""logprob"":-9.20559310913086,""rank"":4},{""token"":""{}"",""token_id"":null,""bytes"":[123,125],""logprob"":-9.365748405456543,""rank"":5}]"
main,C,K0,425,BCDA,2,2,"
",,[10],-0.0010407617082819343,1,"[{""token"":""\n"",""token_id"":null,""bytes"":[10],""logprob"":-0.0010407617082819343,""rank"":1},{""token"":"" \"""",""token_id"":null,""bytes"":[32,34],""logprob"":-7.071502208709717,""rank"":2},{""token"":""mode"",""token_id"":null,""bytes"":[109,111,100,101],""logprob"":-8.883734703063965,""rank"":3},{""token"":"" "",""token_id"":null,""bytes"":[32],""logprob"":-10.773819923400879,""rank"":4},{""token"":"" \n"",""token_id"":null,""bytes"":[32,10],""logprob"":-11.489826202392578,""rank"":5}]"
main,C,K0,425,BCDA,2,3, ,,[32],-0.00021775947243440896,1,"[{""token"":"" "",""token_id"":null,""bytes"":[32],""logprob"":-0.00021775947243440896,""rank"":1},{""token"":""\"""",""token_id"":null,""bytes"":[34],""logprob"":-9.088756561279297,""rank"":2},{""token"":"" \"""",""token_id"":null,""bytes"":[32,34],""logprob"":-9.261333465576172,""rank"":3},{""token"":""\""text"",""token_id"":null,""bytes"":[34,116,101,120,116],""logprob"":-13.031827926635742,""rank"":4},{""token"":""  \n"",""token_id"":null,""bytes"":[32,32,10],""logprob"":-13.105371475219727,""rank"":5}]"
main,C,K0,425,BCDA,2,4," """,,"[32,34]",-3.218656047465629e-06,1,"[{""token"":"" \"""",""token_id"":null,""bytes"":[32,34],""logprob"":-3.218656047465629e-06,""rank"":1},{""token"":"" \""_"",""token_id"":null,""bytes"":[32,34,95],""logprob"":-13.295794486999512,""rank"":2},{""token"":"" \""\\\"""",""token_id"":null,""bytes"":[32,34,92,34],""logprob"":-14.324239730834961,""rank"":3},{""token"":"" mode"",""token_id"":null,""bytes"":[32,109,111,100,101],""logprob"":-15.079508781433105,""rank"":4},{""token"":"" \""__"",""token_id"":null,""bytes"":[32,34,95,95],""logprob"":-15.397425651550293,""rank"":5}]"
main,C,K0,425,BCDA,2,5,mode,,"[109,111,100,101]",-0.00011695115244947374,1,"[{""token"":""mode"",""token_id"":null,""bytes"":[109,111,100,101],""logprob"":-0.00011695115244947374,""rank"":1},{""token"":""texte"",""token_id"":null,""bytes"":[116,101,120,116,101],""logprob"":-9.467223167419434,""rank"":2},{""token"":""\tmode"",""token_id"":null,""bytes"":[9,109,111,100,101],""logprob"":-12.454880714416504,""rank"":3},{""token"":""message"",""token_id"":null,""bytes"":[109,101,115,115,97,103,101],""logprob"":-12.663521766662598,""rank"":4},{""token"":""type"",""token_id"":null,""bytes"":[116,121,112,101],""logprob"":-12.774247169494629,""rank"":5}]"
main,C,K0,425,BCDA,2,6,""":",,"[34,58]",-5.722062269342132e-06,1,"[{""token"":""\"":"",""token_id"":null,""bytes"":[34,58],""logprob"":-5.722062269342132e-06,""rank"":1},{""token"":""\"":\"""",""token_id"":null,""bytes"":[34,58,34],""logprob"":-12.455028533935547,""rank"":2},{""token"":""\"""",""token_id"":null,""bytes"":[34],""logprob"":-14.045772552490234,""rank"":3},{""token"":""\"","",""token_id"":null,""bytes"":[34,44],""logprob"":-14.704669952392578,""rank"":4},{""token"":""':"",""token_id"":null,""bytes"":[39,58],""logprob"":-15.434219360351562,""rank"":5}]"
main,C,K0,425,BCDA,2,7," """,,"[32,34]",-6.580569606740028e-05,1,"[{""token"":"" \"""",""token_id"":null,""bytes"":[32,34],""logprob"":-6.580569606740028e-05,""rank"":1},{""token"":"" \""\"","",""token_id"":null,""bytes"":[32,34,34,44],""logprob"":-11.462050437927246,""rank"":2},{""token"":"" \""..."",""token_id"":null,""bytes"":[32,34,46,46,46],""logprob"":-11.589383125305176,""rank"":3},{""token"":"" parole"",""token_id"":null,""bytes"":[32,112,97,114,111,108,101],""logprob"":-11.91740894317627,""rank"":4},{""token"":"" \""\"""",""token_id"":null,""bytes"":[32,34,34],""logprob"":-12.049454689025879,""rank"":5}]"
main,C,K0,425,BCDA,2,8,sil,,"[115,105,108]",-0.6199643015861511,1,"[{""token"":""sil"",""token_id"":null,""bytes"":[115,105,108],""logprob"":-0.6199643015861511,""rank"":1},{""token"":""parole"",""token_id"":null,""bytes"":[112,97,114,111,108,101],""logprob"":-0.7807443141937256,""rank"":2},{""token"":""par"",""token_id"":null,""bytes"":[112,97,114],""logprob"":-7.385531902313232,""rank"":3},{""token"":"" parole"",""token_id"":null,""bytes"":[32,112,97,114,111,108,101],""logprob"":-8.325679779052734,""rank"":4},{""token"":""pare"",""token_id"":null,""bytes"":[112,97,114,101],""logprob"":-8.352705001831055,""rank"":5}]"
main,C,K0,425,BCDA,2,9,ence,,"[101,110,99,101]",-9.775209946383256e-06,1,"[{""token"":""ence"",""token_id"":null,""bytes"":[101,110,99,101],""logprob"":-9.775209946383256e-06,""rank"":1},{""token"":""ience"",""token_id"":null,""bytes"":[105,101,110,99,101],""logprob"":-11.912710189819336,""rank"":2},{""token"":""ance"",""token_id"":null,""bytes"":[97,110,99,101],""logprob"":-12.932533264160156,""rank"":3},{""token"":""enc"",""token_id"":null,""bytes"":[101,110,99],""logprob"":-15.216045379638672,""rank"":4},{""token"":""\"","",""token_id"":null,""bytes"":[34,44],""logprob"":-16.03968620300293,""rank"":5}]"
main,C,K0,425,BCDA,2,10,""",",,"[34,44]",-0.10642677545547485,1,"[{""token"":""\"","",""token_id"":null,""bytes"":[34,44],""logprob"":-0.10642677545547485,""rank"":1},{""token"":""\"""",""token_id"":null,""bytes"":[34],""logprob"":-2.293093204498291,""rank"":2},{""token"":""\n"",""token_id"":null,""bytes"":[10],""logprob"":-13.433211326599121,""rank"":3},{""token"":""\""."",""token_id"":null,""bytes"":[34,46],""logprob"":-13.752901077270508,""rank"":4},{""token"":""\\\"","",""token_id"":null,""bytes"":[92,34,44],""logprob"":-14.33447265625,""rank"":5}]"
main,C,K0,425,BCDA,2,11,"
",,[10],-3.337865791763761e-06,1,"[{""token"":""\n"",""token_id"":null,""bytes"":[10],""logprob"":-3.337865791763761e-06,""rank"":1},{""token"":"" \n"",""token_id"":null,""bytes"":[32,10],""logprob"":-13.107783317565918,""rank"":2},{""token"":"""",""token_id"":null,""bytes"":[],""logprob"":-14.255763053894043,""rank"":3},{""token"":""\n\n"",""token_id"":null,""bytes"":[10,10],""logprob"":-14.601638793945312,""rank"":4},{""token"":"" \"""",""token_id"":null,""bytes"":[32,34],""logprob"":-15.553372383117676,""rank"":5}]"
main,C,K0,425,BCDA,2,12, ,,[32],-4.768372718899627e-07,1,"[{""token"":"" "",""token_id"":null,""bytes"":[32],""logprob"":-4.768372718899627e-07,""rank"":1},{""token"":"" \"""",""token_id"":null,""bytes"":[32,34],""logprob"":-14.94283676147461,""rank"":2},{""token"":""  \n"",""token_id"":null,""bytes"":[32,32,10],""logprob"":-16.096988677978516,""rank"":3},{""token"":"" texte"",""token_id"":null,""bytes"":[32,116,101,120,116,101],""logprob"":-17.702526092529297,""rank"":4},{""token"":""\"":"",""token_id"":null,""bytes"":[34,58],""logprob"":-18.022602081298828,""rank"":5}]"
main,C,K0,425,BCDA,2,13," """,,"[32,34]",-1.3113030945532955e-06,1,"[{""token"":"" \"""",""token_id"":null,""bytes"":[32,34],""logprob"":-1.3113030945532955e-06,""rank"":1},{""token"":"" \""\"""",""token_id"":null,""bytes"":[32,34,34],""logprob"":-13.740971565246582,""rank"":2},{""token"":"" \""\\\"""",""token_id"":null,""bytes"":[32,34,92,34],""logprob"":-16.369064331054688,""rank"":3},{""token"":"" \""."",""token_id"":null,""bytes"":[32,34,46],""logprob"":-16.59925079345703,""rank"":4},{""token"":"" \""_"",""token_id"":null,""bytes"":[32,34,95],""logprob"":-16.92404556274414,""rank"":5}]"
main,C,K0,425,BCDA,2,14,texte,,"[116,101,120,116,101]",-0.000701315701007843,1,"[{""token"":""texte"",""token_id"":null,""bytes"":[116,101,120,116,101],""logprob"":-0.000701315701007843,""rank"":1},{""token"":""texto"",""token_id"":null,""bytes"":[116,101,120,116,111],""logprob"":-7.710988521575928,""rank"":2},{""token"":"" texte"",""token_id"":null,""bytes"":[32,116,101,120,116,101],""logprob"":-9.253518104553223,""rank"":3},{""token"":""texture"",""token_id"":null,""bytes"":[116,101,120,116,117,114,101],""logprob"":-10.663298606872559,""rank"":4},{""token"":""text"",""token_id"":null,""bytes"":[116,101,120,116],""logprob"":-10.913947105407715,""rank"":5}]"
main,C,K0,425,BCDA,2,15,""":",,"[34,58]",-1.025205165205989e-05,1,"[{""token"":""\"":"",""token_id"":null,""bytes"":[34,58],""logprob"":-1.025205165205989e-05,""rank"":1},{""token"":""\"""",""token_id"":null,""bytes"":[34],""logprob"":-11.64643383026123,""rank"":2},{""token"":""\"":\""\"""",""token_id"":null,""bytes"":[34,58,34,34],""logprob"":-13.708300590515137,""rank"":3},{""token"":""\\\"":"",""token_id"":null,""bytes"":[92,34,58],""logprob"":-15.41968059539795,""rank"":4},{""token"":""\"":\"""",""token_id"":null,""bytes"":[34,58,34],""logprob"":-16.462614059448242,""rank"":5}]"
main,C,K0,425,BCDA,2,16," """"",,"[32,34,34]",-0.0032841789070516825,1,"[{""token"":"" \""\"""",""token_id"":null,""bytes"":[32,34,34],""logprob"":-0.0032841789070516825,""rank"":1},{""token"":"" \"""",""token_id"":null,""bytes"":[32,34],""logprob"":-6.025295257568359,""rank"":2},{""token"":"" null"",""token_id"":null,""bytes"":[32,110,117,108,108],""logprob"":-7.520589351654053,""rank"":3},{""token"":"" \""\"","",""token_id"":null,""bytes"":[32,34,34,44],""logprob"":-8.617876052856445,""rank"":4},{""token"":"" \""\\\"""",""token_id"":null,""bytes"":[32,34,92,34],""logprob"":-9.446208953857422,""rank"":5}]"
main,C,K0,425,BCDA,2,17,"
",,[10],-8.344653679159819e-07,1,"[{""token"":""\n"",""token_id"":null,""bytes"":[10],""logprob"":-8.344653679159819e-07,""rank"":1},{""token"":"""",""token_id"":null,""bytes"":[],""logprob"":-14.832995414733887,""rank"":2},{""token"":"" \n"",""token_id"":null,""bytes"":[32,10],""logprob"":-15.189888954162598,""rank"":3},{""token"":""\n\n"",""token_id"":null,""bytes"":[10,10],""logprob"":-15.416543006896973,""rank"":4},{""token"":""\n\n\n"",""token_id"":null,""bytes"":[10,10,10],""logprob"":-18.386173248291016,""rank"":5}]"
main,C,K0,425,BCDA,2,18,},,[125],-2.3841887468734058e-06,1,"[{""token"":""}"",""token_id"":null,""bytes"":[125],""logprob"":-2.3841887468734058e-06,""rank"":1},{""token"":""},"",""token_id"":null,""bytes"":[125,44],""logprob"":-13.398757934570312,""rank"":2},{""token"":""}\"""",""token_id"":null,""bytes"":[125,34],""logprob"":-14.608040809631348,""rank"":3},{""token"":""}'"",""token_id"":null,""bytes"":[125,39],""logprob"":-14.80576229095459,""rank"":4},{""token"":""}`"",""token_id"":null,""bytes"":[125,96],""logprob"":-16.94948387145996,""rank"":5}]"
main,D,K7,425,BCDA,3,1,{,,[123],-0.019648456946015358,1,"[{""token"":""{"",""token_id"":null,""bytes"":[123],""logprob"":-0.019648456946015358,""rank"":1},{""token"":""{\"""",""token_id"":null,""bytes"":[123,34],""logprob"":-4.364804267883301,""rank"":2},{""token"":""```"",""token_id"":null,""bytes"":[96,96,96],""logprob"":-5.162684440612793,""rank"":3},{""token"":""{\\"",""token_id"":null,""bytes"":[123,92],""logprob"":-9.366595268249512,""rank"":4},{""token"":""{'"",""token_id"":null,""bytes"":[123,39],""logprob"":-9.472453117370605,""rank"":5}]"
main,D,K7,425,BCDA,3,2,"
",,[10],-0.001262209378182888,1,"[{""token"":""\n"",""token_id"":null,""bytes"":[10],""logprob"":-0.001262209378182888,""rank"":1},{""token"":"" \"""",""token_id"":null,""bytes"":[32,34],""logprob"":-6.884255886077881,""rank"":2},{""token"":""mode"",""token_id"":null,""bytes"":[109,111,100,101],""logprob"":-8.65310287475586,""rank"":3},{""token"":"" "",""token_id"":null,""bytes"":[32],""logprob"":-10.568531036376953,""rank"":4},{""token"":"" \n"",""token_id"":null,""bytes"":[32,10],""logprob"":-11.43088150024414,""rank"":5}]"
main,D,K7,425,BCDA,3,3, ,,[32],-0.0002571078948676586,1,"[{""token"":"" "",""token_id"":null,""bytes"":[32],""logprob"":-0.0002571078948676586,""rank"":1},{""token"":""\"""",""token_id"":null,""bytes"":[34],""logprob"":-8.83296012878418,""rank"":2},{""token"":"" \"""",""token_id"":null,""bytes"":[32,34],""logprob"":-9.205730438232422,""rank"":3},{""token"":""\""text"",""token_id"":null,""bytes"":[34,116,101,120,116],""logprob"":-13.042868614196777,""rank"":4},{""token"":""  \n"",""token_id"":null,""bytes"":[32,32,10],""logprob"":-13.055774688720703,""rank"":5}]"
main,D,K7,425,BCDA,3,4," """,,"[32,34]",-5.1260126383567695e-06,1,"[{""token"":"" \"""",""token_id"":null,""bytes"":[32,34],""logprob"":-5.1260126383567695e-06,""rank"":1},{""token"":"" \""_"",""token_id"":null,""bytes"":[32,34,95],""logprob"":-12.858902931213379,""rank"":2},{""token"":"" \""\\\"""",""token_id"":null,""bytes"":[32,34,92,34],""logprob"":-13.873766899108887,""rank"":3},{""token"":"" mode"",""token_id"":null,""bytes"":[32,109,111,100,101],""logprob"":-14.700273513793945,""rank"":4},{""token"":"" \""__"",""token_id"":null,""bytes"":[32,34,95,95],""logprob"":-15.031352996826172,""rank"":5}]"
main,D,K7,425,BCDA,3,5,mode,,"[109,111,100,101]",-0.00010383668268332258,1,"[{""token"":""mode"",""token_id"":null,""bytes"":[109,111,100,101],""logprob"":-0.00010383668268332258,""rank"":1},{""token"":""texte"",""token_id"":null,""bytes"":[116,101,120,116,101],""logprob"":-9.640795707702637,""rank"":2},{""token"":""\tmode"",""token_id"":null,""bytes"":[9,109,111,100,101],""logprob"":-12.447422981262207,""rank"":3},{""token"":""message"",""token_id"":null,""bytes"":[109,101,115,115,97,103,101],""logprob"":-12.718585014343262,""rank"":4},{""token"":""type"",""token_id"":null,""bytes"":[116,121,112,101],""logprob"":-12.868250846862793,""rank"":5}]"
main,D,K7,425,BCDA,3,6,""":",,"[34,58]",-5.960482212685747e-06,1,"[{""token"":""\"":"",""token_id"":null,""bytes"":[34,58],""logprob"":-5.960482212685747e-06,""rank"":1},{""token"":""\"":\"""",""token_id"":null,""bytes"":[34,58,34],""logprob"":-12.444189071655273,""rank"":2},{""token"":""\"""",""token_id"":null,""bytes"":[34],""logprob"":-13.91639518737793,""rank"":3},{""token"":""\"","",""token_id"":null,""bytes"":[34,44],""logprob"":-14.644887924194336,""rank"":4},{""token"":""':"",""token_id"":null,""bytes"":[39,58],""logprob"":-15.362749099731445,""rank"":5}]"
main,D,K7,425,BCDA,3,7," """,,"[32,34]",-7.009752152953297e-05,1,"[{""token"":"" \"""",""token_id"":null,""bytes"":[32,34],""logprob"":-7.009752152953297e-05,""rank"":1},{""token"":"" \""\"","",""token_id"":null,""bytes"":[32,34,34,44],""logprob"":-11.385831832885742,""rank"":2},{""token"":"" \""..."",""token_id"":null,""bytes"":[32,34,46,46,46],""logprob"":-11.577933311462402,""rank"":3},{""token"":"" parole"",""token_id"":null,""bytes"":[32,112,97,114,111,108,101],""logprob"":-11.88742446899414,""rank"":4},{""token"":"" \""\"""",""token_id"":null,""bytes"":[32,34,34],""logprob"":-12.021692276000977,""rank"":5}]"
main,D,K7,425,BCDA,3,8,sil,,"[115,105,108]",-0.5934948325157166,1,"[{""token"":""sil"",""token_id"":null,""bytes"":[115,105,108],""logprob"":-0.5934948325157166,""rank"":1},{""token"":""parole"",""token_id"":null,""bytes"":[112,97,114,111,108,101],""logprob"":-0.8133338689804077,""rank"":2},{""token"":""par"",""token_id"":null,""bytes"":[112,97,114],""logprob"":-7.302597522735596,""rank"":3},{""token"":""pare"",""token_id"":null,""bytes"":[112,97,114,101],""logprob"":-8.257190704345703,""rank"":4},{""token"":""s"",""token_id"":null,""bytes"":[115],""logprob"":-8.34564208984375,""rank"":5}]"
main,D,K7,425,BCDA,3,9,ence,,"[101,110,99,101]",-9.775209946383256e-06,1,"[{""token"":""ence"",""token_id"":null,""bytes"":[101,110,99,101],""logprob"":-9.775209946383256e-06,""rank"":1},{""token"":""ience"",""token_id"":null,""bytes"":[105,101,110,99,101],""logprob"":-11.974973678588867,""rank"":2},{""token"":""ance"",""token_id"":null,""bytes"":[97,110,99,101],""logprob"":-12.842367172241211,""rank"":3},{""token"":""enc"",""token_id"":null,""bytes"":[101,110,99],""logprob"":-15.266870498657227,""rank"":4},{""token"":""ences"",""token_id"":null,""bytes"":[101,110,99,101,115],""logprob"":-16.035558700561523,""rank"":5}]"
main,D,K7,425,BCDA,3,10,""",",,"[34,44]",-0.11132138222455978,1,"[{""token"":""\"","",""token_id"":null,""bytes"":[34,44],""logprob"":-0.11132138222455978,""rank"":1},{""token"":""\"""",""token_id"":null,""bytes"":[34],""logprob"":-2.2505369186401367,""rank"":2},{""token"":""\n"",""token_id"":null,""bytes"":[10],""logprob"":-12.997644424438477,""rank"":3},{""token"":""\""."",""token_id"":null,""bytes"":[34,46],""logprob"":-13.728401184082031,""rank"":4},{""token"":""\\\"","",""token_id"":null,""bytes"":[92,34,44],""logprob"":-14.240416526794434,""rank"":5}]"
main,D,K7,425,BCDA,3,11,"
",,[10],-3.57628505298635e-06,1,"[{""token"":""\n"",""token_id"":null,""bytes"":[10],""logprob"":-3.57628505298635e-06,""rank"":1},{""token"":"" \n"",""token_id"":null,""bytes"":[32,10],""logprob"":-13.045957565307617,""rank"":2},{""token"":"""",""token_id"":null,""bytes"":[],""logprob"":-14.220623016357422,""rank"":3},{""token"":""\n\n"",""token_id"":null,""bytes"":[10,10],""logprob"":-14.449294090270996,""rank"":4},{""token"":"" \"""",""token_id"":null,""bytes"":[32,34],""logprob"":-15.582581520080566,""rank"":5}]"
main,D,K7,425,BCDA,3,12, ,,[32],-4.768372718899627e-07,1,"[{""token"":"" "",""token_id"":null,""bytes"":[32],""logprob"":-4.768372718899627e-07,""rank"":1},{""token"":"" \"""",""token_id"":null,""bytes"":[32,34],""logprob"":-14.934100151062012,""rank"":2},{""token"":""  \n"",""token_id"":null,""bytes"":[32,32,10],""logprob"":-15.774998664855957,""rank"":3},{""token"":"" texte"",""token_id"":null,""bytes"":[32,116,101,120,116,101],""logprob"":-17.64464569091797,""rank"":4},{""token"":""\"":"",""token_id"":null,""bytes"":[34,58],""logprob"":-17.890995025634766,""rank"":5}]"
main,D,K7,425,BCDA,3,13," """,,"[32,34]",-2.0265599687263602e-06,1,"[{""token"":"" \"""",""token_id"":null,""bytes"":[32,34],""logprob"":-2.0265599687263602e-06,""rank"":1},{""token"":"" \""\"""",""token_id"":null,""bytes"":[32,34,34],""logprob"":-13.254087448120117,""rank"":2},{""token"":"" \""\\\"""",""token_id"":null,""bytes"":[32,34,92,34],""logprob"":-16.043081283569336,""rank"":3},{""token"":"" \""_"",""token_id"":null,""bytes"":[32,34,95],""logprob"":-16.407825469970703,""rank"":4},{""token"":"" \""."",""token_id"":null,""bytes"":[32,34,46],""logprob"":-16.942138671875,""rank"":5}]"
main,D,K7,425,BCDA,3,14,texte,,"[116,101,120,116,101]",-0.0006448320928029716,1,"[{""token"":""texte"",""token_id"":null,""bytes"":[116,101,120,116,101],""logprob"":-0.0006448320928029716,""rank"":1},{""token"":""texto"",""token_id"":null,""bytes"":[116,101,120,116,111],""logprob"":-7.806743621826172,""rank"":2},{""token"":"" texte"",""token_id"":null,""bytes"":[32,116,101,120,116,101],""logprob"":-9.280204772949219,""rank"":3},{""token"":""texture"",""token_id"":null,""bytes"":[116,101,120,116,117,114,101],""logprob"":-10.911214828491211,""rank"":4},{""token"":""text"",""token_id"":null,""bytes"":[116,101,120,116],""logprob"":-11.027225494384766,""rank"":5}]"
main,D,K7,425,BCDA,3,15,""":",,"[34,58]",-9.179157132166438e-06,1,"[{""token"":""\"":"",""token_id"":null,""bytes"":[34,58],""logprob"":-9.179157132166438e-06,""rank"":1},{""token"":""\"""",""token_id"":null,""bytes"":[34],""logprob"":-11.782276153564453,""rank"":2},{""token"":""\"":\""\"""",""token_id"":null,""bytes"":[34,58,34,34],""logprob"":-13.713590621948242,""rank"":3},{""token"":""\\\"":"",""token_id"":null,""bytes"":[92,34,58],""logprob"":-15.420682907104492,""rank"":4},{""token"":""\"":\"""",""token_id"":null,""bytes"":[34,58,34],""logprob"":-16.319738388061523,""rank"":5}]"
main,D,K7,425,BCDA,3,16," """"",,"[32,34,34]",-0.0032456680200994015,1,"[{""token"":"" \""\"""",""token_id"":null,""bytes"":[32,34,34],""logprob"":-0.0032456680200994015,""rank"":1},{""token"":"" \"""",""token_id"":null,""bytes"":[32,34],""logprob"":-6.055448055267334,""rank"":2},{""token"":"" null"",""token_id"":null,""bytes"":[32,110,117,108,108],""logprob"":-7.501000881195068,""rank"":3},{""token"":"" \""\"","",""token_id"":null,""bytes"":[32,34,34,44],""logprob"":-8.500384330749512,""rank"":4},{""token"":"" \""\\\"""",""token_id"":null,""bytes"":[32,34,92,34],""logprob"":-9.465580940246582,""rank"":5}]"
main,D,K7,425,BCDA,3,17,"
",,[10],-8.344653679159819e-07,1,"[{""token"":""\n"",""token_id"":null,""bytes"":[10],""logprob"":-8.344653679159819e-07,""rank"":1},{""token"":"""",""token_id"":null,""bytes"":[],""logprob"":-14.713308334350586,""rank"":2},{""token"":"" \n"",""token_id"":null,""bytes"":[32,10],""logprob"":-15.195917129516602,""rank"":3},{""token"":""\n\n"",""token_id"":null,""bytes"":[10,10],""logprob"":-15.342458724975586,""rank"":4},{""token"":""\n\n\n"",""token_id"":null,""bytes"":[10,10,10],""logprob"":-18.374958038330078,""rank"":5}]"
main,D,K7,425,BCDA,3,18,},,[125],-2.622607780722319e-06,1,"[{""token"":""}"",""token_id"":null,""bytes"":[125],""logprob"":-2.622607780722319e-06,""rank"":1},{""token"":""},"",""token_id"":null,""bytes"":[125,44],""logprob"":-13.304072380065918,""rank"":2},{""token"":""}\"""",""token_id"":null,""bytes"":[125,34],""logprob"":-14.436419486999512,""rank"":3},{""token"":""}'"",""token_id"":null,""bytes"":[125,39],""logprob"":-14.71263599395752,""rank"":4},{""token"":"""",""token_id"":null,""bytes"":[],""logprob"":-16.880449295043945,""rank"":5}]"
main,A,R0,425,BCDA,4,1,{,,[123],-0.017701268196105957,1,"[{""token"":""{"",""token_id"":null,""bytes"":[123],""logprob"":-0.017701268196105957,""rank"":1},{""token"":""{\"""",""token_id"":null,""bytes"":[123,34],""logprob"":-4.527174949645996,""rank"":2},{""token"":""```"",""token_id"":null,""bytes"":[96,96,96],""logprob"":-5.166430473327637,""rank"":3},{""token"":""{\\"",""token_id"":null,""bytes"":[123,92],""logprob"":-9.290816307067871,""rank"":4},{""token"":""{'"",""token_id"":null,""bytes"":[123,39],""logprob"":-9.338777542114258,""rank"":5}]"
main,A,R0,425,BCDA,4,2,"
",,[10],-0.0012813667999580503,1,"[{""token"":""\n"",""token_id"":null,""bytes"":[10],""logprob"":-0.0012813667999580503,""rank"":1},{""token"":"" \"""",""token_id"":null,""bytes"":[32,34],""logprob"":-6.833825588226318,""rank"":2},{""token"":""mode"",""token_id"":null,""bytes"":[109,111,100,101],""logprob"":-8.847938537597656,""rank"":3},{""token"":"" "",""token_id"":null,""bytes"":[32],""logprob"":-10.73855209350586,""rank"":4},{""token"":"" \n"",""token_id"":null,""bytes"":[32,10],""logprob"":-11.28103256225586,""rank"":5}]"
main,A,R0,425,BCDA,4,3, ,,[32],-0.00021930952789261937,1,"[{""token"":"" "",""token_id"":null,""bytes"":[32],""logprob"":-0.00021930952789261937,""rank"":1},{""token"":""\"""",""token_id"":null,""bytes"":[34],""logprob"":-8.988393783569336,""rank"":2},{""token"":"" \"""",""token_id"":null,""bytes"":[32,34],""logprob"":-9.370800018310547,""rank"":3},{""token"":""  \n"",""token_id"":null,""bytes"":[32,32,10],""logprob"":-13.117914199829102,""rank"":4},{""token"":""\""text"",""token_id"":null,""bytes"":[34,116,101,120,116],""logprob"":-13.223142623901367,""rank"":5}]"
main,A,R0,425,BCDA,4,4," """,,"[32,34]",-3.814704541582614e-06,1,"[{""token"":"" \"""",""token_id"":null,""bytes"":[32,34],""logprob"":-3.814704541582614e-06,""rank"":1},{""token"":"" \""_"",""token_id"":null,""bytes"":[32,34,95],""logprob"":-13.24009895324707,""rank"":2},{""token"":"" \""\\\"""",""token_id"":null,""bytes"":[32,34,92,34],""logprob"":-13.954038619995117,""rank"":3},{""token"":"" mode"",""token_id"":null,""bytes"":[32,109,111,100,101],""logprob"":-15.210006713867188,""rank"":4},{""token"":"" \""__"",""token_id"":null,""bytes"":[32,34,95,95],""logprob"":-15.355708122253418,""rank"":5}]"
main,A,R0,425,BCDA,4,5,mode,,"[109,111,100,101]",-0.00011563969746930525,1,"[{""token"":""mode"",""token_id"":null,""bytes"":[109,111,100,101],""logprob"":-0.00011563969746930525,""rank"":1},{""token"":""texte"",""token_id"":null,""bytes"":[116,101,120,116,101],""logprob"":-9.487587928771973,""rank"":2},{""token"":""\tmode"",""token_id"":null,""bytes"":[9,109,111,100,101],""logprob"":-12.448882102966309,""rank"":3},{""token"":""message"",""token_id"":null,""bytes"":[109,101,115,115,97,103,101],""logprob"":-12.675307273864746,""rank"":4},{""token"":""type"",""token_id"":null,""bytes"":[116,121,112,101],""logprob"":-12.780400276184082,""rank"":5}]"
main,A,R0,425,BCDA,4,6,""":",,"[34,58]",-5.960482212685747e-06,1,"[{""token"":""\"":"",""token_id"":null,""bytes"":[34,58],""logprob"":-5.960482212685747e-06,""rank"":1},{""token"":""\"":\"""",""token_id"":null,""bytes"":[34,58,34],""logprob"":-12.405611038208008,""rank"":2},{""token"":""\"""",""token_id"":null,""bytes"":[34],""logprob"":-13.86256217956543,""rank"":3},{""token"":""\"","",""token_id"":null,""bytes"":[34,44],""logprob"":-14.75390625,""rank"":4},{""token"":""':"",""token_id"":null,""bytes"":[39,58],""logprob"":-15.401510238647461,""rank"":5}]"
main,A,R0,425,BCDA,4,7," """,,"[32,34]",-6.878612475702539e-05,1,"[{""token"":"" \"""",""token_id"":null,""bytes"":[32,34],""logprob"":-6.878612475702539e-05,""rank"":1},{""token"":"" \""\"","",""token_id"":null,""bytes"":[32,34,34,44],""logprob"":-11.401308059692383,""rank"":2},{""token"":"" \""..."",""token_id"":null,""bytes"":[32,34,46,46,46],""logprob"":-11.616853713989258,""rank"":3},{""token"":"" parole"",""token_id"":null,""bytes"":[32,112,97,114,111,108,101],""logprob"":-11.877944946289062,""rank"":4},{""token"":"" \""\"""",""token_id"":null,""bytes"":[32,34,34],""logprob"":-12.042781829833984,""rank"":5}]"
main,A,R0,425,BCDA,4,8,sil,,"[115,105,108]",-0.6829010248184204,1,"[{""token"":""sil"",""token_id"":null,""bytes"":[115,105,108],""logprob"":-0.6829010248184204,""rank"":1},{""token"":""parole"",""token_id"":null,""bytes"":[112,97,114,111,108,101],""logprob"":-0.7116065621376038,""rank"":2},{""token"":""par"",""token_id"":null,""bytes"":[112,97,114],""logprob"":-7.376031398773193,""rank"":3},{""token"":""pare"",""token_id"":null,""bytes"":[112,97,114,101],""logprob"":-8.316965103149414,""rank"":4},{""token"":""s"",""token_id"":null,""bytes"":[115],""logprob"":-8.35165786743164,""rank"":5}]"
main,A,R0,425,BCDA,4,9,ence,,"[101,110,99,101]",-1.0728893357736524e-05,1,"[{""token"":""ence"",""token_id"":null,""bytes"":[101,110,99,101],""logprob"":-1.0728893357736524e-05,""rank"":1},{""token"":""ience"",""token_id"":null,""bytes"":[105,101,110,99,101],""logprob"":-11.881476402282715,""rank"":2},{""token"":""ance"",""token_id"":null,""bytes"":[97,110,99,101],""logprob"":-12.749621391296387,""rank"":3},{""token"":""enc"",""token_id"":null,""bytes"":[101,110,99],""logprob"":-15.021140098571777,""rank"":4},{""token"":""\"","",""token_id"":null,""bytes"":[34,44],""logprob"":-15.82038402557373,""rank"":5}]"
main,A,R0,425,BCDA,4,10,""",",,"[34,44]",-0.10400095582008362,1,"[{""token"":""\"","",""token_id"":null,""bytes"":[34,44],""logprob"":-0.10400095582008362,""rank"":1},{""token"":""\"""",""token_id"":null,""bytes"":[34],""logprob"":-2.3149843215942383,""rank"":2},{""token"":""\n"",""token_id"":null,""bytes"":[10],""logprob"":-12.798715591430664,""rank"":3},{""token"":""\""."",""token_id"":null,""bytes"":[34,46],""logprob"":-13.602818489074707,""rank"":4},{""token"":""\\\"","",""token_id"":null,""bytes"":[92,34,44],""logprob"":-14.086886405944824,""rank"":5}]"
main,A,R0,425,BCDA,4,11,"
",,[10],-4.529963462118758e-06,1,"[{""token"":""\n"",""token_id"":null,""bytes"":[10],""logprob"":-4.529963462118758e-06,""rank"":1},{""token"":"" \n"",""token_id"":null,""bytes"":[32,10],""logprob"":-12.82629108428955,""rank"":2},{""token"":"""",""token_id"":null,""bytes"":[],""logprob"":-14.03629207611084,""rank"":3},{""token"":""\n\n"",""token_id"":null,""bytes"":[10,10],""logprob"":-14.489842414855957,""rank"":4},{""token"":"" \"""",""token_id"":null,""bytes"":[32,34],""logprob"":-15.350348472595215,""rank"":5}]"
main,A,R0,425,BCDA,4,12, ,,[32],-4.768372718899627e-07,1,"[{""token"":"" "",""token_id"":null,""bytes"":[32],""logprob"":-4.768372718899627e-07,""rank"":1},{""token"":"" \"""",""token_id"":null,""bytes"":[32,34],""logprob"":-14.830775260925293,""rank"":2},{""token"":""  \n"",""token_id"":null,""bytes"":[32,32,10],""logprob"":-15.846244812011719,""rank"":3},{""token"":"" texte"",""token_id"":null,""bytes"":[32,116,101,120,116,101],""logprob"":-17.57489776611328,""rank"":4},{""token"":""\"":"",""token_id"":null,""bytes"":[34,58],""logprob"":-17.85828399658203,""rank"":5}]"
main,A,R0,425,BCDA,4,13," """,,"[32,34]",-2.7418175250204513e-06,1,"[{""token"":"" \"""",""token_id"":null,""bytes"":[32,34],""logprob"":-2.7418175250204513e-06,""rank"":1},{""token"":"" \""\"""",""token_id"":null,""bytes"":[32,34,34],""logprob"":-12.913479804992676,""rank"":2},{""token"":"" \""\\\"""",""token_id"":null,""bytes"":[32,34,92,34],""logprob"":-15.69869327545166,""rank"":3},{""token"":"" \""_"",""token_id"":null,""bytes"":[32,34,95],""logprob"":-16.026199340820312,""rank"":4},{""token"":"" \""."",""token_id"":null,""bytes"":[32,34,46],""logprob"":-16.689477920532227,""rank"":5}]"
main,A,R0,425,BCDA,4,14,texte,,"[116,101,120,116,101]",-0.0006296828505583107,1,"[{""token"":""texte"",""token_id"":null,""bytes"":[116,101,120,116,101],""logprob"":-0.0006296828505583107,""rank"":1},{""token"":""texto"",""token_id"":null,""bytes"":[116,101,120,116,111],""logprob"":-7.841743469238281,""rank"":2},{""token"":"" texte"",""token_id"":null,""bytes"":[32,116,101,120,116,101],""logprob"":-9.23090934753418,""rank"":3},{""token"":""texture"",""token_id"":null,""bytes"":[116,101,120,116,117,114,101],""logprob"":-10.990337371826172,""rank"":4},{""token"":""liste"",""token_id"":null,""bytes"":[108,105,115,116,101],""logprob"":-11.11802864074707,""rank"":5}]"
main,A,R0,425,BCDA,4,15,""":",,"[34,58]",-9.775209946383256e-06,1,"[{""token"":""\"":"",""token_id"":null,""bytes"":[34,58],""logprob"":-9.775209946383256e-06,""rank"":1},{""token"":""\"""",""token_id"":null,""bytes"":[34],""logprob"":-11.71143913269043,""rank"":2},{""token"":""\"":\""\"""",""token_id"":null,""bytes"":[34,58,34,34],""logprob"":-13.73509407043457,""rank"":3},{""token"":""\\\"":"",""token_id"":null,""bytes"":[92,34,58],""logprob"":-15.427671432495117,""rank"":4},{""token"":""\"":\"""",""token_id"":null,""bytes"":[34,58,34],""logprob"":-16.406694412231445,""rank"":5}]"
main,A,R0,425,BCDA,4,16," """"",,"[32,34,34]",-0.0034958957694470882,1,"[{""token"":"" \""\"""",""token_id"":null,""bytes"":[32,34,34],""logprob"":-0.0034958957694470882,""rank"":1},{""token"":"" \"""",""token_id"":null,""bytes"":[32,34],""logprob"":-5.9778056144714355,""rank"":2},{""token"":"" null"",""token_id"":null,""bytes"":[32,110,117,108,108],""logprob"":-7.4228434562683105,""rank"":3},{""token"":"" \""\"","",""token_id"":null,""bytes"":[32,34,34,44],""logprob"":-8.4609375,""rank"":4},{""token"":"" \""\\\"""",""token_id"":null,""bytes"":[32,34,92,34],""logprob"":-9.420413970947266,""rank"":5}]"
main,A,R0,425,BCDA,4,17,"
",,[10],-9.536747711536009e-07,1,"[{""token"":""\n"",""token_id"":null,""bytes"":[10],""logprob"":-9.536747711536009e-07,""rank"":1},{""token"":"""",""token_id"":null,""bytes"":[],""logprob"":-14.770174026489258,""rank"":2},{""token"":"" \n"",""token_id"":null,""bytes"":[32,10],""logprob"":-14.94002914428711,""rank"":3},{""token"":""\n\n"",""token_id"":null,""bytes"":[10,10],""logprob"":-15.378928184509277,""rank"":4},{""token"":""\n\n\n"",""token_id"":null,""bytes"":[10,10,10],""logprob"":-18.373306274414062,""rank"":5}]"
main,A,R0,425,BCDA,4,18,},,[125],-2.5033982637978625e-06,1,"[{""token"":""}"",""token_id"":null,""bytes"":[125],""logprob"":-2.5033982637978625e-06,""rank"":1},{""token"":""},"",""token_id"":null,""bytes"":[125,44],""logprob"":-13.417893409729004,""rank"":2},{""token"":""}\"""",""token_id"":null,""bytes"":[125,34],""logprob"":-14.308489799499512,""rank"":3},{""token"":""}'"",""token_id"":null,""bytes"":[125,39],""logprob"":-14.59435749053955,""rank"":4},{""token"":""}`"",""token_id"":null,""bytes"":[125,96],""logprob"":-16.7717342376709,""rank"":5}]"
main,C,K0,426,CDAB,1,1,{,,[123],-0.022347530350089073,1,"[{""token"":""{"",""token_id"":null,""bytes"":[123],""logprob"":-0.022347530350089073,""rank"":1},{""token"":""{\"""",""token_id"":null,""bytes"":[123,34],""logprob"":-4.103880882263184,""rank"":2},{""token"":""```"",""token_id"":null,""bytes"":[96,96,96],""logprob"":-5.384608268737793,""rank"":3},{""token"":""{\\\"""",""token_id"":null,""bytes"":[123,92,34],""logprob"":-9.20559310913086,""rank"":4},{""token"":""{}"",""token_id"":null,""bytes"":[123,125],""logprob"":-9.365748405456543,""rank"":5}]"
main,C,K0,426,CDAB,1,2,"
",,[10],-0.0010407617082819343,1,"[{""token"":""\n"",""token_id"":null,""bytes"":[10],""logprob"":-0.0010407617082819343,""rank"":1},{""token"":"" \"""",""token_id"":null,""bytes"":[32,34],""logprob"":-7.071502208709717,""rank"":2},{""token"":""mode"",""token_id"":null,""bytes"":[109,111,100,101],""logprob"":-8.883734703063965,""rank"":3},{""token"":"" "",""token_id"":null,""bytes"":[32],""logprob"":-10.773819923400879,""rank"":4},{""token"":"" \n"",""token_id"":null,""bytes"":[32,10],""logprob"":-11.489826202392578,""rank"":5}]"
main,C,K0,426,CDAB,1,3, ,,[32],-0.00021775947243440896,1,"[{""token"":"" "",""token_id"":null,""bytes"":[32],""logprob"":-0.00021775947243440896,""rank"":1},{""token"":""\"""",""token_id"":null,""bytes"":[34],""logprob"":-9.088756561279297,""rank"":2},{""token"":"" \"""",""token_id"":null,""bytes"":[32,34],""logprob"":-9.261333465576172,""rank"":3},{""token"":""\""text"",""token_id"":null,""bytes"":[34,116,101,120,116],""logprob"":-13.031827926635742,""rank"":4},{""token"":""  \n"",""token_id"":null,""bytes"":[32,32,10],""logprob"":-13.105371475219727,""rank"":5}]"
main,C,K0,426,CDAB,1,4," """,,"[32,34]",-3.218656047465629e-06,1,"[{""token"":"" \"""",""token_id"":null,""bytes"":[32,34],""logprob"":-3.218656047465629e-06,""rank"":1},{""token"":"" \""_"",""token_id"":null,""bytes"":[32,34,95],""logprob"":-13.295794486999512,""rank"":2},{""token"":"" \""\\\"""",""token_id"":null,""bytes"":[32,34,92,34],""logprob"":-14.324239730834961,""rank"":3},{""token"":"" mode"",""token_id"":null,""bytes"":[32,109,111,100,101],""logprob"":-15.079508781433105,""rank"":4},{""token"":"" \""__"",""token_id"":null,""bytes"":[32,34,95,95],""logprob"":-15.397425651550293,""rank"":5}]"
main,C,K0,426,CDAB,1,5,mode,,"[109,111,100,101]",-0.00011695115244947374,1,"[{""token"":""mode"",""token_id"":null,""bytes"":[109,111,100,101],""logprob"":-0.00011695115244947374,""rank"":1},{""token"":""texte"",""token_id"":null,""bytes"":[116,101,120,116,101],""logprob"":-9.467223167419434,""rank"":2},{""token"":""\tmode"",""token_id"":null,""bytes"":[9,109,111,100,101],""logprob"":-12.454880714416504,""rank"":3},{""token"":""message"",""token_id"":null,""bytes"":[109,101,115,115,97,103,101],""logprob"":-12.663521766662598,""rank"":4},{""token"":""type"",""token_id"":null,""bytes"":[116,121,112,101],""logprob"":-12.774247169494629,""rank"":5}]"
main,C,K0,426,CDAB,1,6,""":",,"[34,58]",-5.722062269342132e-06,1,"[{""token"":""\"":"",""token_id"":null,""bytes"":[34,58],""logprob"":-5.722062269342132e-06,""rank"":1},{""token"":""\"":\"""",""token_id"":null,""bytes"":[34,58,34],""logprob"":-12.455028533935547,""rank"":2},{""token"":""\"""",""token_id"":null,""bytes"":[34],""logprob"":-14.045772552490234,""rank"":3},{""token"":""\"","",""token_id"":null,""bytes"":[34,44],""logprob"":-14.704669952392578,""rank"":4},{""token"":""':"",""token_id"":null,""bytes"":[39,58],""logprob"":-15.434219360351562,""rank"":5}]"
main,C,K0,426,CDAB,1,7," """,,"[32,34]",-6.580569606740028e-05,1,"[{""token"":"" \"""",""token_id"":null,""bytes"":[32,34],""logprob"":-6.580569606740028e-05,""rank"":1},{""token"":"" \""\"","",""token_id"":null,""bytes"":[32,34,34,44],""logprob"":-11.462050437927246,""rank"":2},{""token"":"" \""..."",""token_id"":null,""bytes"":[32,34,46,46,46],""logprob"":-11.589383125305176,""rank"":3},{""token"":"" parole"",""token_id"":null,""bytes"":[32,112,97,114,111,108,101],""logprob"":-11.91740894317627,""rank"":4},{""token"":"" \""\"""",""token_id"":null,""bytes"":[32,34,34],""logprob"":-12.049454689025879,""rank"":5}]"
main,C,K0,426,CDAB,1,8,sil,,"[115,105,108]",-0.6199643015861511,1,"[{""token"":""sil"",""token_id"":null,""bytes"":[115,105,108],""logprob"":-0.6199643015861511,""rank"":1},{""token"":""parole"",""token_id"":null,""bytes"":[112,97,114,111,108,101],""logprob"":-0.7807443141937256,""rank"":2},{""token"":""par"",""token_id"":null,""bytes"":[112,97,114],""logprob"":-7.385531902313232,""rank"":3},{""token"":"" parole"",""token_id"":null,""bytes"":[32,112,97,114,111,108,101],""logprob"":-8.325679779052734,""rank"":4},{""token"":""pare"",""token_id"":null,""bytes"":[112,97,114,101],""logprob"":-8.352705001831055,""rank"":5}]"
main,C,K0,426,CDAB,1,9,ence,,"[101,110,99,101]",-9.775209946383256e-06,1,"[{""token"":""ence"",""token_id"":null,""bytes"":[101,110,99,101],""logprob"":-9.775209946383256e-06,""rank"":1},{""token"":""ience"",""token_id"":null,""bytes"":[105,101,110,99,101],""logprob"":-11.912710189819336,""rank"":2},{""token"":""ance"",""token_id"":null,""bytes"":[97,110,99,101],""logprob"":-12.932533264160156,""rank"":3},{""token"":""enc"",""token_id"":null,""bytes"":[101,110,99],""logprob"":-15.216045379638672,""rank"":4},{""token"":""\"","",""token_id"":null,""bytes"":[34,44],""logprob"":-16.03968620300293,""rank"":5}]"
main,C,K0,426,CDAB,1,10,""",",,"[34,44]",-0.10642677545547485,1,"[{""token"":""\"","",""token_id"":null,""bytes"":[34,44],""logprob"":-0.10642677545547485,""rank"":1},{""token"":""\"""",""token_id"":null,""bytes"":[34],""logprob"":-2.293093204498291,""rank"":2},{""token"":""\n"",""token_id"":null,""bytes"":[10],""logprob"":-13.433211326599121,""rank"":3},{""token"":""\""."",""token_id"":null,""bytes"":[34,46],""logprob"":-13.752901077270508,""rank"":4},{""token"":""\\\"","",""token_id"":null,""bytes"":[92,34,44],""logprob"":-14.33447265625,""rank"":5}]"
main,C,K0,426,CDAB,1,11,"
",,[10],-3.337865791763761e-06,1,"[{""token"":""\n"",""token_id"":null,""bytes"":[10],""logprob"":-3.337865791763761e-06,""rank"":1},{""token"":"" \n"",""token_id"":null,""bytes"":[32,10],""logprob"":-13.107783317565918,""rank"":2},{""token"":"""",""token_id"":null,""bytes"":[],""logprob"":-14.255763053894043,""rank"":3},{""token"":""\n\n"",""token_id"":null,""bytes"":[10,10],""logprob"":-14.601638793945312,""rank"":4},{""token"":"" \"""",""token_id"":null,""bytes"":[32,34],""logprob"":-15.553372383117676,""rank"":5}]"
main,C,K0,426,CDAB,1,12, ,,[32],-4.768372718899627e-07,1,"[{""token"":"" "",""token_id"":null,""bytes"":[32],""logprob"":-4.768372718899627e-07,""rank"":1},{""token"":"" \"""",""token_id"":null,""bytes"":[32,34],""logprob"":-14.94283676147461,""rank"":2},{""token"":""  \n"",""token_id"":null,""bytes"":[32,32,10],""logprob"":-16.096988677978516,""rank"":3},{""token"":"" texte"",""token_id"":null,""bytes"":[32,116,101,120,116,101],""logprob"":-17.702526092529297,""rank"":4},{""token"":""\"":"",""token_id"":null,""bytes"":[34,58],""logprob"":-18.022602081298828,""rank"":5}]"
main,C,K0,426,CDAB,1,13," """,,"[32,34]",-1.3113030945532955e-06,1,"[{""token"":"" \"""",""token_id"":null,""bytes"":[32,34],""logprob"":-1.3113030945532955e-06,""rank"":1},{""token"":"" \""\"""",""token_id"":null,""bytes"":[32,34,34],""logprob"":-13.740971565246582,""rank"":2},{""token"":"" \""\\\"""",""token_id"":null,""bytes"":[32,34,92,34],""logprob"":-16.369064331054688,""rank"":3},{""token"":"" \""."",""token_id"":null,""bytes"":[32,34,46],""logprob"":-16.59925079345703,""rank"":4},{""token"":"" \""_"",""token_id"":null,""bytes"":[32,34,95],""logprob"":-16.92404556274414,""rank"":5}]"
main,C,K0,426,CDAB,1,14,texte,,"[116,101,120,116,101]",-0.000701315701007843,1,"[{""token"":""texte"",""token_id"":null,""bytes"":[116,101,120,116,101],""logprob"":-0.000701315701007843,""rank"":1},{""token"":""texto"",""token_id"":null,""bytes"":[116,101,120,116,111],""logprob"":-7.710988521575928,""rank"":2},{""token"":"" texte"",""token_id"":null,""bytes"":[32,116,101,120,116,101],""logprob"":-9.253518104553223,""rank"":3},{""token"":""texture"",""token_id"":null,""bytes"":[116,101,120,116,117,114,101],""logprob"":-10.663298606872559,""rank"":4},{""token"":""text"",""token_id"":null,""bytes"":[116,101,120,116],""logprob"":-10.913947105407715,""rank"":5}]"
main,C,K0,426,CDAB,1,15,""":",,"[34,58]",-1.025205165205989e-05,1,"[{""token"":""\"":"",""token_id"":null,""bytes"":[34,58],""logprob"":-1.025205165205989e-05,""rank"":1},{""token"":""\"""",""token_id"":null,""bytes"":[34],""logprob"":-11.64643383026123,""rank"":2},{""token"":""\"":\""\"""",""token_id"":null,""bytes"":[34,58,34,34],""logprob"":-13.708300590515137,""rank"":3},{""token"":""\\\"":"",""token_id"":null,""bytes"":[92,34,58],""logprob"":-15.41968059539795,""rank"":4},{""token"":""\"":\"""",""token_id"":null,""bytes"":[34,58,34],""logprob"":-16.462614059448242,""rank"":5}]"
main,C,K0,426,CDAB,1,16," """"",,"[32,34,34]",-0.0032841789070516825,1,"[{""token"":"" \""\"""",""token_id"":null,""bytes"":[32,34,34],""logprob"":-0.0032841789070516825,""rank"":1},{""token"":"" \"""",""token_id"":null,""bytes"":[32,34],""logprob"":-6.025295257568359,""rank"":2},{""token"":"" null"",""token_id"":null,""bytes"":[32,110,117,108,108],""logprob"":-7.520589351654053,""rank"":3},{""token"":"" \""\"","",""token_id"":null,""bytes"":[32,34,34,44],""logprob"":-8.617876052856445,""rank"":4},{""token"":"" \""\\\"""",""token_id"":null,""bytes"":[32,34,92,34],""logprob"":-9.446208953857422,""rank"":5}]"
main,C,K0,426,CDAB,1,17,"
",,[10],-8.344653679159819e-07,1,"[{""token"":""\n"",""token_id"":null,""bytes"":[10],""logprob"":-8.344653679159819e-07,""rank"":1},{""token"":"""",""token_id"":null,""bytes"":[],""logprob"":-14.832995414733887,""rank"":2},{""token"":"" \n"",""token_id"":null,""bytes"":[32,10],""logprob"":-15.189888954162598,""rank"":3},{""token"":""\n\n"",""token_id"":null,""bytes"":[10,10],""logprob"":-15.416543006896973,""rank"":4},{""token"":""\n\n\n"",""token_id"":null,""bytes"":[10,10,10],""logprob"":-18.386173248291016,""rank"":5}]"
main,C,K0,426,CDAB,1,18,},,[125],-2.3841887468734058e-06,1,"[{""token"":""}"",""token_id"":null,""bytes"":[125],""logprob"":-2.3841887468734058e-06,""rank"":1},{""token"":""},"",""token_id"":null,""bytes"":[125,44],""logprob"":-13.398757934570312,""rank"":2},{""token"":""}\"""",""token_id"":null,""bytes"":[125,34],""logprob"":-14.608040809631348,""rank"":3},{""token"":""}'"",""token_id"":null,""bytes"":[125,39],""logprob"":-14.80576229095459,""rank"":4},{""token"":""}`"",""token_id"":null,""bytes"":[125,96],""logprob"":-16.94948387145996,""rank"":5}]"
main,D,K7,426,CDAB,2,1,{,,[123],-0.019648456946015358,1,"[{""token"":""{"",""token_id"":null,""bytes"":[123],""logprob"":-0.019648456946015358,""rank"":1},{""token"":""{\"""",""token_id"":null,""bytes"":[123,34],""logprob"":-4.364804267883301,""rank"":2},{""token"":""```"",""token_id"":null,""bytes"":[96,96,96],""logprob"":-5.162684440612793,""rank"":3},{""token"":""{\\"",""token_id"":null,""bytes"":[123,92],""logprob"":-9.366595268249512,""rank"":4},{""token"":""{'"",""token_id"":null,""bytes"":[123,39],""logprob"":-9.472453117370605,""rank"":5}]"
main,D,K7,426,CDAB,2,2,"
",,[10],-0.001262209378182888,1,"[{""token"":""\n"",""token_id"":null,""bytes"":[10],""logprob"":-0.001262209378182888,""rank"":1},{""token"":"" \"""",""token_id"":null,""bytes"":[32,34],""logprob"":-6.884255886077881,""rank"":2},{""token"":""mode"",""token_id"":null,""bytes"":[109,111,100,101],""logprob"":-8.65310287475586,""rank"":3},{""token"":"" "",""token_id"":null,""bytes"":[32],""logprob"":-10.568531036376953,""rank"":4},{""token"":"" \n"",""token_id"":null,""bytes"":[32,10],""logprob"":-11.43088150024414,""rank"":5}]"
main,D,K7,426,CDAB,2,3, ,,[32],-0.0002571078948676586,1,"[{""token"":"" "",""token_id"":null,""bytes"":[32],""logprob"":-0.0002571078948676586,""rank"":1},{""token"":""\"""",""token_id"":null,""bytes"":[34],""logprob"":-8.83296012878418,""rank"":2},{""token"":"" \"""",""token_id"":null,""bytes"":[32,34],""logprob"":-9.205730438232422,""rank"":3},{""token"":""\""text"",""token_id"":null,""bytes"":[34,116,101,120,116],""logprob"":-13.042868614196777,""rank"":4},{""token"":""  \n"",""token_id"":null,""bytes"":[32,32,10],""logprob"":-13.055774688720703,""rank"":5}]"
main,D,K7,426,CDAB,2,4," """,,"[32,34]",-5.1260126383567695e-06,1,"[{""token"":"" \"""",""token_id"":null,""bytes"":[32,34],""logprob"":-5.1260126383567695e-06,""rank"":1},{""token"":"" \""_"",""token_id"":null,""bytes"":[32,34,95],""logprob"":-12.858902931213379,""rank"":2},{""token"":"" \""\\\"""",""token_id"":null,""bytes"":[32,34,92,34],""logprob"":-13.873766899108887,""rank"":3},{""token"":"" mode"",""token_id"":null,""bytes"":[32,109,111,100,101],""logprob"":-14.700273513793945,""rank"":4},{""token"":"" \""__"",""token_id"":null,""bytes"":[32,34,95,95],""logprob"":-15.031352996826172,""rank"":5}]"
main,D,K7,426,CDAB,2,5,mode,,"[109,111,100,101]",-0.00010383668268332258,1,"[{""token"":""mode"",""token_id"":null,""bytes"":[109,111,100,101],""logprob"":-0.00010383668268332258,""rank"":1},{""token"":""texte"",""token_id"":null,""bytes"":[116,101,120,116,101],""logprob"":-9.640795707702637,""rank"":2},{""token"":""\tmode"",""token_id"":null,""bytes"":[9,109,111,100,101],""logprob"":-12.447422981262207,""rank"":3},{""token"":""message"",""token_id"":null,""bytes"":[109,101,115,115,97,103,101],""logprob"":-12.718585014343262,""rank"":4},{""token"":""type"",""token_id"":null,""bytes"":[116,121,112,101],""logprob"":-12.868250846862793,""rank"":5}]"
main,D,K7,426,CDAB,2,6,""":",,"[34,58]",-5.960482212685747e-06,1,"[{""token"":""\"":"",""token_id"":null,""bytes"":[34,58],""logprob"":-5.960482212685747e-06,""rank"":1},{""token"":""\"":\"""",""token_id"":null,""bytes"":[34,58,34],""logprob"":-12.444189071655273,""rank"":2},{""token"":""\"""",""token_id"":null,""bytes"":[34],""logprob"":-13.91639518737793,""rank"":3},{""token"":""\"","",""token_id"":null,""bytes"":[34,44],""logprob"":-14.644887924194336,""rank"":4},{""token"":""':"",""token_id"":null,""bytes"":[39,58],""logprob"":-15.362749099731445,""rank"":5}]"
main,D,K7,426,CDAB,2,7," """,,"[32,34]",-7.009752152953297e-05,1,"[{""token"":"" \"""",""token_id"":null,""bytes"":[32,34],""logprob"":-7.009752152953297e-05,""rank"":1},{""token"":"" \""\"","",""token_id"":null,""bytes"":[32,34,34,44],""logprob"":-11.385831832885742,""rank"":2},{""token"":"" \""..."",""token_id"":null,""bytes"":[32,34,46,46,46],""logprob"":-11.577933311462402,""rank"":3},{""token"":"" parole"",""token_id"":null,""bytes"":[32,112,97,114,111,108,101],""logprob"":-11.88742446899414,""rank"":4},{""token"":"" \""\"""",""token_id"":null,""bytes"":[32,34,34],""logprob"":-12.021692276000977,""rank"":5}]"
main,D,K7,426,CDAB,2,8,sil,,"[115,105,108]",-0.5934948325157166,1,"[{""token"":""sil"",""token_id"":null,""bytes"":[115,105,108],""logprob"":-0.5934948325157166,""rank"":1},{""token"":""parole"",""token_id"":null,""bytes"":[112,97,114,111,108,101],""logprob"":-0.8133338689804077,""rank"":2},{""token"":""par"",""token_id"":null,""bytes"":[112,97,114],""logprob"":-7.302597522735596,""rank"":3},{""token"":""pare"",""token_id"":null,""bytes"":[112,97,114,101],""logprob"":-8.257190704345703,""rank"":4},{""token"":""s"",""token_id"":null,""bytes"":[115],""logprob"":-8.34564208984375,""rank"":5}]"
main,D,K7,426,CDAB,2,9,ence,,"[101,110,99,101]",-9.775209946383256e-06,1,"[{""token"":""ence"",""token_id"":null,""bytes"":[101,110,99,101],""logprob"":-9.775209946383256e-06,""rank"":1},{""token"":""ience"",""token_id"":null,""bytes"":[105,101,110,99,101],""logprob"":-11.974973678588867,""rank"":2},{""token"":""ance"",""token_id"":null,""bytes"":[97,110,99,101],""logprob"":-12.842367172241211,""rank"":3},{""token"":""enc"",""token_id"":null,""bytes"":[101,110,99],""logprob"":-15.266870498657227,""rank"":4},{""token"":""ences"",""token_id"":null,""bytes"":[101,110,99,101,115],""logprob"":-16.035558700561523,""rank"":5}]"
main,D,K7,426,CDAB,2,10,""",",,"[34,44]",-0.11132138222455978,1,"[{""token"":""\"","",""token_id"":null,""bytes"":[34,44],""logprob"":-0.11132138222455978,""rank"":1},{""token"":""\"""",""token_id"":null,""bytes"":[34],""logprob"":-2.2505369186401367,""rank"":2},{""token"":""\n"",""token_id"":null,""bytes"":[10],""logprob"":-12.997644424438477,""rank"":3},{""token"":""\""."",""token_id"":null,""bytes"":[34,46],""logprob"":-13.728401184082031,""rank"":4},{""token"":""\\\"","",""token_id"":null,""bytes"":[92,34,44],""logprob"":-14.240416526794434,""rank"":5}]"
main,D,K7,426,CDAB,2,11,"
",,[10],-3.57628505298635e-06,1,"[{""token"":""\n"",""token_id"":null,""bytes"":[10],""logprob"":-3.57628505298635e-06,""rank"":1},{""token"":"" \n"",""token_id"":null,""bytes"":[32,10],""logprob"":-13.045957565307617,""rank"":2},{""token"":"""",""token_id"":null,""bytes"":[],""logprob"":-14.220623016357422,""rank"":3},{""token"":""\n\n"",""token_id"":null,""bytes"":[10,10],""logprob"":-14.449294090270996,""rank"":4},{""token"":"" \"""",""token_id"":null,""bytes"":[32,34],""logprob"":-15.582581520080566,""rank"":5}]"
main,D,K7,426,CDAB,2,12, ,,[32],-4.768372718899627e-07,1,"[{""token"":"" "",""token_id"":null,""bytes"":[32],""logprob"":-4.768372718899627e-07,""rank"":1},{""token"":"" \"""",""token_id"":null,""bytes"":[32,34],""logprob"":-14.934100151062012,""rank"":2},{""token"":""  \n"",""token_id"":null,""bytes"":[32,32,10],""logprob"":-15.774998664855957,""rank"":3},{""token"":"" texte"",""token_id"":null,""bytes"":[32,116,101,120,116,101],""logprob"":-17.64464569091797,""rank"":4},{""token"":""\"":"",""token_id"":null,""bytes"":[34,58],""logprob"":-17.890995025634766,""rank"":5}]"
main,D,K7,426,CDAB,2,13," """,,"[32,34]",-2.0265599687263602e-06,1,"[{""token"":"" \"""",""token_id"":null,""bytes"":[32,34],""logprob"":-2.0265599687263602e-06,""rank"":1},{""token"":"" \""\"""",""token_id"":null,""bytes"":[32,34,34],""logprob"":-13.254087448120117,""rank"":2},{""token"":"" \""\\\"""",""token_id"":null,""bytes"":[32,34,92,34],""logprob"":-16.043081283569336,""rank"":3},{""token"":"" \""_"",""token_id"":null,""bytes"":[32,34,95],""logprob"":-16.407825469970703,""rank"":4},{""token"":"" \""."",""token_id"":null,""bytes"":[32,34,46],""logprob"":-16.942138671875,""rank"":5}]"
main,D,K7,426,CDAB,2,14,texte,,"[116,101,120,116,101]",-0.0006448320928029716,1,"[{""token"":""texte"",""token_id"":null,""bytes"":[116,101,120,116,101],""logprob"":-0.0006448320928029716,""rank"":1},{""token"":""texto"",""token_id"":null,""bytes"":[116,101,120,116,111],""logprob"":-7.806743621826172,""rank"":2},{""token"":"" texte"",""token_id"":null,""bytes"":[32,116,101,120,116,101],""logprob"":-9.280204772949219,""rank"":3},{""token"":""texture"",""token_id"":null,""bytes"":[116,101,120,116,117,114,101],""logprob"":-10.911214828491211,""rank"":4},{""token"":""text"",""token_id"":null,""bytes"":[116,101,120,116],""logprob"":-11.027225494384766,""rank"":5}]"
main,D,K7,426,CDAB,2,15,""":",,"[34,58]",-9.179157132166438e-06,1,"[{""token"":""\"":"",""token_id"":null,""bytes"":[34,58],""logprob"":-9.179157132166438e-06,""rank"":1},{""token"":""\"""",""token_id"":null,""bytes"":[34],""logprob"":-11.782276153564453,""rank"":2},{""token"":""\"":\""\"""",""token_id"":null,""bytes"":[34,58,34,34],""logprob"":-13.713590621948242,""rank"":3},{""token"":""\\\"":"",""token_id"":null,""bytes"":[92,34,58],""logprob"":-15.420682907104492,""rank"":4},{""token"":""\"":\"""",""token_id"":null,""bytes"":[34,58,34],""logprob"":-16.319738388061523,""rank"":5}]"
main,D,K7,426,CDAB,2,16," """"",,"[32,34,34]",-0.0032456680200994015,1,"[{""token"":"" \""\"""",""token_id"":null,""bytes"":[32,34,34],""logprob"":-0.0032456680200994015,""rank"":1},{""token"":"" \"""",""token_id"":null,""bytes"":[32,34],""logprob"":-6.055448055267334,""rank"":2},{""token"":"" null"",""token_id"":null,""bytes"":[32,110,117,108,108],""logprob"":-7.501000881195068,""rank"":3},{""token"":"" \""\"","",""token_id"":null,""bytes"":[32,34,34,44],""logprob"":-8.500384330749512,""rank"":4},{""token"":"" \""\\\"""",""token_id"":null,""bytes"":[32,34,92,34],""logprob"":-9.465580940246582,""rank"":5}]"
main,D,K7,426,CDAB,2,17,"
",,[10],-8.344653679159819e-07,1,"[{""token"":""\n"",""token_id"":null,""bytes"":[10],""logprob"":-8.344653679159819e-07,""rank"":1},{""token"":"""",""token_id"":null,""bytes"":[],""logprob"":-14.713308334350586,""rank"":2},{""token"":"" \n"",""token_id"":null,""bytes"":[32,10],""logprob"":-15.195917129516602,""rank"":3},{""token"":""\n\n"",""token_id"":null,""bytes"":[10,10],""logprob"":-15.342458724975586,""rank"":4},{""token"":""\n\n\n"",""token_id"":null,""bytes"":[10,10,10],""logprob"":-18.374958038330078,""rank"":5}]"
main,D,K7,426,CDAB,2,18,},,[125],-2.622607780722319e-06,1,"[{""token"":""}"",""token_id"":null,""bytes"":[125],""logprob"":-2.622607780722319e-06,""rank"":1},{""token"":""},"",""token_id"":null,""bytes"":[125,44],""logprob"":-13.304072380065918,""rank"":2},{""token"":""}\"""",""token_id"":null,""bytes"":[125,34],""logprob"":-14.436419486999512,""rank"":3},{""token"":""}'"",""token_id"":null,""bytes"":[125,39],""logprob"":-14.71263599395752,""rank"":4},{""token"":"""",""token_id"":null,""bytes"":[],""logprob"":-16.880449295043945,""rank"":5}]"
main,A,R0,426,CDAB,3,1,{,,[123],-0.017701268196105957,1,"[{""token"":""{"",""token_id"":null,""bytes"":[123],""logprob"":-0.017701268196105957,""rank"":1},{""token"":""{\"""",""token_id"":null,""bytes"":[123,34],""logprob"":-4.527174949645996,""rank"":2},{""token"":""```"",""token_id"":null,""bytes"":[96,96,96],""logprob"":-5.166430473327637,""rank"":3},{""token"":""{\\"",""token_id"":null,""bytes"":[123,92],""logprob"":-9.290816307067871,""rank"":4},{""token"":""{'"",""token_id"":null,""bytes"":[123,39],""logprob"":-9.338777542114258,""rank"":5}]"
main,A,R0,426,CDAB,3,2,"
",,[10],-0.0012813667999580503,1,"[{""token"":""\n"",""token_id"":null,""bytes"":[10],""logprob"":-0.0012813667999580503,""rank"":1},{""token"":"" \"""",""token_id"":null,""bytes"":[32,34],""logprob"":-6.833825588226318,""rank"":2},{""token"":""mode"",""token_id"":null,""bytes"":[109,111,100,101],""logprob"":-8.847938537597656,""rank"":3},{""token"":"" "",""token_id"":null,""bytes"":[32],""logprob"":-10.73855209350586,""rank"":4},{""token"":"" \n"",""token_id"":null,""bytes"":[32,10],""logprob"":-11.28103256225586,""rank"":5}]"
main,A,R0,426,CDAB,3,3, ,,[32],-0.00021930952789261937,1,"[{""token"":"" "",""token_id"":null,""bytes"":[32],""logprob"":-0.00021930952789261937,""rank"":1},{""token"":""\"""",""token_id"":null,""bytes"":[34],""logprob"":-8.988393783569336,""rank"":2},{""token"":"" \"""",""token_id"":null,""bytes"":[32,34],""logprob"":-9.370800018310547,""rank"":3},{""token"":""  \n"",""token_id"":null,""bytes"":[32,32,10],""logprob"":-13.117914199829102,""rank"":4},{""token"":""\""text"",""token_id"":null,""bytes"":[34,116,101,120,116],""logprob"":-13.223142623901367,""rank"":5}]"
main,A,R0,426,CDAB,3,4," """,,"[32,34]",-3.814704541582614e-06,1,"[{""token"":"" \"""",""token_id"":null,""bytes"":[32,34],""logprob"":-3.814704541582614e-06,""rank"":1},{""token"":"" \""_"",""token_id"":null,""bytes"":[32,34,95],""logprob"":-13.24009895324707,""rank"":2},{""token"":"" \""\\\"""",""token_id"":null,""bytes"":[32,34,92,34],""logprob"":-13.954038619995117,""rank"":3},{""token"":"" mode"",""token_id"":null,""bytes"":[32,109,111,100,101],""logprob"":-15.210006713867188,""rank"":4},{""token"":"" \""__"",""token_id"":null,""bytes"":[32,34,95,95],""logprob"":-15.355708122253418,""rank"":5}]"
main,A,R0,426,CDAB,3,5,mode,,"[109,111,100,101]",-0.00011563969746930525,1,"[{""token"":""mode"",""token_id"":null,""bytes"":[109,111,100,101],""logprob"":-0.00011563969746930525,""rank"":1},{""token"":""texte"",""token_id"":null,""bytes"":[116,101,120,116,101],""logprob"":-9.487587928771973,""rank"":2},{""token"":""\tmode"",""token_id"":null,""bytes"":[9,109,111,100,101],""logprob"":-12.448882102966309,""rank"":3},{""token"":""message"",""token_id"":null,""bytes"":[109,101,115,115,97,103,101],""logprob"":-12.675307273864746,""rank"":4},{""token"":""type"",""token_id"":null,""bytes"":[116,121,112,101],""logprob"":-12.780400276184082,""rank"":5}]"
main,A,R0,426,CDAB,3,6,""":",,"[34,58]",-5.960482212685747e-06,1,"[{""token"":""\"":"",""token_id"":null,""bytes"":[34,58],""logprob"":-5.960482212685747e-06,""rank"":1},{""token"":""\"":\"""",""token_id"":null,""bytes"":[34,58,34],""logprob"":-12.405611038208008,""rank"":2},{""token"":""\"""",""token_id"":null,""bytes"":[34],""logprob"":-13.86256217956543,""rank"":3},{""token"":""\"","",""token_id"":null,""bytes"":[34,44],""logprob"":-14.75390625,""rank"":4},{""token"":""':"",""token_id"":null,""bytes"":[39,58],""logprob"":-15.401510238647461,""rank"":5}]"
main,A,R0,426,CDAB,3,7," """,,"[32,34]",-6.878612475702539e-05,1,"[{""token"":"" \"""",""token_id"":null,""bytes"":[32,34],""logprob"":-6.878612475702539e-05,""rank"":1},{""token"":"" \""\"","",""token_id"":null,""bytes"":[32,34,34,44],""logprob"":-11.401308059692383,""rank"":2},{""token"":"" \""..."",""token_id"":null,""bytes"":[32,34,46,46,46],""logprob"":-11.616853713989258,""rank"":3},{""token"":"" parole"",""token_id"":null,""bytes"":[32,112,97,114,111,108,101],""logprob"":-11.877944946289062,""rank"":4},{""token"":"" \""\"""",""token_id"":null,""bytes"":[32,34,34],""logprob"":-12.042781829833984,""rank"":5}]"
main,A,R0,426,CDAB,3,8,sil,,"[115,105,108]",-0.6829010248184204,1,"[{""token"":""sil"",""token_id"":null,""bytes"":[115,105,108],""logprob"":-0.6829010248184204,""rank"":1},{""token"":""parole"",""token_id"":null,""bytes"":[112,97,114,111,108,101],""logprob"":-0.7116065621376038,""rank"":2},{""token"":""par"",""token_id"":null,""bytes"":[112,97,114],""logprob"":-7.376031398773193,""rank"":3},{""token"":""pare"",""token_id"":null,""bytes"":[112,97,114,101],""logprob"":-8.316965103149414,""rank"":4},{""token"":""s"",""token_id"":null,""bytes"":[115],""logprob"":-8.35165786743164,""rank"":5}]"
main,A,R0,426,CDAB,3,9,ence,,"[101,110,99,101]",-1.0728893357736524e-05,1,"[{""token"":""ence"",""token_id"":null,""bytes"":[101,110,99,101],""logprob"":-1.0728893357736524e-05,""rank"":1},{""token"":""ience"",""token_id"":null,""bytes"":[105,101,110,99,101],""logprob"":-11.881476402282715,""rank"":2},{""token"":""ance"",""token_id"":null,""bytes"":[97,110,99,101],""logprob"":-12.749621391296387,""rank"":3},{""token"":""enc"",""token_id"":null,""bytes"":[101,110,99],""logprob"":-15.021140098571777,""rank"":4},{""token"":""\"","",""token_id"":null,""bytes"":[34,44],""logprob"":-15.82038402557373,""rank"":5}]"
main,A,R0,426,CDAB,3,10,""",",,"[34,44]",-0.10400095582008362,1,"[{""token"":""\"","",""token_id"":null,""bytes"":[34,44],""logprob"":-0.10400095582008362,""rank"":1},{""token"":""\"""",""token_id"":null,""bytes"":[34],""logprob"":-2.3149843215942383,""rank"":2},{""token"":""\n"",""token_id"":null,""bytes"":[10],""logprob"":-12.798715591430664,""rank"":3},{""token"":""\""."",""token_id"":null,""bytes"":[34,46],""logprob"":-13.602818489074707,""rank"":4},{""token"":""\\\"","",""token_id"":null,""bytes"":[92,34,44],""logprob"":-14.086886405944824,""rank"":5}]"
main,A,R0,426,CDAB,3,11,"
",,[10],-4.529963462118758e-06,1,"[{""token"":""\n"",""token_id"":null,""bytes"":[10],""logprob"":-4.529963462118758e-06,""rank"":1},{""token"":"" \n"",""token_id"":null,""bytes"":[32,10],""logprob"":-12.82629108428955,""rank"":2},{""token"":"""",""token_id"":null,""bytes"":[],""logprob"":-14.03629207611084,""rank"":3},{""token"":""\n\n"",""token_id"":null,""bytes"":[10,10],""logprob"":-14.489842414855957,""rank"":4},{""token"":"" \"""",""token_id"":null,""bytes"":[32,34],""logprob"":-15.350348472595215,""rank"":5}]"
main,A,R0,426,CDAB,3,12, ,,[32],-4.768372718899627e-07,1,"[{""token"":"" "",""token_id"":null,""bytes"":[32],""logprob"":-4.768372718899627e-07,""rank"":1},{""token"":"" \"""",""token_id"":null,""bytes"":[32,34],""logprob"":-14.830775260925293,""rank"":2},{""token"":""  \n"",""token_id"":null,""bytes"":[32,32,10],""logprob"":-15.846244812011719,""rank"":3},{""token"":"" texte"",""token_id"":null,""bytes"":[32,116,101,120,116,101],""logprob"":-17.57489776611328,""rank"":4},{""token"":""\"":"",""token_id"":null,""bytes"":[34,58],""logprob"":-17.85828399658203,""rank"":5}]"
main,A,R0,426,CDAB,3,13," """,,"[32,34]",-2.7418175250204513e-06,1,"[{""token"":"" \"""",""token_id"":null,""bytes"":[32,34],""logprob"":-2.7418175250204513e-06,""rank"":1},{""token"":"" \""\"""",""token_id"":null,""bytes"":[32,34,34],""logprob"":-12.913479804992676,""rank"":2},{""token"":"" \""\\\"""",""token_id"":null,""bytes"":[32,34,92,34],""logprob"":-15.69869327545166,""rank"":3},{""token"":"" \""_"",""token_id"":null,""bytes"":[32,34,95],""logprob"":-16.026199340820312,""rank"":4},{""token"":"" \""."",""token_id"":null,""bytes"":[32,34,46],""logprob"":-16.689477920532227,""rank"":5}]"
main,A,R0,426,CDAB,3,14,texte,,"[116,101,120,116,101]",-0.0006296828505583107,1,"[{""token"":""texte"",""token_id"":null,""bytes"":[116,101,120,116,101],""logprob"":-0.0006296828505583107,""rank"":1},{""token"":""texto"",""token_id"":null,""bytes"":[116,101,120,116,111],""logprob"":-7.841743469238281,""rank"":2},{""token"":"" texte"",""token_id"":null,""bytes"":[32,116,101,120,116,101],""logprob"":-9.23090934753418,""rank"":3},{""token"":""texture"",""token_id"":null,""bytes"":[116,101,120,116,117,114,101],""logprob"":-10.990337371826172,""rank"":4},{""token"":""liste"",""token_id"":null,""bytes"":[108,105,115,116,101],""logprob"":-11.11802864074707,""rank"":5}]"
main,A,R0,426,CDAB,3,15,""":",,"[34,58]",-9.775209946383256e-06,1,"[{""token"":""\"":"",""token_id"":null,""bytes"":[34,58],""logprob"":-9.775209946383256e-06,""rank"":1},{""token"":""\"""",""token_id"":null,""bytes"":[34],""logprob"":-11.71143913269043,""rank"":2},{""token"":""\"":\""\"""",""token_id"":null,""bytes"":[34,58,34,34],""logprob"":-13.73509407043457,""rank"":3},{""token"":""\\\"":"",""token_id"":null,""bytes"":[92,34,58],""logprob"":-15.427671432495117,""rank"":4},{""token"":""\"":\"""",""token_id"":null,""bytes"":[34,58,34],""logprob"":-16.406694412231445,""rank"":5}]"
main,A,R0,426,CDAB,3,16," """"",,"[32,34,34]",-0.0034958957694470882,1,"[{""token"":"" \""\"""",""token_id"":null,""bytes"":[32,34,34],""logprob"":-0.0034958957694470882,""rank"":1},{""token"":"" \"""",""token_id"":null,""bytes"":[32,34],""logprob"":-5.9778056144714355,""rank"":2},{""token"":"" null"",""token_id"":null,""bytes"":[32,110,117,108,108],""logprob"":-7.4228434562683105,""rank"":3},{""token"":"" \""\"","",""token_id"":null,""bytes"":[32,34,34,44],""logprob"":-8.4609375,""rank"":4},{""token"":"" \""\\\"""",""token_id"":null,""bytes"":[32,34,92,34],""logprob"":-9.420413970947266,""rank"":5}]"
main,A,R0,426,CDAB,3,17,"
",,[10],-9.536747711536009e-07,1,"[{""token"":""\n"",""token_id"":null,""bytes"":[10],""logprob"":-9.536747711536009e-07,""rank"":1},{""token"":"""",""token_id"":null,""bytes"":[],""logprob"":-14.770174026489258,""rank"":2},{""token"":"" \n"",""token_id"":null,""bytes"":[32,10],""logprob"":-14.94002914428711,""rank"":3},{""token"":""\n\n"",""token_id"":null,""bytes"":[10,10],""logprob"":-15.378928184509277,""rank"":4},{""token"":""\n\n\n"",""token_id"":null,""bytes"":[10,10,10],""logprob"":-18.373306274414062,""rank"":5}]"
main,A,R0,426,CDAB,3,18,},,[125],-2.5033982637978625e-06,1,"[{""token"":""}"",""token_id"":null,""bytes"":[125],""logprob"":-2.5033982637978625e-06,""rank"":1},{""token"":""},"",""token_id"":null,""bytes"":[125,44],""logprob"":-13.417893409729004,""rank"":2},{""token"":""}\"""",""token_id"":null,""bytes"":[125,34],""logprob"":-14.308489799499512,""rank"":3},{""token"":""}'"",""token_id"":null,""bytes"":[125,39],""logprob"":-14.59435749053955,""rank"":4},{""token"":""}`"",""token_id"":null,""bytes"":[125,96],""logprob"":-16.7717342376709,""rank"":5}]"
main,B,R7,426,CDAB,4,1,{,,[123],-0.02172425016760826,1,"[{""token"":""{"",""token_id"":null,""bytes"":[123],""logprob"":-0.02172425016760826,""rank"":1},{""token"":""{\"""",""token_id"":null,""bytes"":[123,34],""logprob"":-4.228072643280029,""rank"":2},{""token"":""```"",""token_id"":null,""bytes"":[96,96,96],""logprob"":-5.131930828094482,""rank"":3},{""token"":""{\\\"""",""token_id"":null,""bytes"":[123,92,34],""logprob"":-9.165180206298828,""rank"":4},{""token"":""{\\"",""token_id"":null,""bytes"":[123,92],""logprob"":-9.315994262695312,""rank"":5}]"
main,B,R7,426,CDAB,4,2,"
",,[10],-0.0008808079874143004,1,"[{""token"":""\n"",""token_id"":null,""bytes"":[10],""logprob"":-0.0008808079874143004,""rank"":1},{""token"":"" \"""",""token_id"":null,""bytes"":[32,34],""logprob"":-7.27277135848999,""rank"":2},{""token"":""mode"",""token_id"":null,""bytes"":[109,111,100,101],""logprob"":-8.902280807495117,""rank"":3},{""token"":"" "",""token_id"":null,""bytes"":[32],""logprob"":-10.787778854370117,""rank"":4},{""token"":"" \n"",""token_id"":null,""bytes"":[32,10],""logprob"":-11.593488693237305,""rank"":5}]"
main,B,R7,426,CDAB,4,3, ,,[32],-0.0002201441820943728,1,"[{""token"":"" "",""token_id"":null,""bytes"":[32],""logprob"":-0.0002201441820943728,""rank"":1},{""token"":""\"""",""token_id"":null,""bytes"":[34],""logprob"":-8.98767375946045,""rank"":2},{""token"":"" \"""",""token_id"":null,""bytes"":[32,34],""logprob"":-9.363957405090332,""rank"":3},{""token"":""\""text"",""token_id"":null,""bytes"":[34,116,101,120,116],""logprob"":-13.119736671447754,""rank"":4},{""token"":""  \n"",""token_id"":null,""bytes"":[32,32,10],""logprob"":-13.16612720489502,""rank"":5}]"
main,B,R7,426,CDAB,4,4," """,,"[32,34]",-4.172333774477011e-06,1,"[{""token"":"" \"""",""token_id"":null,""bytes"":[32,34],""logprob"":-4.172333774477011e-06,""rank"":1},{""token"":"" \""_"",""token_id"":null,""bytes"":[32,34,95],""logprob"":-13.113958358764648,""rank"":2},{""token"":"" \""\\\"""",""token_id"":null,""bytes"":[32,34,92,34],""logprob"":-13.908227920532227,""rank"":3},{""token"":"" \""__"",""token_id"":null,""bytes"":[32,34,95,95],""logprob"":-15.388980865478516,""rank"":4},{""token"":"" mode"",""token_id"":null,""bytes"":[32,109,111,100,101],""logprob"":-15.449271202087402,""rank"":5}]"
main,B,R7,426,CDAB,4,5,mode,,"[109,111,100,101]",-0.00011707037629093975,1,"[{""token"":""mode"",""token_id"":null,""bytes"":[109,111,100,101],""logprob"":-0.00011707037629093975,""rank"":1},{""token"":""texte"",""token_id"":null,""bytes"":[116,101,120,116,101],""logprob"":-9.493277549743652,""rank"":2},{""token"":""\tmode"",""token_id"":null,""bytes"":[9,109,111,100,101],""logprob"":-12.450518608093262,""rank"":3},{""token"":""message"",""token_id"":null,""bytes"":[109,101,115,115,97,103,101],""logprob"":-12.52582836151123,""rank"":4},{""token"":""type"",""token_id"":null,""bytes"":[116,121,112,101],""logprob"":-12.704558372497559,""rank"":5}]"
main,B,R7,426,CDAB,4,6,""":",,"[34,58]",-6.318112355074845e-06,1,"[{""token"":""\"":"",""token_id"":null,""bytes"":[34,58],""logprob"":-6.318112355074845e-06,""rank"":1},{""token"":""\"":\"""",""token_id"":null,""bytes"":[34,58,34],""logprob"":-12.400069236755371,""rank"":2},{""token"":""\"""",""token_id"":null,""bytes"":[34],""logprob"":-13.777251243591309,""rank"":3},{""token"":""\"","",""token_id"":null,""bytes"":[34,44],""logprob"":-14.631165504455566,""rank"":4},{""token"":""':"",""token_id"":null,""bytes"":[39,58],""logprob"":-15.456767082214355,""rank"":5}]"
main,B,R7,426,CDAB,4,7," """,,"[32,34]",-6.84284750605002e-05,1,"[{""token"":"" \"""",""token_id"":null,""bytes"":[32,34],""logprob"":-6.84284750605002e-05,""rank"":1},{""token"":"" \""\"","",""token_id"":null,""bytes"":[32,34,34,44],""logprob"":-11.380424499511719,""rank"":2},{""token"":"" \""..."",""token_id"":null,""bytes"":[32,34,46,46,46],""logprob"":-11.570703506469727,""rank"":3},{""token"":"" parole"",""token_id"":null,""bytes"":[32,112,97,114,111,108,101],""logprob"":-11.879776000976562,""rank"":4},{""token"":"" \""\"""",""token_id"":null,""bytes"":[32,34,34],""logprob"":-12.034069061279297,""rank"":5}]"
main,B,R7,426,CDAB,4,8,sil,,"[115,105,108]",-0.6785305142402649,1,"[{""token"":""sil"",""token_id"":null,""bytes"":[115,105,108],""logprob"":-0.6785305142402649,""rank"":1},{""token"":""parole"",""token_id"":null,""bytes"":[112,97,114,111,108,101],""logprob"":-0.7165859341621399,""rank"":2},{""token"":""par"",""token_id"":null,""bytes"":[112,97,114],""logprob"":-7.273228645324707,""rank"":3},{""token"":""pare"",""token_id"":null,""bytes"":[112,97,114,101],""logprob"":-8.244132041931152,""rank"":4},{""token"":""s"",""token_id"":null,""bytes"":[115],""logprob"":-8.282027244567871,""rank"":5}]"
main,B,R7,426,CDAB,4,9,ence,,"[101,110,99,101]",-9.179157132166438e-06,1,"[{""token"":""ence"",""token_id"":null,""bytes"":[101,110,99,101],""logprob"":-9.179157132166438e-06,""rank"":1},{""token"":""ience"",""token_id"":null,""bytes"":[105,101,110,99,101],""logprob"":-12.033693313598633,""rank"":2},{""token"":""ance"",""token_id"":null,""bytes"":[97,110,99,101],""logprob"":-12.892942428588867,""rank"":3},{""token"":""enc"",""token_id"":null,""bytes"":[101,110,99],""logprob"":-15.13233757019043,""rank"":4},{""token"":""ences"",""token_id"":null,""bytes"":[101,110,99,101,115],""logprob"":-15.992465019226074,""rank"":5}]"
main,B,R7,426,CDAB,4,10,""",",,"[34,44]",-0.10652503371238708,1,"[{""token"":""\"","",""token_id"":null,""bytes"":[34,44],""logprob"":-0.10652503371238708,""rank"":1},{""token"":""\"""",""token_id"":null,""bytes"":[34],""logprob"":-2.292224407196045,""rank"":2},{""token"":""\n"",""token_id"":null,""bytes"":[10],""logprob"":-13.167221069335938,""rank"":3},{""token"":""\""."",""token_id"":null,""bytes"":[34,46],""logprob"":-13.745504379272461,""rank"":4},{""token"":""\\\"","",""token_id"":null,""bytes"":[92,34,44],""logprob"":-14.183154106140137,""rank"":5}]"
main,B,R7,426,CDAB,4,11,"
",,[10],-4.0531240301788785e-06,1,"[{""token"":""\n"",""token_id"":null,""bytes"":[10],""logprob"":-4.0531240301788785e-06,""rank"":1},{""token"":"" \n"",""token_id"":null,""bytes"":[32,10],""logprob"":-12.90800666809082,""rank"":2},{""token"":"""",""token_id"":null,""bytes"":[],""logprob"":-14.16970443725586,""rank"":3},{""token"":""\n\n"",""token_id"":null,""bytes"":[10,10],""logprob"":-14.509121894836426,""rank"":4},{""token"":"" \"""",""token_id"":null,""bytes"":[32,34],""logprob"":-15.510653495788574,""rank"":5}]"
main,B,R7,426,CDAB,4,12, ,,[32],-4.768372718899627e-07,1,"[{""token"":"" "",""token_id"":null,""bytes"":[32],""logprob"":-4.768372718899627e-07,""rank"":1},{""token"":"" \"""",""token_id"":null,""bytes"":[32,34],""logprob"":-15.015575408935547,""rank"":2},{""token"":""  \n"",""token_id"":null,""bytes"":[32,32,10],""logprob"":-15.97124195098877,""rank"":3},{""token"":"" texte"",""token_id"":null,""bytes"":[32,116,101,120,116,101],""logprob"":-17.74969482421875,""rank"":4},{""token"":""   "",""token_id"":null,""bytes"":[32,32,32],""logprob"":-18.280445098876953,""rank"":5}]"
main,B,R7,426,CDAB,4,13," """,,"[32,34]",-2.0265599687263602e-06,1,"[{""token"":"" \"""",""token_id"":null,""bytes"":[32,34],""logprob"":-2.0265599687263602e-06,""rank"":1},{""token"":"" \""\"""",""token_id"":null,""bytes"":[32,34,34],""logprob"":-13.223140716552734,""rank"":2},{""token"":"" \""\\\"""",""token_id"":null,""bytes"":[32,34,92,34],""logprob"":-15.966304779052734,""rank"":3},{""token"":"" \""_"",""token_id"":null,""bytes"":[32,34,95],""logprob"":-16.198970794677734,""rank"":4},{""token"":"" \""..."",""token_id"":null,""bytes"":[32,34,46,46,46],""logprob"":-16.936288833618164,""rank"":5}]"
main,B,R7,426,CDAB,4,14,texte,,"[116,101,120,116,101]",-0.000649364956188947,1,"[{""token"":""texte"",""token_id"":null,""bytes"":[116,101,120,116,101],""logprob"":-0.000649364956188947,""rank"":1},{""token"":""texto"",""token_id"":null,""bytes"":[116,101,120,116,111],""logprob"":-7.792206764221191,""rank"":2},{""token"":"" texte"",""token_id"":null,""bytes"":[32,116,101,120,116,101],""logprob"":-9.244690895080566,""rank"":3},{""token"":""texture"",""token_id"":null,""bytes"":[116,101,120,116,117,114,101],""logprob"":-10.890830039978027,""rank"":4},{""token"":""text"",""token_id"":null,""bytes"":[116,101,120,116],""logprob"":-11.115731239318848,""rank"":5}]"
main,B,R7,426,CDAB,4,15,""":",,"[34,58]",-1.0848104466276709e-05,1,"[{""token"":""\"":"",""token_id"":null,""bytes"":[34,58],""logprob"":-1.0848104466276709e-05,""rank"":1},{""token"":""\"""",""token_id"":null,""bytes"":[34],""logprob"":-11.591935157775879,""rank"":2},{""token"":""\"":\""\"""",""token_id"":null,""bytes"":[34,58,34,34],""logprob"":-13.789422035217285,""rank"":3},{""token"":""\\\"":"",""token_id"":null,""bytes"":[92,34,58],""logprob"":-15.505274772644043,""rank"":4},{""token"":""\"":\"""",""token_id"":null,""bytes"":[34,58,34],""logprob"":-16.480609893798828,""rank"":5}]"
main,B,R7,426,CDAB,4,16," """"",,"[32,34,34]",-0.0031248226296156645,1,"[{""token"":"" \""\"""",""token_id"":null,""bytes"":[32,34,34],""logprob"":-0.0031248226296156645,""rank"":1},{""token"":"" \"""",""token_id"":null,""bytes"":[32,34],""logprob"":-6.100138187408447,""rank"":2},{""token"":"" null"",""token_id"":null,""bytes"":[32,110,117,108,108],""logprob"":-7.526052951812744,""rank"":3},{""token"":"" \""\"","",""token_id"":null,""bytes"":[32,34,34,44],""logprob"":-8.518841743469238,""rank"":4},{""token"":"" \""\\\"""",""token_id"":null,""bytes"":[32,34,92,34],""logprob"":-9.442099571228027,""rank"":5}]"
main,B,R7,426,CDAB,4,17,"
",,[10],-8.344653679159819e-07,1,"[{""token"":""\n"",""token_id"":null,""bytes"":[10],""logprob"":-8.344653679159819e-07,""rank"":1},{""token"":"""",""token_id"":null,""bytes"":[],""logprob"":-14.898009300231934,""rank"":2},{""token"":"" \n"",""token_id"":null,""bytes"":[32,10],""logprob"":-15.026812553405762,""rank"":3},{""token"":""\n\n"",""token_id"":null,""bytes"":[10,10],""logprob"":-15.510147094726562,""rank"":4},{""token"":""\n\n\n"",""token_id"":null,""bytes"":[10,10,10],""logprob"":-18.452171325683594,""rank"":5}]"
main,B,R7,426,CDAB,4,18,},,[125],-2.5033982637978625e-06,1,"[{""token"":""}"",""token_id"":null,""bytes"":[125],""logprob"":-2.5033982637978625e-06,""rank"":1},{""token"":""},"",""token_id"":null,""bytes"":[125,44],""logprob"":-13.412047386169434,""rank"":2},{""token"":""}\"""",""token_id"":null,""bytes"":[125,34],""logprob"":-14.420966148376465,""rank"":3},{""token"":""}'"",""token_id"":null,""bytes"":[125,39],""logprob"":-14.732012748718262,""rank"":4},{""token"":""}`"",""token_id"":null,""bytes"":[125,96],""logprob"":-16.944538116455078,""rank"":5}]"
main,D,K7,427,DABC,1,1,{,,[123],-0.019648456946015358,1,"[{""token"":""{"",""token_id"":null,""bytes"":[123],""logprob"":-0.019648456946015358,""rank"":1},{""token"":""{\"""",""token_id"":null,""bytes"":[123,34],""logprob"":-4.364804267883301,""rank"":2},{""token"":""```"",""token_id"":null,""bytes"":[96,96,96],""logprob"":-5.162684440612793,""rank"":3},{""token"":""{\\"",""token_id"":null,""bytes"":[123,92],""logprob"":-9.366595268249512,""rank"":4},{""token"":""{'"",""token_id"":null,""bytes"":[123,39],""logprob"":-9.472453117370605,""rank"":5}]"
main,D,K7,427,DABC,1,2,"
",,[10],-0.001262209378182888,1,"[{""token"":""\n"",""token_id"":null,""bytes"":[10],""logprob"":-0.001262209378182888,""rank"":1},{""token"":"" \"""",""token_id"":null,""bytes"":[32,34],""logprob"":-6.884255886077881,""rank"":2},{""token"":""mode"",""token_id"":null,""bytes"":[109,111,100,101],""logprob"":-8.65310287475586,""rank"":3},{""token"":"" "",""token_id"":null,""bytes"":[32],""logprob"":-10.568531036376953,""rank"":4},{""token"":"" \n"",""token_id"":null,""bytes"":[32,10],""logprob"":-11.43088150024414,""rank"":5}]"
main,D,K7,427,DABC,1,3, ,,[32],-0.0002571078948676586,1,"[{""token"":"" "",""token_id"":null,""bytes"":[32],""logprob"":-0.0002571078948676586,""rank"":1},{""token"":""\"""",""token_id"":null,""bytes"":[34],""logprob"":-8.83296012878418,""rank"":2},{""token"":"" \"""",""token_id"":null,""bytes"":[32,34],""logprob"":-9.205730438232422,""rank"":3},{""token"":""\""text"",""token_id"":null,""bytes"":[34,116,101,120,116],""logprob"":-13.042868614196777,""rank"":4},{""token"":""  \n"",""token_id"":null,""bytes"":[32,32,10],""logprob"":-13.055774688720703,""rank"":5}]"
main,D,K7,427,DABC,1,4," """,,"[32,34]",-5.1260126383567695e-06,1,"[{""token"":"" \"""",""token_id"":null,""bytes"":[32,34],""logprob"":-5.1260126383567695e-06,""rank"":1},{""token"":"" \""_"",""token_id"":null,""bytes"":[32,34,95],""logprob"":-12.858902931213379,""rank"":2},{""token"":"" \""\\\"""",""token_id"":null,""bytes"":[32,34,92,34],""logprob"":-13.873766899108887,""rank"":3},{""token"":"" mode"",""token_id"":null,""bytes"":[32,109,111,100,101],""logprob"":-14.700273513793945,""rank"":4},{""token"":"" \""__"",""token_id"":null,""bytes"":[32,34,95,95],""logprob"":-15.031352996826172,""rank"":5}]"
main,D,K7,427,DABC,1,5,mode,,"[109,111,100,101]",-0.00010383668268332258,1,"[{""token"":""mode"",""token_id"":null,""bytes"":[109,111,100,101],""logprob"":-0.00010383668268332258,""rank"":1},{""token"":""texte"",""token_id"":null,""bytes"":[116,101,120,116,101],""logprob"":-9.640795707702637,""rank"":2},{""token"":""\tmode"",""token_id"":null,""bytes"":[9,109,111,100,101],""logprob"":-12.447422981262207,""rank"":3},{""token"":""message"",""token_id"":null,""bytes"":[109,101,115,115,97,103,101],""logprob"":-12.718585014343262,""rank"":4},{""token"":""type"",""token_id"":null,""bytes"":[116,121,112,101],""logprob"":-12.868250846862793,""rank"":5}]"
main,D,K7,427,DABC,1,6,""":",,"[34,58]",-5.960482212685747e-06,1,"[{""token"":""\"":"",""token_id"":null,""bytes"":[34,58],""logprob"":-5.960482212685747e-06,""rank"":1},{""token"":""\"":\"""",""token_id"":null,""bytes"":[34,58,34],""logprob"":-12.444189071655273,""rank"":2},{""token"":""\"""",""token_id"":null,""bytes"":[34],""logprob"":-13.91639518737793,""rank"":3},{""token"":""\"","",""token_id"":null,""bytes"":[34,44],""logprob"":-14.644887924194336,""rank"":4},{""token"":""':"",""token_id"":null,""bytes"":[39,58],""logprob"":-15.362749099731445,""rank"":5}]"
main,D,K7,427,DABC,1,7," """,,"[32,34]",-7.009752152953297e-05,1,"[{""token"":"" \"""",""token_id"":null,""bytes"":[32,34],""logprob"":-7.009752152953297e-05,""rank"":1},{""token"":"" \""\"","",""token_id"":null,""bytes"":[32,34,34,44],""logprob"":-11.385831832885742,""rank"":2},{""token"":"" \""..."",""token_id"":null,""bytes"":[32,34,46,46,46],""logprob"":-11.577933311462402,""rank"":3},{""token"":"" parole"",""token_id"":null,""bytes"":[32,112,97,114,111,108,101],""logprob"":-11.88742446899414,""rank"":4},{""token"":"" \""\"""",""token_id"":null,""bytes"":[32,34,34],""logprob"":-12.021692276000977,""rank"":5}]"
main,D,K7,427,DABC,1,8,sil,,"[115,105,108]",-0.5934948325157166,1,"[{""token"":""sil"",""token_id"":null,""bytes"":[115,105,108],""logprob"":-0.5934948325157166,""rank"":1},{""token"":""parole"",""token_id"":null,""bytes"":[112,97,114,111,108,101],""logprob"":-0.8133338689804077,""rank"":2},{""token"":""par"",""token_id"":null,""bytes"":[112,97,114],""logprob"":-7.302597522735596,""rank"":3},{""token"":""pare"",""token_id"":null,""bytes"":[112,97,114,101],""logprob"":-8.257190704345703,""rank"":4},{""token"":""s"",""token_id"":null,""bytes"":[115],""logprob"":-8.34564208984375,""rank"":5}]"
main,D,K7,427,DABC,1,9,ence,,"[101,110,99,101]",-9.775209946383256e-06,1,"[{""token"":""ence"",""token_id"":null,""bytes"":[101,110,99,101],""logprob"":-9.775209946383256e-06,""rank"":1},{""token"":""ience"",""token_id"":null,""bytes"":[105,101,110,99,101],""logprob"":-11.974973678588867,""rank"":2},{""token"":""ance"",""token_id"":null,""bytes"":[97,110,99,101],""logprob"":-12.842367172241211,""rank"":3},{""token"":""enc"",""token_id"":null,""bytes"":[101,110,99],""logprob"":-15.266870498657227,""rank"":4},{""token"":""ences"",""token_id"":null,""bytes"":[101,110,99,101,115],""logprob"":-16.035558700561523,""rank"":5}]"
main,D,K7,427,DABC,1,10,""",",,"[34,44]",-0.11132138222455978,1,"[{""token"":""\"","",""token_id"":null,""bytes"":[34,44],""logprob"":-0.11132138222455978,""rank"":1},{""token"":""\"""",""token_id"":null,""bytes"":[34],""logprob"":-2.2505369186401367,""rank"":2},{""token"":""\n"",""token_id"":null,""bytes"":[10],""logprob"":-12.997644424438477,""rank"":3},{""token"":""\""."",""token_id"":null,""bytes"":[34,46],""logprob"":-13.728401184082031,""rank"":4},{""token"":""\\\"","",""token_id"":null,""bytes"":[92,34,44],""logprob"":-14.240416526794434,""rank"":5}]"
main,D,K7,427,DABC,1,11,"
",,[10],-3.57628505298635e-06,1,"[{""token"":""\n"",""token_id"":null,""bytes"":[10],""logprob"":-3.57628505298635e-06,""rank"":1},{""token"":"" \n"",""token_id"":null,""bytes"":[32,10],""logprob"":-13.045957565307617,""rank"":2},{""token"":"""",""token_id"":null,""bytes"":[],""logprob"":-14.220623016357422,""rank"":3},{""token"":""\n\n"",""token_id"":null,""bytes"":[10,10],""logprob"":-14.449294090270996,""rank"":4},{""token"":"" \"""",""token_id"":null,""bytes"":[32,34],""logprob"":-15.582581520080566,""rank"":5}]"
main,D,K7,427,DABC,1,12, ,,[32],-4.768372718899627e-07,1,"[{""token"":"" "",""token_id"":null,""bytes"":[32],""logprob"":-4.768372718899627e-07,""rank"":1},{""token"":"" \"""",""token_id"":null,""bytes"":[32,34],""logprob"":-14.934100151062012,""rank"":2},{""token"":""  \n"",""token_id"":null,""bytes"":[32,32,10],""logprob"":-15.774998664855957,""rank"":3},{""token"":"" texte"",""token_id"":null,""bytes"":[32,116,101,120,116,101],""logprob"":-17.64464569091797,""rank"":4},{""token"":""\"":"",""token_id"":null,""bytes"":[34,58],""logprob"":-17.890995025634766,""rank"":5}]"
main,D,K7,427,DABC,1,13," """,,"[32,34]",-2.0265599687263602e-06,1,"[{""token"":"" \"""",""token_id"":null,""bytes"":[32,34],""logprob"":-2.0265599687263602e-06,""rank"":1},{""token"":"" \""\"""",""token_id"":null,""bytes"":[32,34,34],""logprob"":-13.254087448120117,""rank"":2},{""token"":"" \""\\\"""",""token_id"":null,""bytes"":[32,34,92,34],""logprob"":-16.043081283569336,""rank"":3},{""token"":"" \""_"",""token_id"":null,""bytes"":[32,34,95],""logprob"":-16.407825469970703,""rank"":4},{""token"":"" \""."",""token_id"":null,""bytes"":[32,34,46],""logprob"":-16.942138671875,""rank"":5}]"
main,D,K7,427,DABC,1,14,texte,,"[116,101,120,116,101]",-0.0006448320928029716,1,"[{""token"":""texte"",""token_id"":null,""bytes"":[116,101,120,116,101],""logprob"":-0.0006448320928029716,""rank"":1},{""token"":""texto"",""token_id"":null,""bytes"":[116,101,120,116,111],""logprob"":-7.806743621826172,""rank"":2},{""token"":"" texte"",""token_id"":null,""bytes"":[32,116,101,120,116,101],""logprob"":-9.280204772949219,""rank"":3},{""token"":""texture"",""token_id"":null,""bytes"":[116,101,120,116,117,114,101],""logprob"":-10.911214828491211,""rank"":4},{""token"":""text"",""token_id"":null,""bytes"":[116,101,120,116],""logprob"":-11.027225494384766,""rank"":5}]"
main,D,K7,427,DABC,1,15,""":",,"[34,58]",-9.179157132166438e-06,1,"[{""token"":""\"":"",""token_id"":null,""bytes"":[34,58],""logprob"":-9.179157132166438e-06,""rank"":1},{""token"":""\"""",""token_id"":null,""bytes"":[34],""logprob"":-11.782276153564453,""rank"":2},{""token"":""\"":\""\"""",""token_id"":null,""bytes"":[34,58,34,34],""logprob"":-13.713590621948242,""rank"":3},{""token"":""\\\"":"",""token_id"":null,""bytes"":[92,34,58],""logprob"":-15.420682907104492,""rank"":4},{""token"":""\"":\"""",""token_id"":null,""bytes"":[34,58,34],""logprob"":-16.319738388061523,""rank"":5}]"
main,D,K7,427,DABC,1,16," """"",,"[32,34,34]",-0.0032456680200994015,1,"[{""token"":"" \""\"""",""token_id"":null,""bytes"":[32,34,34],""logprob"":-0.0032456680200994015,""rank"":1},{""token"":"" \"""",""token_id"":null,""bytes"":[32,34],""logprob"":-6.055448055267334,""rank"":2},{""token"":"" null"",""token_id"":null,""bytes"":[32,110,117,108,108],""logprob"":-7.501000881195068,""rank"":3},{""token"":"" \""\"","",""token_id"":null,""bytes"":[32,34,34,44],""logprob"":-8.500384330749512,""rank"":4},{""token"":"" \""\\\"""",""token_id"":null,""bytes"":[32,34,92,34],""logprob"":-9.465580940246582,""rank"":5}]"
main,D,K7,427,DABC,1,17,"
",,[10],-8.344653679159819e-07,1,"[{""token"":""\n"",""token_id"":null,""bytes"":[10],""logprob"":-8.344653679159819e-07,""rank"":1},{""token"":"""",""token_id"":null,""bytes"":[],""logprob"":-14.713308334350586,""rank"":2},{""token"":"" \n"",""token_id"":null,""bytes"":[32,10],""logprob"":-15.195917129516602,""rank"":3},{""token"":""\n\n"",""token_id"":null,""bytes"":[10,10],""logprob"":-15.342458724975586,""rank"":4},{""token"":""\n\n\n"",""token_id"":null,""bytes"":[10,10,10],""logprob"":-18.374958038330078,""rank"":5}]"
main,D,K7,427,DABC,1,18,},,[125],-2.622607780722319e-06,1,"[{""token"":""}"",""token_id"":null,""bytes"":[125],""logprob"":-2.622607780722319e-06,""rank"":1},{""token"":""},"",""token_id"":null,""bytes"":[125,44],""logprob"":-13.304072380065918,""rank"":2},{""token"":""}\"""",""token_id"":null,""bytes"":[125,34],""logprob"":-14.436419486999512,""rank"":3},{""token"":""}'"",""token_id"":null,""bytes"":[125,39],""logprob"":-14.71263599395752,""rank"":4},{""token"":"""",""token_id"":null,""bytes"":[],""logprob"":-16.880449295043945,""rank"":5}]"
main,A,R0,427,DABC,2,1,{,,[123],-0.017701268196105957,1,"[{""token"":""{"",""token_id"":null,""bytes"":[123],""logprob"":-0.017701268196105957,""rank"":1},{""token"":""{\"""",""token_id"":null,""bytes"":[123,34],""logprob"":-4.527174949645996,""rank"":2},{""token"":""```"",""token_id"":null,""bytes"":[96,96,96],""logprob"":-5.166430473327637,""rank"":3},{""token"":""{\\"",""token_id"":null,""bytes"":[123,92],""logprob"":-9.290816307067871,""rank"":4},{""token"":""{'"",""token_id"":null,""bytes"":[123,39],""logprob"":-9.338777542114258,""rank"":5}]"
main,A,R0,427,DABC,2,2,"
",,[10],-0.0012813667999580503,1,"[{""token"":""\n"",""token_id"":null,""bytes"":[10],""logprob"":-0.0012813667999580503,""rank"":1},{""token"":"" \"""",""token_id"":null,""bytes"":[32,34],""logprob"":-6.833825588226318,""rank"":2},{""token"":""mode"",""token_id"":null,""bytes"":[109,111,100,101],""logprob"":-8.847938537597656,""rank"":3},{""token"":"" "",""token_id"":null,""bytes"":[32],""logprob"":-10.73855209350586,""rank"":4},{""token"":"" \n"",""token_id"":null,""bytes"":[32,10],""logprob"":-11.28103256225586,""rank"":5}]"
main,A,R0,427,DABC,2,3, ,,[32],-0.00021930952789261937,1,"[{""token"":"" "",""token_id"":null,""bytes"":[32],""logprob"":-0.00021930952789261937,""rank"":1},{""token"":""\"""",""token_id"":null,""bytes"":[34],""logprob"":-8.988393783569336,""rank"":2},{""token"":"" \"""",""token_id"":null,""bytes"":[32,34],""logprob"":-9.370800018310547,""rank"":3},{""token"":""  \n"",""token_id"":null,""bytes"":[32,32,10],""logprob"":-13.117914199829102,""rank"":4},{""token"":""\""text"",""token_id"":null,""bytes"":[34,116,101,120,116],""logprob"":-13.223142623901367,""rank"":5}]"
main,A,R0,427,DABC,2,4," """,,"[32,34]",-3.814704541582614e-06,1,"[{""token"":"" \"""",""token_id"":null,""bytes"":[32,34],""logprob"":-3.814704541582614e-06,""rank"":1},{""token"":"" \""_"",""token_id"":null,""bytes"":[32,34,95],""logprob"":-13.24009895324707,""rank"":2},{""token"":"" \""\\\"""",""token_id"":null,""bytes"":[32,34,92,34],""logprob"":-13.954038619995117,""rank"":3},{""token"":"" mode"",""token_id"":null,""bytes"":[32,109,111,100,101],""logprob"":-15.210006713867188,""rank"":4},{""token"":"" \""__"",""token_id"":null,""bytes"":[32,34,95,95],""logprob"":-15.355708122253418,""rank"":5}]"
main,A,R0,427,DABC,2,5,mode,,"[109,111,100,101]",-0.00011563969746930525,1,"[{""token"":""mode"",""token_id"":null,""bytes"":[109,111,100,101],""logprob"":-0.00011563969746930525,""rank"":1},{""token"":""texte"",""token_id"":null,""bytes"":[116,101,120,116,101],""logprob"":-9.487587928771973,""rank"":2},{""token"":""\tmode"",""token_id"":null,""bytes"":[9,109,111,100,101],""logprob"":-12.448882102966309,""rank"":3},{""token"":""message"",""token_id"":null,""bytes"":[109,101,115,115,97,103,101],""logprob"":-12.675307273864746,""rank"":4},{""token"":""type"",""token_id"":null,""bytes"":[116,121,112,101],""logprob"":-12.780400276184082,""rank"":5}]"
main,A,R0,427,DABC,2,6,""":",,"[34,58]",-5.960482212685747e-06,1,"[{""token"":""\"":"",""token_id"":null,""bytes"":[34,58],""logprob"":-5.960482212685747e-06,""rank"":1},{""token"":""\"":\"""",""token_id"":null,""bytes"":[34,58,34],""logprob"":-12.405611038208008,""rank"":2},{""token"":""\"""",""token_id"":null,""bytes"":[34],""logprob"":-13.86256217956543,""rank"":3},{""token"":""\"","",""token_id"":null,""bytes"":[34,44],""logprob"":-14.75390625,""rank"":4},{""token"":""':"",""token_id"":null,""bytes"":[39,58],""logprob"":-15.401510238647461,""rank"":5}]"
main,A,R0,427,DABC,2,7," """,,"[32,34]",-6.878612475702539e-05,1,"[{""token"":"" \"""",""token_id"":null,""bytes"":[32,34],""logprob"":-6.878612475702539e-05,""rank"":1},{""token"":"" \""\"","",""token_id"":null,""bytes"":[32,34,34,44],""logprob"":-11.401308059692383,""rank"":2},{""token"":"" \""..."",""token_id"":null,""bytes"":[32,34,46,46,46],""logprob"":-11.616853713989258,""rank"":3},{""token"":"" parole"",""token_id"":null,""bytes"":[32,112,97,114,111,108,101],""logprob"":-11.877944946289062,""rank"":4},{""token"":"" \""\"""",""token_id"":null,""bytes"":[32,34,34],""logprob"":-12.042781829833984,""rank"":5}]"
main,A,R0,427,DABC,2,8,sil,,"[115,105,108]",-0.6829010248184204,1,"[{""token"":""sil"",""token_id"":null,""bytes"":[115,105,108],""logprob"":-0.6829010248184204,""rank"":1},{""token"":""parole"",""token_id"":null,""bytes"":[112,97,114,111,108,101],""logprob"":-0.7116065621376038,""rank"":2},{""token"":""par"",""token_id"":null,""bytes"":[112,97,114],""logprob"":-7.376031398773193,""rank"":3},{""token"":""pare"",""token_id"":null,""bytes"":[112,97,114,101],""logprob"":-8.316965103149414,""rank"":4},{""token"":""s"",""token_id"":null,""bytes"":[115],""logprob"":-8.35165786743164,""rank"":5}]"
main,A,R0,427,DABC,2,9,ence,,"[101,110,99,101]",-1.0728893357736524e-05,1,"[{""token"":""ence"",""token_id"":null,""bytes"":[101,110,99,101],""logprob"":-1.0728893357736524e-05,""rank"":1},{""token"":""ience"",""token_id"":null,""bytes"":[105,101,110,99,101],""logprob"":-11.881476402282715,""rank"":2},{""token"":""ance"",""token_id"":null,""bytes"":[97,110,99,101],""logprob"":-12.749621391296387,""rank"":3},{""token"":""enc"",""token_id"":null,""bytes"":[101,110,99],""logprob"":-15.021140098571777,""rank"":4},{""token"":""\"","",""token_id"":null,""bytes"":[34,44],""logprob"":-15.82038402557373,""rank"":5}]"
main,A,R0,427,DABC,2,10,""",",,"[34,44]",-0.10400095582008362,1,"[{""token"":""\"","",""token_id"":null,""bytes"":[34,44],""logprob"":-0.10400095582008362,""rank"":1},{""token"":""\"""",""token_id"":null,""bytes"":[34],""logprob"":-2.3149843215942383,""rank"":2},{""token"":""\n"",""token_id"":null,""bytes"":[10],""logprob"":-12.798715591430664,""rank"":3},{""token"":""\""."",""token_id"":null,""bytes"":[34,46],""logprob"":-13.602818489074707,""rank"":4},{""token"":""\\\"","",""token_id"":null,""bytes"":[92,34,44],""logprob"":-14.086886405944824,""rank"":5}]"
main,A,R0,427,DABC,2,11,"
",,[10],-4.529963462118758e-06,1,"[{""token"":""\n"",""token_id"":null,""bytes"":[10],""logprob"":-4.529963462118758e-06,""rank"":1},{""token"":"" \n"",""token_id"":null,""bytes"":[32,10],""logprob"":-12.82629108428955,""rank"":2},{""token"":"""",""token_id"":null,""bytes"":[],""logprob"":-14.03629207611084,""rank"":3},{""token"":""\n\n"",""token_id"":null,""bytes"":[10,10],""logprob"":-14.489842414855957,""rank"":4},{""token"":"" \"""",""token_id"":null,""bytes"":[32,34],""logprob"":-15.350348472595215,""rank"":5}]"
main,A,R0,427,DABC,2,12, ,,[32],-4.768372718899627e-07,1,"[{""token"":"" "",""token_id"":null,""bytes"":[32],""logprob"":-4.768372718899627e-07,""rank"":1},{""token"":"" \"""",""token_id"":null,""bytes"":[32,34],""logprob"":-14.830775260925293,""rank"":2},{""token"":""  \n"",""token_id"":null,""bytes"":[32,32,10],""logprob"":-15.846244812011719,""rank"":3},{""token"":"" texte"",""token_id"":null,""bytes"":[32,116,101,120,116,101],""logprob"":-17.57489776611328,""rank"":4},{""token"":""\"":"",""token_id"":null,""bytes"":[34,58],""logprob"":-17.85828399658203,""rank"":5}]"
main,A,R0,427,DABC,2,13," """,,"[32,34]",-2.7418175250204513e-06,1,"[{""token"":"" \"""",""token_id"":null,""bytes"":[32,34],""logprob"":-2.7418175250204513e-06,""rank"":1},{""token"":"" \""\"""",""token_id"":null,""bytes"":[32,34,34],""logprob"":-12.913479804992676,""rank"":2},{""token"":"" \""\\\"""",""token_id"":null,""bytes"":[32,34,92,34],""logprob"":-15.69869327545166,""rank"":3},{""token"":"" \""_"",""token_id"":null,""bytes"":[32,34,95],""logprob"":-16.026199340820312,""rank"":4},{""token"":"" \""."",""token_id"":null,""bytes"":[32,34,46],""logprob"":-16.689477920532227,""rank"":5}]"
main,A,R0,427,DABC,2,14,texte,,"[116,101,120,116,101]",-0.0006296828505583107,1,"[{""token"":""texte"",""token_id"":null,""bytes"":[116,101,120,116,101],""logprob"":-0.0006296828505583107,""rank"":1},{""token"":""texto"",""token_id"":null,""bytes"":[116,101,120,116,111],""logprob"":-7.841743469238281,""rank"":2},{""token"":"" texte"",""token_id"":null,""bytes"":[32,116,101,120,116,101],""logprob"":-9.23090934753418,""rank"":3},{""token"":""texture"",""token_id"":null,""bytes"":[116,101,120,116,117,114,101],""logprob"":-10.990337371826172,""rank"":4},{""token"":""liste"",""token_id"":null,""bytes"":[108,105,115,116,101],""logprob"":-11.11802864074707,""rank"":5}]"
main,A,R0,427,DABC,2,15,""":",,"[34,58]",-9.775209946383256e-06,1,"[{""token"":""\"":"",""token_id"":null,""bytes"":[34,58],""logprob"":-9.775209946383256e-06,""rank"":1},{""token"":""\"""",""token_id"":null,""bytes"":[34],""logprob"":-11.71143913269043,""rank"":2},{""token"":""\"":\""\"""",""token_id"":null,""bytes"":[34,58,34,34],""logprob"":-13.73509407043457,""rank"":3},{""token"":""\\\"":"",""token_id"":null,""bytes"":[92,34,58],""logprob"":-15.427671432495117,""rank"":4},{""token"":""\"":\"""",""token_id"":null,""bytes"":[34,58,34],""logprob"":-16.406694412231445,""rank"":5}]"
main,A,R0,427,DABC,2,16," """"",,"[32,34,34]",-0.0034958957694470882,1,"[{""token"":"" \""\"""",""token_id"":null,""bytes"":[32,34,34],""logprob"":-0.0034958957694470882,""rank"":1},{""token"":"" \"""",""token_id"":null,""bytes"":[32,34],""logprob"":-5.9778056144714355,""rank"":2},{""token"":"" null"",""token_id"":null,""bytes"":[32,110,117,108,108],""logprob"":-7.4228434562683105,""rank"":3},{""token"":"" \""\"","",""token_id"":null,""bytes"":[32,34,34,44],""logprob"":-8.4609375,""rank"":4},{""token"":"" \""\\\"""",""token_id"":null,""bytes"":[32,34,92,34],""logprob"":-9.420413970947266,""rank"":5}]"
main,A,R0,427,DABC,2,17,"
",,[10],-9.536747711536009e-07,1,"[{""token"":""\n"",""token_id"":null,""bytes"":[10],""logprob"":-9.536747711536009e-07,""rank"":1},{""token"":"""",""token_id"":null,""bytes"":[],""logprob"":-14.770174026489258,""rank"":2},{""token"":"" \n"",""token_id"":null,""bytes"":[32,10],""logprob"":-14.94002914428711,""rank"":3},{""token"":""\n\n"",""token_id"":null,""bytes"":[10,10],""logprob"":-15.378928184509277,""rank"":4},{""token"":""\n\n\n"",""token_id"":null,""bytes"":[10,10,10],""logprob"":-18.373306274414062,""rank"":5}]"
main,A,R0,427,DABC,2,18,},,[125],-2.5033982637978625e-06,1,"[{""token"":""}"",""token_id"":null,""bytes"":[125],""logprob"":-2.5033982637978625e-06,""rank"":1},{""token"":""},"",""token_id"":null,""bytes"":[125,44],""logprob"":-13.417893409729004,""rank"":2},{""token"":""}\"""",""token_id"":null,""bytes"":[125,34],""logprob"":-14.308489799499512,""rank"":3},{""token"":""}'"",""token_id"":null,""bytes"":[125,39],""logprob"":-14.59435749053955,""rank"":4},{""token"":""}`"",""token_id"":null,""bytes"":[125,96],""logprob"":-16.7717342376709,""rank"":5}]"
main,B,R7,427,DABC,3,1,{,,[123],-0.02172425016760826,1,"[{""token"":""{"",""token_id"":null,""bytes"":[123],""logprob"":-0.02172425016760826,""rank"":1},{""token"":""{\"""",""token_id"":null,""bytes"":[123,34],""logprob"":-4.228072643280029,""rank"":2},{""token"":""```"",""token_id"":null,""bytes"":[96,96,96],""logprob"":-5.131930828094482,""rank"":3},{""token"":""{\\\"""",""token_id"":null,""bytes"":[123,92,34],""logprob"":-9.165180206298828,""rank"":4},{""token"":""{\\"",""token_id"":null,""bytes"":[123,92],""logprob"":-9.315994262695312,""rank"":5}]"
main,B,R7,427,DABC,3,2,"
",,[10],-0.0008808079874143004,1,"[{""token"":""\n"",""token_id"":null,""bytes"":[10],""logprob"":-0.0008808079874143004,""rank"":1},{""token"":"" \"""",""token_id"":null,""bytes"":[32,34],""logprob"":-7.27277135848999,""rank"":2},{""token"":""mode"",""token_id"":null,""bytes"":[109,111,100,101],""logprob"":-8.902280807495117,""rank"":3},{""token"":"" "",""token_id"":null,""bytes"":[32],""logprob"":-10.787778854370117,""rank"":4},{""token"":"" \n"",""token_id"":null,""bytes"":[32,10],""logprob"":-11.593488693237305,""rank"":5}]"
main,B,R7,427,DABC,3,3, ,,[32],-0.0002201441820943728,1,"[{""token"":"" "",""token_id"":null,""bytes"":[32],""logprob"":-0.0002201441820943728,""rank"":1},{""token"":""\"""",""token_id"":null,""bytes"":[34],""logprob"":-8.98767375946045,""rank"":2},{""token"":"" \"""",""token_id"":null,""bytes"":[32,34],""logprob"":-9.363957405090332,""rank"":3},{""token"":""\""text"",""token_id"":null,""bytes"":[34,116,101,120,116],""logprob"":-13.119736671447754,""rank"":4},{""token"":""  \n"",""token_id"":null,""bytes"":[32,32,10],""logprob"":-13.16612720489502,""rank"":5}]"
main,B,R7,427,DABC,3,4," """,,"[32,34]",-4.172333774477011e-06,1,"[{""token"":"" \"""",""token_id"":null,""bytes"":[32,34],""logprob"":-4.172333774477011e-06,""rank"":1},{""token"":"" \""_"",""token_id"":null,""bytes"":[32,34,95],""logprob"":-13.113958358764648,""rank"":2},{""token"":"" \""\\\"""",""token_id"":null,""bytes"":[32,34,92,34],""logprob"":-13.908227920532227,""rank"":3},{""token"":"" \""__"",""token_id"":null,""bytes"":[32,34,95,95],""logprob"":-15.388980865478516,""rank"":4},{""token"":"" mode"",""token_id"":null,""bytes"":[32,109,111,100,101],""logprob"":-15.449271202087402,""rank"":5}]"
main,B,R7,427,DABC,3,5,mode,,"[109,111,100,101]",-0.00011707037629093975,1,"[{""token"":""mode"",""token_id"":null,""bytes"":[109,111,100,101],""logprob"":-0.00011707037629093975,""rank"":1},{""token"":""texte"",""token_id"":null,""bytes"":[116,101,120,116,101],""logprob"":-9.493277549743652,""rank"":2},{""token"":""\tmode"",""token_id"":null,""bytes"":[9,109,111,100,101],""logprob"":-12.450518608093262,""rank"":3},{""token"":""message"",""token_id"":null,""bytes"":[109,101,115,115,97,103,101],""logprob"":-12.52582836151123,""rank"":4},{""token"":""type"",""token_id"":null,""bytes"":[116,121,112,101],""logprob"":-12.704558372497559,""rank"":5}]"
main,B,R7,427,DABC,3,6,""":",,"[34,58]",-6.318112355074845e-06,1,"[{""token"":""\"":"",""token_id"":null,""bytes"":[34,58],""logprob"":-6.318112355074845e-06,""rank"":1},{""token"":""\"":\"""",""token_id"":null,""bytes"":[34,58,34],""logprob"":-12.400069236755371,""rank"":2},{""token"":""\"""",""token_id"":null,""bytes"":[34],""logprob"":-13.777251243591309,""rank"":3},{""token"":""\"","",""token_id"":null,""bytes"":[34,44],""logprob"":-14.631165504455566,""rank"":4},{""token"":""':"",""token_id"":null,""bytes"":[39,58],""logprob"":-15.456767082214355,""rank"":5}]"
main,B,R7,427,DABC,3,7," """,,"[32,34]",-6.84284750605002e-05,1,"[{""token"":"" \"""",""token_id"":null,""bytes"":[32,34],""logprob"":-6.84284750605002e-05,""rank"":1},{""token"":"" \""\"","",""token_id"":null,""bytes"":[32,34,34,44],""logprob"":-11.380424499511719,""rank"":2},{""token"":"" \""..."",""token_id"":null,""bytes"":[32,34,46,46,46],""logprob"":-11.570703506469727,""rank"":3},{""token"":"" parole"",""token_id"":null,""bytes"":[32,112,97,114,111,108,101],""logprob"":-11.879776000976562,""rank"":4},{""token"":"" \""\"""",""token_id"":null,""bytes"":[32,34,34],""logprob"":-12.034069061279297,""rank"":5}]"
main,B,R7,427,DABC,3,8,sil,,"[115,105,108]",-0.6785305142402649,1,"[{""token"":""sil"",""token_id"":null,""bytes"":[115,105,108],""logprob"":-0.6785305142402649,""rank"":1},{""token"":""parole"",""token_id"":null,""bytes"":[112,97,114,111,108,101],""logprob"":-0.7165859341621399,""rank"":2},{""token"":""par"",""token_id"":null,""bytes"":[112,97,114],""logprob"":-7.273228645324707,""rank"":3},{""token"":""pare"",""token_id"":null,""bytes"":[112,97,114,101],""logprob"":-8.244132041931152,""rank"":4},{""token"":""s"",""token_id"":null,""bytes"":[115],""logprob"":-8.282027244567871,""rank"":5}]"
main,B,R7,427,DABC,3,9,ence,,"[101,110,99,101]",-9.179157132166438e-06,1,"[{""token"":""ence"",""token_id"":null,""bytes"":[101,110,99,101],""logprob"":-9.179157132166438e-06,""rank"":1},{""token"":""ience"",""token_id"":null,""bytes"":[105,101,110,99,101],""logprob"":-12.033693313598633,""rank"":2},{""token"":""ance"",""token_id"":null,""bytes"":[97,110,99,101],""logprob"":-12.892942428588867,""rank"":3},{""token"":""enc"",""token_id"":null,""bytes"":[101,110,99],""logprob"":-15.13233757019043,""rank"":4},{""token"":""ences"",""token_id"":null,""bytes"":[101,110,99,101,115],""logprob"":-15.992465019226074,""rank"":5}]"
main,B,R7,427,DABC,3,10,""",",,"[34,44]",-0.10652503371238708,1,"[{""token"":""\"","",""token_id"":null,""bytes"":[34,44],""logprob"":-0.10652503371238708,""rank"":1},{""token"":""\"""",""token_id"":null,""bytes"":[34],""logprob"":-2.292224407196045,""rank"":2},{""token"":""\n"",""token_id"":null,""bytes"":[10],""logprob"":-13.167221069335938,""rank"":3},{""token"":""\""."",""token_id"":null,""bytes"":[34,46],""logprob"":-13.745504379272461,""rank"":4},{""token"":""\\\"","",""token_id"":null,""bytes"":[92,34,44],""logprob"":-14.183154106140137,""rank"":5}]"
main,B,R7,427,DABC,3,11,"
",,[10],-4.0531240301788785e-06,1,"[{""token"":""\n"",""token_id"":null,""bytes"":[10],""logprob"":-4.0531240301788785e-06,""rank"":1},{""token"":"" \n"",""token_id"":null,""bytes"":[32,10],""logprob"":-12.90800666809082,""rank"":2},{""token"":"""",""token_id"":null,""bytes"":[],""logprob"":-14.16970443725586,""rank"":3},{""token"":""\n\n"",""token_id"":null,""bytes"":[10,10],""logprob"":-14.509121894836426,""rank"":4},{""token"":"" \"""",""token_id"":null,""bytes"":[32,34],""logprob"":-15.510653495788574,""rank"":5}]"
main,B,R7,427,DABC,3,12, ,,[32],-4.768372718899627e-07,1,"[{""token"":"" "",""token_id"":null,""bytes"":[32],""logprob"":-4.768372718899627e-07,""rank"":1},{""token"":"" \"""",""token_id"":null,""bytes"":[32,34],""logprob"":-15.015575408935547,""rank"":2},{""token"":""  \n"",""token_id"":null,""bytes"":[32,32,10],""logprob"":-15.97124195098877,""rank"":3},{""token"":"" texte"",""token_id"":null,""bytes"":[32,116,101,120,116,101],""logprob"":-17.74969482421875,""rank"":4},{""token"":""   "",""token_id"":null,""bytes"":[32,32,32],""logprob"":-18.280445098876953,""rank"":5}]"
main,B,R7,427,DABC,3,13," """,,"[32,34]",-2.0265599687263602e-06,1,"[{""token"":"" \"""",""token_id"":null,""bytes"":[32,34],""logprob"":-2.0265599687263602e-06,""rank"":1},{""token"":"" \""\"""",""token_id"":null,""bytes"":[32,34,34],""logprob"":-13.223140716552734,""rank"":2},{""token"":"" \""\\\"""",""token_id"":null,""bytes"":[32,34,92,34],""logprob"":-15.966304779052734,""rank"":3},{""token"":"" \""_"",""token_id"":null,""bytes"":[32,34,95],""logprob"":-16.198970794677734,""rank"":4},{""token"":"" \""..."",""token_id"":null,""bytes"":[32,34,46,46,46],""logprob"":-16.936288833618164,""rank"":5}]"
main,B,R7,427,DABC,3,14,texte,,"[116,101,120,116,101]",-0.000649364956188947,1,"[{""token"":""texte"",""token_id"":null,""bytes"":[116,101,120,116,101],""logprob"":-0.000649364956188947,""rank"":1},{""token"":""texto"",""token_id"":null,""bytes"":[116,101,120,116,111],""logprob"":-7.792206764221191,""rank"":2},{""token"":"" texte"",""token_id"":null,""bytes"":[32,116,101,120,116,101],""logprob"":-9.244690895080566,""rank"":3},{""token"":""texture"",""token_id"":null,""bytes"":[116,101,120,116,117,114,101],""logprob"":-10.890830039978027,""rank"":4},{""token"":""text"",""token_id"":null,""bytes"":[116,101,120,116],""logprob"":-11.115731239318848,""rank"":5}]"
main,B,R7,427,DABC,3,15,""":",,"[34,58]",-1.0848104466276709e-05,1,"[{""token"":""\"":"",""token_id"":null,""bytes"":[34,58],""logprob"":-1.0848104466276709e-05,""rank"":1},{""token"":""\"""",""token_id"":null,""bytes"":[34],""logprob"":-11.591935157775879,""rank"":2},{""token"":""\"":\""\"""",""token_id"":null,""bytes"":[34,58,34,34],""logprob"":-13.789422035217285,""rank"":3},{""token"":""\\\"":"",""token_id"":null,""bytes"":[92,34,58],""logprob"":-15.505274772644043,""rank"":4},{""token"":""\"":\"""",""token_id"":null,""bytes"":[34,58,34],""logprob"":-16.480609893798828,""rank"":5}]"
main,B,R7,427,DABC,3,16," """"",,"[32,34,34]",-0.0031248226296156645,1,"[{""token"":"" \""\"""",""token_id"":null,""bytes"":[32,34,34],""logprob"":-0.0031248226296156645,""rank"":1},{""token"":"" \"""",""token_id"":null,""bytes"":[32,34],""logprob"":-6.100138187408447,""rank"":2},{""token"":"" null"",""token_id"":null,""bytes"":[32,110,117,108,108],""logprob"":-7.526052951812744,""rank"":3},{""token"":"" \""\"","",""token_id"":null,""bytes"":[32,34,34,44],""logprob"":-8.518841743469238,""rank"":4},{""token"":"" \""\\\"""",""token_id"":null,""bytes"":[32,34,92,34],""logprob"":-9.442099571228027,""rank"":5}]"
main,B,R7,427,DABC,3,17,"
",,[10],-8.344653679159819e-07,1,"[{""token"":""\n"",""token_id"":null,""bytes"":[10],""logprob"":-8.344653679159819e-07,""rank"":1},{""token"":"""",""token_id"":null,""bytes"":[],""logprob"":-14.898009300231934,""rank"":2},{""token"":"" \n"",""token_id"":null,""bytes"":[32,10],""logprob"":-15.026812553405762,""rank"":3},{""token"":""\n\n"",""token_id"":null,""bytes"":[10,10],""logprob"":-15.510147094726562,""rank"":4},{""token"":""\n\n\n"",""token_id"":null,""bytes"":[10,10,10],""logprob"":-18.452171325683594,""rank"":5}]"
main,B,R7,427,DABC,3,18,},,[125],-2.5033982637978625e-06,1,"[{""token"":""}"",""token_id"":null,""bytes"":[125],""logprob"":-2.5033982637978625e-06,""rank"":1},{""token"":""},"",""token_id"":null,""bytes"":[125,44],""logprob"":-13.412047386169434,""rank"":2},{""token"":""}\"""",""token_id"":null,""bytes"":[125,34],""logprob"":-14.420966148376465,""rank"":3},{""token"":""}'"",""token_id"":null,""bytes"":[125,39],""logprob"":-14.732012748718262,""rank"":4},{""token"":""}`"",""token_id"":null,""bytes"":[125,96],""logprob"":-16.944538116455078,""rank"":5}]"
main,C,K0,427,DABC,4,1,{,,[123],-0.022347530350089073,1,"[{""token"":""{"",""token_id"":null,""bytes"":[123],""logprob"":-0.022347530350089073,""rank"":1},{""token"":""{\"""",""token_id"":null,""bytes"":[123,34],""logprob"":-4.103880882263184,""rank"":2},{""token"":""```"",""token_id"":null,""bytes"":[96,96,96],""logprob"":-5.384608268737793,""rank"":3},{""token"":""{\\\"""",""token_id"":null,""bytes"":[123,92,34],""logprob"":-9.20559310913086,""rank"":4},{""token"":""{}"",""token_id"":null,""bytes"":[123,125],""logprob"":-9.365748405456543,""rank"":5}]"
main,C,K0,427,DABC,4,2,"
",,[10],-0.0010407617082819343,1,"[{""token"":""\n"",""token_id"":null,""bytes"":[10],""logprob"":-0.0010407617082819343,""rank"":1},{""token"":"" \"""",""token_id"":null,""bytes"":[32,34],""logprob"":-7.071502208709717,""rank"":2},{""token"":""mode"",""token_id"":null,""bytes"":[109,111,100,101],""logprob"":-8.883734703063965,""rank"":3},{""token"":"" "",""token_id"":null,""bytes"":[32],""logprob"":-10.773819923400879,""rank"":4},{""token"":"" \n"",""token_id"":null,""bytes"":[32,10],""logprob"":-11.489826202392578,""rank"":5}]"
main,C,K0,427,DABC,4,3, ,,[32],-0.00021775947243440896,1,"[{""token"":"" "",""token_id"":null,""bytes"":[32],""logprob"":-0.00021775947243440896,""rank"":1},{""token"":""\"""",""token_id"":null,""bytes"":[34],""logprob"":-9.088756561279297,""rank"":2},{""token"":"" \"""",""token_id"":null,""bytes"":[32,34],""logprob"":-9.261333465576172,""rank"":3},{""token"":""\""text"",""token_id"":null,""bytes"":[34,116,101,120,116],""logprob"":-13.031827926635742,""rank"":4},{""token"":""  \n"",""token_id"":null,""bytes"":[32,32,10],""logprob"":-13.105371475219727,""rank"":5}]"
main,C,K0,427,DABC,4,4," """,,"[32,34]",-3.218656047465629e-06,1,"[{""token"":"" \"""",""token_id"":null,""bytes"":[32,34],""logprob"":-3.218656047465629e-06,""rank"":1},{""token"":"" \""_"",""token_id"":null,""bytes"":[32,34,95],""logprob"":-13.295794486999512,""rank"":2},{""token"":"" \""\\\"""",""token_id"":null,""bytes"":[32,34,92,34],""logprob"":-14.324239730834961,""rank"":3},{""token"":"" mode"",""token_id"":null,""bytes"":[32,109,111,100,101],""logprob"":-15.079508781433105,""rank"":4},{""token"":"" \""__"",""token_id"":null,""bytes"":[32,34,95,95],""logprob"":-15.397425651550293,""rank"":5}]"
main,C,K0,427,DABC,4,5,mode,,"[109,111,100,101]",-0.00011695115244947374,1,"[{""token"":""mode"",""token_id"":null,""bytes"":[109,111,100,101],""logprob"":-0.00011695115244947374,""rank"":1},{""token"":""texte"",""token_id"":null,""bytes"":[116,101,120,116,101],""logprob"":-9.467223167419434,""rank"":2},{""token"":""\tmode"",""token_id"":null,""bytes"":[9,109,111,100,101],""logprob"":-12.454880714416504,""rank"":3},{""token"":""message"",""token_id"":null,""bytes"":[109,101,115,115,97,103,101],""logprob"":-12.663521766662598,""rank"":4},{""token"":""type"",""token_id"":null,""bytes"":[116,121,112,101],""logprob"":-12.774247169494629,""rank"":5}]"
main,C,K0,427,DABC,4,6,""":",,"[34,58]",-5.722062269342132e-06,1,"[{""token"":""\"":"",""token_id"":null,""bytes"":[34,58],""logprob"":-5.722062269342132e-06,""rank"":1},{""token"":""\"":\"""",""token_id"":null,""bytes"":[34,58,34],""logprob"":-12.455028533935547,""rank"":2},{""token"":""\"""",""token_id"":null,""bytes"":[34],""logprob"":-14.045772552490234,""rank"":3},{""token"":""\"","",""token_id"":null,""bytes"":[34,44],""logprob"":-14.704669952392578,""rank"":4},{""token"":""':"",""token_id"":null,""bytes"":[39,58],""logprob"":-15.434219360351562,""rank"":5}]"
main,C,K0,427,DABC,4,7," """,,"[32,34]",-6.580569606740028e-05,1,"[{""token"":"" \"""",""token_id"":null,""bytes"":[32,34],""logprob"":-6.580569606740028e-05,""rank"":1},{""token"":"" \""\"","",""token_id"":null,""bytes"":[32,34,34,44],""logprob"":-11.462050437927246,""rank"":2},{""token"":"" \""..."",""token_id"":null,""bytes"":[32,34,46,46,46],""logprob"":-11.589383125305176,""rank"":3},{""token"":"" parole"",""token_id"":null,""bytes"":[32,112,97,114,111,108,101],""logprob"":-11.91740894317627,""rank"":4},{""token"":"" \""\"""",""token_id"":null,""bytes"":[32,34,34],""logprob"":-12.049454689025879,""rank"":5}]"
main,C,K0,427,DABC,4,8,sil,,"[115,105,108]",-0.6199643015861511,1,"[{""token"":""sil"",""token_id"":null,""bytes"":[115,105,108],""logprob"":-0.6199643015861511,""rank"":1},{""token"":""parole"",""token_id"":null,""bytes"":[112,97,114,111,108,101],""logprob"":-0.7807443141937256,""rank"":2},{""token"":""par"",""token_id"":null,""bytes"":[112,97,114],""logprob"":-7.385531902313232,""rank"":3},{""token"":"" parole"",""token_id"":null,""bytes"":[32,112,97,114,111,108,101],""logprob"":-8.325679779052734,""rank"":4},{""token"":""pare"",""token_id"":null,""bytes"":[112,97,114,101],""logprob"":-8.352705001831055,""rank"":5}]"
main,C,K0,427,DABC,4,9,ence,,"[101,110,99,101]",-9.775209946383256e-06,1,"[{""token"":""ence"",""token_id"":null,""bytes"":[101,110,99,101],""logprob"":-9.775209946383256e-06,""rank"":1},{""token"":""ience"",""token_id"":null,""bytes"":[105,101,110,99,101],""logprob"":-11.912710189819336,""rank"":2},{""token"":""ance"",""token_id"":null,""bytes"":[97,110,99,101],""logprob"":-12.932533264160156,""rank"":3},{""token"":""enc"",""token_id"":null,""bytes"":[101,110,99],""logprob"":-15.216045379638672,""rank"":4},{""token"":""\"","",""token_id"":null,""bytes"":[34,44],""logprob"":-16.03968620300293,""rank"":5}]"
main,C,K0,427,DABC,4,10,""",",,"[34,44]",-0.10642677545547485,1,"[{""token"":""\"","",""token_id"":null,""bytes"":[34,44],""logprob"":-0.10642677545547485,""rank"":1},{""token"":""\"""",""token_id"":null,""bytes"":[34],""logprob"":-2.293093204498291,""rank"":2},{""token"":""\n"",""token_id"":null,""bytes"":[10],""logprob"":-13.433211326599121,""rank"":3},{""token"":""\""."",""token_id"":null,""bytes"":[34,46],""logprob"":-13.752901077270508,""rank"":4},{""token"":""\\\"","",""token_id"":null,""bytes"":[92,34,44],""logprob"":-14.33447265625,""rank"":5}]"
main,C,K0,427,DABC,4,11,"
",,[10],-3.337865791763761e-06,1,"[{""token"":""\n"",""token_id"":null,""bytes"":[10],""logprob"":-3.337865791763761e-06,""rank"":1},{""token"":"" \n"",""token_id"":null,""bytes"":[32,10],""logprob"":-13.107783317565918,""rank"":2},{""token"":"""",""token_id"":null,""bytes"":[],""logprob"":-14.255763053894043,""rank"":3},{""token"":""\n\n"",""token_id"":null,""bytes"":[10,10],""logprob"":-14.601638793945312,""rank"":4},{""token"":"" \"""",""token_id"":null,""bytes"":[32,34],""logprob"":-15.553372383117676,""rank"":5}]"
main,C,K0,427,DABC,4,12, ,,[32],-4.768372718899627e-07,1,"[{""token"":"" "",""token_id"":null,""bytes"":[32],""logprob"":-4.768372718899627e-07,""rank"":1},{""token"":"" \"""",""token_id"":null,""bytes"":[32,34],""logprob"":-14.94283676147461,""rank"":2},{""token"":""  \n"",""token_id"":null,""bytes"":[32,32,10],""logprob"":-16.096988677978516,""rank"":3},{""token"":"" texte"",""token_id"":null,""bytes"":[32,116,101,120,116,101],""logprob"":-17.702526092529297,""rank"":4},{""token"":""\"":"",""token_id"":null,""bytes"":[34,58],""logprob"":-18.022602081298828,""rank"":5}]"
main,C,K0,427,DABC,4,13," """,,"[32,34]",-1.3113030945532955e-06,1,"[{""token"":"" \"""",""token_id"":null,""bytes"":[32,34],""logprob"":-1.3113030945532955e-06,""rank"":1},{""token"":"" \""\"""",""token_id"":null,""bytes"":[32,34,34],""logprob"":-13.740971565246582,""rank"":2},{""token"":"" \""\\\"""",""token_id"":null,""bytes"":[32,34,92,34],""logprob"":-16.369064331054688,""rank"":3},{""token"":"" \""."",""token_id"":null,""bytes"":[32,34,46],""logprob"":-16.59925079345703,""rank"":4},{""token"":"" \""_"",""token_id"":null,""bytes"":[32,34,95],""logprob"":-16.92404556274414,""rank"":5}]"
main,C,K0,427,DABC,4,14,texte,,"[116,101,120,116,101]",-0.000701315701007843,1,"[{""token"":""texte"",""token_id"":null,""bytes"":[116,101,120,116,101],""logprob"":-0.000701315701007843,""rank"":1},{""token"":""texto"",""token_id"":null,""bytes"":[116,101,120,116,111],""logprob"":-7.710988521575928,""rank"":2},{""token"":"" texte"",""token_id"":null,""bytes"":[32,116,101,120,116,101],""logprob"":-9.253518104553223,""rank"":3},{""token"":""texture"",""token_id"":null,""bytes"":[116,101,120,116,117,114,101],""logprob"":-10.663298606872559,""rank"":4},{""token"":""text"",""token_id"":null,""bytes"":[116,101,120,116],""logprob"":-10.913947105407715,""rank"":5}]"
main,C,K0,427,DABC,4,15,""":",,"[34,58]",-1.025205165205989e-05,1,"[{""token"":""\"":"",""token_id"":null,""bytes"":[34,58],""logprob"":-1.025205165205989e-05,""rank"":1},{""token"":""\"""",""token_id"":null,""bytes"":[34],""logprob"":-11.64643383026123,""rank"":2},{""token"":""\"":\""\"""",""token_id"":null,""bytes"":[34,58,34,34],""logprob"":-13.708300590515137,""rank"":3},{""token"":""\\\"":"",""token_id"":null,""bytes"":[92,34,58],""logprob"":-15.41968059539795,""rank"":4},{""token"":""\"":\"""",""token_id"":null,""bytes"":[34,58,34],""logprob"":-16.462614059448242,""rank"":5}]"
main,C,K0,427,DABC,4,16," """"",,"[32,34,34]",-0.0032841789070516825,1,"[{""token"":"" \""\"""",""token_id"":null,""bytes"":[32,34,34],""logprob"":-0.0032841789070516825,""rank"":1},{""token"":"" \"""",""token_id"":null,""bytes"":[32,34],""logprob"":-6.025295257568359,""rank"":2},{""token"":"" null"",""token_id"":null,""bytes"":[32,110,117,108,108],""logprob"":-7.520589351654053,""rank"":3},{""token"":"" \""\"","",""token_id"":null,""bytes"":[32,34,34,44],""logprob"":-8.617876052856445,""rank"":4},{""token"":"" \""\\\"""",""token_id"":null,""bytes"":[32,34,92,34],""logprob"":-9.446208953857422,""rank"":5}]"
main,C,K0,427,DABC,4,17,"
",,[10],-8.344653679159819e-07,1,"[{""token"":""\n"",""token_id"":null,""bytes"":[10],""logprob"":-8.344653679159819e-07,""rank"":1},{""token"":"""",""token_id"":null,""bytes"":[],""logprob"":-14.832995414733887,""rank"":2},{""token"":"" \n"",""token_id"":null,""bytes"":[32,10],""logprob"":-15.189888954162598,""rank"":3},{""token"":""\n\n"",""token_id"":null,""bytes"":[10,10],""logprob"":-15.416543006896973,""rank"":4},{""token"":""\n\n\n"",""token_id"":null,""bytes"":[10,10,10],""logprob"":-18.386173248291016,""rank"":5}]"
main,C,K0,427,DABC,4,18,},,[125],-2.3841887468734058e-06,1,"[{""token"":""}"",""token_id"":null,""bytes"":[125],""logprob"":-2.3841887468734058e-06,""rank"":1},{""token"":""},"",""token_id"":null,""bytes"":[125,44],""logprob"":-13.398757934570312,""rank"":2},{""token"":""}\"""",""token_id"":null,""bytes"":[125,34],""logprob"":-14.608040809631348,""rank"":3},{""token"":""}'"",""token_id"":null,""bytes"":[125,39],""logprob"":-14.80576229095459,""rank"":4},{""token"":""}`"",""token_id"":null,""bytes"":[125,96],""logprob"":-16.94948387145996,""rank"":5}]"
main,D,K7,428,DCBA,1,1,{,,[123],-0.019648456946015358,1,"[{""token"":""{"",""token_id"":null,""bytes"":[123],""logprob"":-0.019648456946015358,""rank"":1},{""token"":""{\"""",""token_id"":null,""bytes"":[123,34],""logprob"":-4.364804267883301,""rank"":2},{""token"":""```"",""token_id"":null,""bytes"":[96,96,96],""logprob"":-5.162684440612793,""rank"":3},{""token"":""{\\"",""token_id"":null,""bytes"":[123,92],""logprob"":-9.366595268249512,""rank"":4},{""token"":""{'"",""token_id"":null,""bytes"":[123,39],""logprob"":-9.472453117370605,""rank"":5}]"
main,D,K7,428,DCBA,1,2,"
",,[10],-0.001262209378182888,1,"[{""token"":""\n"",""token_id"":null,""bytes"":[10],""logprob"":-0.001262209378182888,""rank"":1},{""token"":"" \"""",""token_id"":null,""bytes"":[32,34],""logprob"":-6.884255886077881,""rank"":2},{""token"":""mode"",""token_id"":null,""bytes"":[109,111,100,101],""logprob"":-8.65310287475586,""rank"":3},{""token"":"" "",""token_id"":null,""bytes"":[32],""logprob"":-10.568531036376953,""rank"":4},{""token"":"" \n"",""token_id"":null,""bytes"":[32,10],""logprob"":-11.43088150024414,""rank"":5}]"
main,D,K7,428,DCBA,1,3, ,,[32],-0.0002571078948676586,1,"[{""token"":"" "",""token_id"":null,""bytes"":[32],""logprob"":-0.0002571078948676586,""rank"":1},{""token"":""\"""",""token_id"":null,""bytes"":[34],""logprob"":-8.83296012878418,""rank"":2},{""token"":"" \"""",""token_id"":null,""bytes"":[32,34],""logprob"":-9.205730438232422,""rank"":3},{""token"":""\""text"",""token_id"":null,""bytes"":[34,116,101,120,116],""logprob"":-13.042868614196777,""rank"":4},{""token"":""  \n"",""token_id"":null,""bytes"":[32,32,10],""logprob"":-13.055774688720703,""rank"":5}]"
main,D,K7,428,DCBA,1,4," """,,"[32,34]",-5.1260126383567695e-06,1,"[{""token"":"" \"""",""token_id"":null,""bytes"":[32,34],""logprob"":-5.1260126383567695e-06,""rank"":1},{""token"":"" \""_"",""token_id"":null,""bytes"":[32,34,95],""logprob"":-12.858902931213379,""rank"":2},{""token"":"" \""\\\"""",""token_id"":null,""bytes"":[32,34,92,34],""logprob"":-13.873766899108887,""rank"":3},{""token"":"" mode"",""token_id"":null,""bytes"":[32,109,111,100,101],""logprob"":-14.700273513793945,""rank"":4},{""token"":"" \""__"",""token_id"":null,""bytes"":[32,34,95,95],""logprob"":-15.031352996826172,""rank"":5}]"
main,D,K7,428,DCBA,1,5,mode,,"[109,111,100,101]",-0.00010383668268332258,1,"[{""token"":""mode"",""token_id"":null,""bytes"":[109,111,100,101],""logprob"":-0.00010383668268332258,""rank"":1},{""token"":""texte"",""token_id"":null,""bytes"":[116,101,120,116,101],""logprob"":-9.640795707702637,""rank"":2},{""token"":""\tmode"",""token_id"":null,""bytes"":[9,109,111,100,101],""logprob"":-12.447422981262207,""rank"":3},{""token"":""message"",""token_id"":null,""bytes"":[109,101,115,115,97,103,101],""logprob"":-12.718585014343262,""rank"":4},{""token"":""type"",""token_id"":null,""bytes"":[116,121,112,101],""logprob"":-12.868250846862793,""rank"":5}]"
main,D,K7,428,DCBA,1,6,""":",,"[34,58]",-5.960482212685747e-06,1,"[{""token"":""\"":"",""token_id"":null,""bytes"":[34,58],""logprob"":-5.960482212685747e-06,""rank"":1},{""token"":""\"":\"""",""token_id"":null,""bytes"":[34,58,34],""logprob"":-12.444189071655273,""rank"":2},{""token"":""\"""",""token_id"":null,""bytes"":[34],""logprob"":-13.91639518737793,""rank"":3},{""token"":""\"","",""token_id"":null,""bytes"":[34,44],""logprob"":-14.644887924194336,""rank"":4},{""token"":""':"",""token_id"":null,""bytes"":[39,58],""logprob"":-15.362749099731445,""rank"":5}]"
main,D,K7,428,DCBA,1,7," """,,"[32,34]",-7.009752152953297e-05,1,"[{""token"":"" \"""",""token_id"":null,""bytes"":[32,34],""logprob"":-7.009752152953297e-05,""rank"":1},{""token"":"" \""\"","",""token_id"":null,""bytes"":[32,34,34,44],""logprob"":-11.385831832885742,""rank"":2},{""token"":"" \""..."",""token_id"":null,""bytes"":[32,34,46,46,46],""logprob"":-11.577933311462402,""rank"":3},{""token"":"" parole"",""token_id"":null,""bytes"":[32,112,97,114,111,108,101],""logprob"":-11.88742446899414,""rank"":4},{""token"":"" \""\"""",""token_id"":null,""bytes"":[32,34,34],""logprob"":-12.021692276000977,""rank"":5}]"
main,D,K7,428,DCBA,1,8,sil,,"[115,105,108]",-0.5934948325157166,1,"[{""token"":""sil"",""token_id"":null,""bytes"":[115,105,108],""logprob"":-0.5934948325157166,""rank"":1},{""token"":""parole"",""token_id"":null,""bytes"":[112,97,114,111,108,101],""logprob"":-0.8133338689804077,""rank"":2},{""token"":""par"",""token_id"":null,""bytes"":[112,97,114],""logprob"":-7.302597522735596,""rank"":3},{""token"":""pare"",""token_id"":null,""bytes"":[112,97,114,101],""logprob"":-8.257190704345703,""rank"":4},{""token"":""s"",""token_id"":null,""bytes"":[115],""logprob"":-8.34564208984375,""rank"":5}]"
main,D,K7,428,DCBA,1,9,ence,,"[101,110,99,101]",-9.775209946383256e-06,1,"[{""token"":""ence"",""token_id"":null,""bytes"":[101,110,99,101],""logprob"":-9.775209946383256e-06,""rank"":1},{""token"":""ience"",""token_id"":null,""bytes"":[105,101,110,99,101],""logprob"":-11.974973678588867,""rank"":2},{""token"":""ance"",""token_id"":null,""bytes"":[97,110,99,101],""logprob"":-12.842367172241211,""rank"":3},{""token"":""enc"",""token_id"":null,""bytes"":[101,110,99],""logprob"":-15.266870498657227,""rank"":4},{""token"":""ences"",""token_id"":null,""bytes"":[101,110,99,101,115],""logprob"":-16.035558700561523,""rank"":5}]"
main,D,K7,428,DCBA,1,10,""",",,"[34,44]",-0.11132138222455978,1,"[{""token"":""\"","",""token_id"":null,""bytes"":[34,44],""logprob"":-0.11132138222455978,""rank"":1},{""token"":""\"""",""token_id"":null,""bytes"":[34],""logprob"":-2.2505369186401367,""rank"":2},{""token"":""\n"",""token_id"":null,""bytes"":[10],""logprob"":-12.997644424438477,""rank"":3},{""token"":""\""."",""token_id"":null,""bytes"":[34,46],""logprob"":-13.728401184082031,""rank"":4},{""token"":""\\\"","",""token_id"":null,""bytes"":[92,34,44],""logprob"":-14.240416526794434,""rank"":5}]"
main,D,K7,428,DCBA,1,11,"
",,[10],-3.57628505298635e-06,1,"[{""token"":""\n"",""token_id"":null,""bytes"":[10],""logprob"":-3.57628505298635e-06,""rank"":1},{""token"":"" \n"",""token_id"":null,""bytes"":[32,10],""logprob"":-13.045957565307617,""rank"":2},{""token"":"""",""token_id"":null,""bytes"":[],""logprob"":-14.220623016357422,""rank"":3},{""token"":""\n\n"",""token_id"":null,""bytes"":[10,10],""logprob"":-14.449294090270996,""rank"":4},{""token"":"" \"""",""token_id"":null,""bytes"":[32,34],""logprob"":-15.582581520080566,""rank"":5}]"
main,D,K7,428,DCBA,1,12, ,,[32],-4.768372718899627e-07,1,"[{""token"":"" "",""token_id"":null,""bytes"":[32],""logprob"":-4.768372718899627e-07,""rank"":1},{""token"":"" \"""",""token_id"":null,""bytes"":[32,34],""logprob"":-14.934100151062012,""rank"":2},{""token"":""  \n"",""token_id"":null,""bytes"":[32,32,10],""logprob"":-15.774998664855957,""rank"":3},{""token"":"" texte"",""token_id"":null,""bytes"":[32,116,101,120,116,101],""logprob"":-17.64464569091797,""rank"":4},{""token"":""\"":"",""token_id"":null,""bytes"":[34,58],""logprob"":-17.890995025634766,""rank"":5}]"
main,D,K7,428,DCBA,1,13," """,,"[32,34]",-2.0265599687263602e-06,1,"[{""token"":"" \"""",""token_id"":null,""bytes"":[32,34],""logprob"":-2.0265599687263602e-06,""rank"":1},{""token"":"" \""\"""",""token_id"":null,""bytes"":[32,34,34],""logprob"":-13.254087448120117,""rank"":2},{""token"":"" \""\\\"""",""token_id"":null,""bytes"":[32,34,92,34],""logprob"":-16.043081283569336,""rank"":3},{""token"":"" \""_"",""token_id"":null,""bytes"":[32,34,95],""logprob"":-16.407825469970703,""rank"":4},{""token"":"" \""."",""token_id"":null,""bytes"":[32,34,46],""logprob"":-16.942138671875,""rank"":5}]"
main,D,K7,428,DCBA,1,14,texte,,"[116,101,120,116,101]",-0.0006448320928029716,1,"[{""token"":""texte"",""token_id"":null,""bytes"":[116,101,120,116,101],""logprob"":-0.0006448320928029716,""rank"":1},{""token"":""texto"",""token_id"":null,""bytes"":[116,101,120,116,111],""logprob"":-7.806743621826172,""rank"":2},{""token"":"" texte"",""token_id"":null,""bytes"":[32,116,101,120,116,101],""logprob"":-9.280204772949219,""rank"":3},{""token"":""texture"",""token_id"":null,""bytes"":[116,101,120,116,117,114,101],""logprob"":-10.911214828491211,""rank"":4},{""token"":""text"",""token_id"":null,""bytes"":[116,101,120,116],""logprob"":-11.027225494384766,""rank"":5}]"
main,D,K7,428,DCBA,1,15,""":",,"[34,58]",-9.179157132166438e-06,1,"[{""token"":""\"":"",""token_id"":null,""bytes"":[34,58],""logprob"":-9.179157132166438e-06,""rank"":1},{""token"":""\"""",""token_id"":null,""bytes"":[34],""logprob"":-11.782276153564453,""rank"":2},{""token"":""\"":\""\"""",""token_id"":null,""bytes"":[34,58,34,34],""logprob"":-13.713590621948242,""rank"":3},{""token"":""\\\"":"",""token_id"":null,""bytes"":[92,34,58],""logprob"":-15.420682907104492,""rank"":4},{""token"":""\"":\"""",""token_id"":null,""bytes"":[34,58,34],""logprob"":-16.319738388061523,""rank"":5}]"
main,D,K7,428,DCBA,1,16," """"",,"[32,34,34]",-0.0032456680200994015,1,"[{""token"":"" \""\"""",""token_id"":null,""bytes"":[32,34,34],""logprob"":-0.0032456680200994015,""rank"":1},{""token"":"" \"""",""token_id"":null,""bytes"":[32,34],""logprob"":-6.055448055267334,""rank"":2},{""token"":"" null"",""token_id"":null,""bytes"":[32,110,117,108,108],""logprob"":-7.501000881195068,""rank"":3},{""token"":"" \""\"","",""token_id"":null,""bytes"":[32,34,34,44],""logprob"":-8.500384330749512,""rank"":4},{""token"":"" \""\\\"""",""token_id"":null,""bytes"":[32,34,92,34],""logprob"":-9.465580940246582,""rank"":5}]"
main,D,K7,428,DCBA,1,17,"
",,[10],-8.344653679159819e-07,1,"[{""token"":""\n"",""token_id"":null,""bytes"":[10],""logprob"":-8.344653679159819e-07,""rank"":1},{""token"":"""",""token_id"":null,""bytes"":[],""logprob"":-14.713308334350586,""rank"":2},{""token"":"" \n"",""token_id"":null,""bytes"":[32,10],""logprob"":-15.195917129516602,""rank"":3},{""token"":""\n\n"",""token_id"":null,""bytes"":[10,10],""logprob"":-15.342458724975586,""rank"":4},{""token"":""\n\n\n"",""token_id"":null,""bytes"":[10,10,10],""logprob"":-18.374958038330078,""rank"":5}]"
main,D,K7,428,DCBA,1,18,},,[125],-2.622607780722319e-06,1,"[{""token"":""}"",""token_id"":null,""bytes"":[125],""logprob"":-2.622607780722319e-06,""rank"":1},{""token"":""},"",""token_id"":null,""bytes"":[125,44],""logprob"":-13.304072380065918,""rank"":2},{""token"":""}\"""",""token_id"":null,""bytes"":[125,34],""logprob"":-14.436419486999512,""rank"":3},{""token"":""}'"",""token_id"":null,""bytes"":[125,39],""logprob"":-14.71263599395752,""rank"":4},{""token"":"""",""token_id"":null,""bytes"":[],""logprob"":-16.880449295043945,""rank"":5}]"
main,C,K0,428,DCBA,2,1,{,,[123],-0.022347530350089073,1,"[{""token"":""{"",""token_id"":null,""bytes"":[123],""logprob"":-0.022347530350089073,""rank"":1},{""token"":""{\"""",""token_id"":null,""bytes"":[123,34],""logprob"":-4.103880882263184,""rank"":2},{""token"":""```"",""token_id"":null,""bytes"":[96,96,96],""logprob"":-5.384608268737793,""rank"":3},{""token"":""{\\\"""",""token_id"":null,""bytes"":[123,92,34],""logprob"":-9.20559310913086,""rank"":4},{""token"":""{}"",""token_id"":null,""bytes"":[123,125],""logprob"":-9.365748405456543,""rank"":5}]"
main,C,K0,428,DCBA,2,2,"
",,[10],-0.0010407617082819343,1,"[{""token"":""\n"",""token_id"":null,""bytes"":[10],""logprob"":-0.0010407617082819343,""rank"":1},{""token"":"" \"""",""token_id"":null,""bytes"":[32,34],""logprob"":-7.071502208709717,""rank"":2},{""token"":""mode"",""token_id"":null,""bytes"":[109,111,100,101],""logprob"":-8.883734703063965,""rank"":3},{""token"":"" "",""token_id"":null,""bytes"":[32],""logprob"":-10.773819923400879,""rank"":4},{""token"":"" \n"",""token_id"":null,""bytes"":[32,10],""logprob"":-11.489826202392578,""rank"":5}]"
main,C,K0,428,DCBA,2,3, ,,[32],-0.00021775947243440896,1,"[{""token"":"" "",""token_id"":null,""bytes"":[32],""logprob"":-0.00021775947243440896,""rank"":1},{""token"":""\"""",""token_id"":null,""bytes"":[34],""logprob"":-9.088756561279297,""rank"":2},{""token"":"" \"""",""token_id"":null,""bytes"":[32,34],""logprob"":-9.261333465576172,""rank"":3},{""token"":""\""text"",""token_id"":null,""bytes"":[34,116,101,120,116],""logprob"":-13.031827926635742,""rank"":4},{""token"":""  \n"",""token_id"":null,""bytes"":[32,32,10],""logprob"":-13.105371475219727,""rank"":5}]"
main,C,K0,428,DCBA,2,4," """,,"[32,34]",-3.218656047465629e-06,1,"[{""token"":"" \"""",""token_id"":null,""bytes"":[32,34],""logprob"":-3.218656047465629e-06,""rank"":1},{""token"":"" \""_"",""token_id"":null,""bytes"":[32,34,95],""logprob"":-13.295794486999512,""rank"":2},{""token"":"" \""\\\"""",""token_id"":null,""bytes"":[32,34,92,34],""logprob"":-14.324239730834961,""rank"":3},{""token"":"" mode"",""token_id"":null,""bytes"":[32,109,111,100,101],""logprob"":-15.079508781433105,""rank"":4},{""token"":"" \""__"",""token_id"":null,""bytes"":[32,34,95,95],""logprob"":-15.397425651550293,""rank"":5}]"
main,C,K0,428,DCBA,2,5,mode,,"[109,111,100,101]",-0.00011695115244947374,1,"[{""token"":""mode"",""token_id"":null,""bytes"":[109,111,100,101],""logprob"":-0.00011695115244947374,""rank"":1},{""token"":""texte"",""token_id"":null,""bytes"":[116,101,120,116,101],""logprob"":-9.467223167419434,""rank"":2},{""token"":""\tmode"",""token_id"":null,""bytes"":[9,109,111,100,101],""logprob"":-12.454880714416504,""rank"":3},{""token"":""message"",""token_id"":null,""bytes"":[109,101,115,115,97,103,101],""logprob"":-12.663521766662598,""rank"":4},{""token"":""type"",""token_id"":null,""bytes"":[116,121,112,101],""logprob"":-12.774247169494629,""rank"":5}]"
main,C,K0,428,DCBA,2,6,""":",,"[34,58]",-5.722062269342132e-06,1,"[{""token"":""\"":"",""token_id"":null,""bytes"":[34,58],""logprob"":-5.722062269342132e-06,""rank"":1},{""token"":""\"":\"""",""token_id"":null,""bytes"":[34,58,34],""logprob"":-12.455028533935547,""rank"":2},{""token"":""\"""",""token_id"":null,""bytes"":[34],""logprob"":-14.045772552490234,""rank"":3},{""token"":""\"","",""token_id"":null,""bytes"":[34,44],""logprob"":-14.704669952392578,""rank"":4},{""token"":""':"",""token_id"":null,""bytes"":[39,58],""logprob"":-15.434219360351562,""rank"":5}]"
main,C,K0,428,DCBA,2,7," """,,"[32,34]",-6.580569606740028e-05,1,"[{""token"":"" \"""",""token_id"":null,""bytes"":[32,34],""logprob"":-6.580569606740028e-05,""rank"":1},{""token"":"" \""\"","",""token_id"":null,""bytes"":[32,34,34,44],""logprob"":-11.462050437927246,""rank"":2},{""token"":"" \""..."",""token_id"":null,""bytes"":[32,34,46,46,46],""logprob"":-11.589383125305176,""rank"":3},{""token"":"" parole"",""token_id"":null,""bytes"":[32,112,97,114,111,108,101],""logprob"":-11.91740894317627,""rank"":4},{""token"":"" \""\"""",""token_id"":null,""bytes"":[32,34,34],""logprob"":-12.049454689025879,""rank"":5}]"
main,C,K0,428,DCBA,2,8,sil,,"[115,105,108]",-0.6199643015861511,1,"[{""token"":""sil"",""token_id"":null,""bytes"":[115,105,108],""logprob"":-0.6199643015861511,""rank"":1},{""token"":""parole"",""token_id"":null,""bytes"":[112,97,114,111,108,101],""logprob"":-0.7807443141937256,""rank"":2},{""token"":""par"",""token_id"":null,""bytes"":[112,97,114],""logprob"":-7.385531902313232,""rank"":3},{""token"":"" parole"",""token_id"":null,""bytes"":[32,112,97,114,111,108,101],""logprob"":-8.325679779052734,""rank"":4},{""token"":""pare"",""token_id"":null,""bytes"":[112,97,114,101],""logprob"":-8.352705001831055,""rank"":5}]"
main,C,K0,428,DCBA,2,9,ence,,"[101,110,99,101]",-9.775209946383256e-06,1,"[{""token"":""ence"",""token_id"":null,""bytes"":[101,110,99,101],""logprob"":-9.775209946383256e-06,""rank"":1},{""token"":""ience"",""token_id"":null,""bytes"":[105,101,110,99,101],""logprob"":-11.912710189819336,""rank"":2},{""token"":""ance"",""token_id"":null,""bytes"":[97,110,99,101],""logprob"":-12.932533264160156,""rank"":3},{""token"":""enc"",""token_id"":null,""bytes"":[101,110,99],""logprob"":-15.216045379638672,""rank"":4},{""token"":""\"","",""token_id"":null,""bytes"":[34,44],""logprob"":-16.03968620300293,""rank"":5}]"
main,C,K0,428,DCBA,2,10,""",",,"[34,44]",-0.10642677545547485,1,"[{""token"":""\"","",""token_id"":null,""bytes"":[34,44],""logprob"":-0.10642677545547485,""rank"":1},{""token"":""\"""",""token_id"":null,""bytes"":[34],""logprob"":-2.293093204498291,""rank"":2},{""token"":""\n"",""token_id"":null,""bytes"":[10],""logprob"":-13.433211326599121,""rank"":3},{""token"":""\""."",""token_id"":null,""bytes"":[34,46],""logprob"":-13.752901077270508,""rank"":4},{""token"":""\\\"","",""token_id"":null,""bytes"":[92,34,44],""logprob"":-14.33447265625,""rank"":5}]"
main,C,K0,428,DCBA,2,11,"
",,[10],-3.337865791763761e-06,1,"[{""token"":""\n"",""token_id"":null,""bytes"":[10],""logprob"":-3.337865791763761e-06,""rank"":1},{""token"":"" \n"",""token_id"":null,""bytes"":[32,10],""logprob"":-13.107783317565918,""rank"":2},{""token"":"""",""token_id"":null,""bytes"":[],""logprob"":-14.255763053894043,""rank"":3},{""token"":""\n\n"",""token_id"":null,""bytes"":[10,10],""logprob"":-14.601638793945312,""rank"":4},{""token"":"" \"""",""token_id"":null,""bytes"":[32,34],""logprob"":-15.553372383117676,""rank"":5}]"
main,C,K0,428,DCBA,2,12, ,,[32],-4.768372718899627e-07,1,"[{""token"":"" "",""token_id"":null,""bytes"":[32],""logprob"":-4.768372718899627e-07,""rank"":1},{""token"":"" \"""",""token_id"":null,""bytes"":[32,34],""logprob"":-14.94283676147461,""rank"":2},{""token"":""  \n"",""token_id"":null,""bytes"":[32,32,10],""logprob"":-16.096988677978516,""rank"":3},{""token"":"" texte"",""token_id"":null,""bytes"":[32,116,101,120,116,101],""logprob"":-17.702526092529297,""rank"":4},{""token"":""\"":"",""token_id"":null,""bytes"":[34,58],""logprob"":-18.022602081298828,""rank"":5}]"
main,C,K0,428,DCBA,2,13," """,,"[32,34]",-1.3113030945532955e-06,1,"[{""token"":"" \"""",""token_id"":null,""bytes"":[32,34],""logprob"":-1.3113030945532955e-06,""rank"":1},{""token"":"" \""\"""",""token_id"":null,""bytes"":[32,34,34],""logprob"":-13.740971565246582,""rank"":2},{""token"":"" \""\\\"""",""token_id"":null,""bytes"":[32,34,92,34],""logprob"":-16.369064331054688,""rank"":3},{""token"":"" \""."",""token_id"":null,""bytes"":[32,34,46],""logprob"":-16.59925079345703,""rank"":4},{""token"":"" \""_"",""token_id"":null,""bytes"":[32,34,95],""logprob"":-16.92404556274414,""rank"":5}]"
main,C,K0,428,DCBA,2,14,texte,,"[116,101,120,116,101]",-0.000701315701007843,1,"[{""token"":""texte"",""token_id"":null,""bytes"":[116,101,120,116,101],""logprob"":-0.000701315701007843,""rank"":1},{""token"":""texto"",""token_id"":null,""bytes"":[116,101,120,116,111],""logprob"":-7.710988521575928,""rank"":2},{""token"":"" texte"",""token_id"":null,""bytes"":[32,116,101,120,116,101],""logprob"":-9.253518104553223,""rank"":3},{""token"":""texture"",""token_id"":null,""bytes"":[116,101,120,116,117,114,101],""logprob"":-10.663298606872559,""rank"":4},{""token"":""text"",""token_id"":null,""bytes"":[116,101,120,116],""logprob"":-10.913947105407715,""rank"":5}]"
main,C,K0,428,DCBA,2,15,""":",,"[34,58]",-1.025205165205989e-05,1,"[{""token"":""\"":"",""token_id"":null,""bytes"":[34,58],""logprob"":-1.025205165205989e-05,""rank"":1},{""token"":""\"""",""token_id"":null,""bytes"":[34],""logprob"":-11.64643383026123,""rank"":2},{""token"":""\"":\""\"""",""token_id"":null,""bytes"":[34,58,34,34],""logprob"":-13.708300590515137,""rank"":3},{""token"":""\\\"":"",""token_id"":null,""bytes"":[92,34,58],""logprob"":-15.41968059539795,""rank"":4},{""token"":""\"":\"""",""token_id"":null,""bytes"":[34,58,34],""logprob"":-16.462614059448242,""rank"":5}]"
main,C,K0,428,DCBA,2,16," """"",,"[32,34,34]",-0.0032841789070516825,1,"[{""token"":"" \""\"""",""token_id"":null,""bytes"":[32,34,34],""logprob"":-0.0032841789070516825,""rank"":1},{""token"":"" \"""",""token_id"":null,""bytes"":[32,34],""logprob"":-6.025295257568359,""rank"":2},{""token"":"" null"",""token_id"":null,""bytes"":[32,110,117,108,108],""logprob"":-7.520589351654053,""rank"":3},{""token"":"" \""\"","",""token_id"":null,""bytes"":[32,34,34,44],""logprob"":-8.617876052856445,""rank"":4},{""token"":"" \""\\\"""",""token_id"":null,""bytes"":[32,34,92,34],""logprob"":-9.446208953857422,""rank"":5}]"
main,C,K0,428,DCBA,2,17,"
",,[10],-8.344653679159819e-07,1,"[{""token"":""\n"",""token_id"":null,""bytes"":[10],""logprob"":-8.344653679159819e-07,""rank"":1},{""token"":"""",""token_id"":null,""bytes"":[],""logprob"":-14.832995414733887,""rank"":2},{""token"":"" \n"",""token_id"":null,""bytes"":[32,10],""logprob"":-15.189888954162598,""rank"":3},{""token"":""\n\n"",""token_id"":null,""bytes"":[10,10],""logprob"":-15.416543006896973,""rank"":4},{""token"":""\n\n\n"",""token_id"":null,""bytes"":[10,10,10],""logprob"":-18.386173248291016,""rank"":5}]"
main,C,K0,428,DCBA,2,18,},,[125],-2.3841887468734058e-06,1,"[{""token"":""}"",""token_id"":null,""bytes"":[125],""logprob"":-2.3841887468734058e-06,""rank"":1},{""token"":""},"",""token_id"":null,""bytes"":[125,44],""logprob"":-13.398757934570312,""rank"":2},{""token"":""}\"""",""token_id"":null,""bytes"":[125,34],""logprob"":-14.608040809631348,""rank"":3},{""token"":""}'"",""token_id"":null,""bytes"":[125,39],""logprob"":-14.80576229095459,""rank"":4},{""token"":""}`"",""token_id"":null,""bytes"":[125,96],""logprob"":-16.94948387145996,""rank"":5}]"
main,B,R7,428,DCBA,3,1,{,,[123],-0.02172425016760826,1,"[{""token"":""{"",""token_id"":null,""bytes"":[123],""logprob"":-0.02172425016760826,""rank"":1},{""token"":""{\"""",""token_id"":null,""bytes"":[123,34],""logprob"":-4.228072643280029,""rank"":2},{""token"":""```"",""token_id"":null,""bytes"":[96,96,96],""logprob"":-5.131930828094482,""rank"":3},{""token"":""{\\\"""",""token_id"":null,""bytes"":[123,92,34],""logprob"":-9.165180206298828,""rank"":4},{""token"":""{\\"",""token_id"":null,""bytes"":[123,92],""logprob"":-9.315994262695312,""rank"":5}]"
main,B,R7,428,DCBA,3,2,"
",,[10],-0.0008808079874143004,1,"[{""token"":""\n"",""token_id"":null,""bytes"":[10],""logprob"":-0.0008808079874143004,""rank"":1},{""token"":"" \"""",""token_id"":null,""bytes"":[32,34],""logprob"":-7.27277135848999,""rank"":2},{""token"":""mode"",""token_id"":null,""bytes"":[109,111,100,101],""logprob"":-8.902280807495117,""rank"":3},{""token"":"" "",""token_id"":null,""bytes"":[32],""logprob"":-10.787778854370117,""rank"":4},{""token"":"" \n"",""token_id"":null,""bytes"":[32,10],""logprob"":-11.593488693237305,""rank"":5}]"
main,B,R7,428,DCBA,3,3, ,,[32],-0.0002201441820943728,1,"[{""token"":"" "",""token_id"":null,""bytes"":[32],""logprob"":-0.0002201441820943728,""rank"":1},{""token"":""\"""",""token_id"":null,""bytes"":[34],""logprob"":-8.98767375946045,""rank"":2},{""token"":"" \"""",""token_id"":null,""bytes"":[32,34],""logprob"":-9.363957405090332,""rank"":3},{""token"":""\""text"",""token_id"":null,""bytes"":[34,116,101,120,116],""logprob"":-13.119736671447754,""rank"":4},{""token"":""  \n"",""token_id"":null,""bytes"":[32,32,10],""logprob"":-13.16612720489502,""rank"":5}]"
main,B,R7,428,DCBA,3,4," """,,"[32,34]",-4.172333774477011e-06,1,"[{""token"":"" \"""",""token_id"":null,""bytes"":[32,34],""logprob"":-4.172333774477011e-06,""rank"":1},{""token"":"" \""_"",""token_id"":null,""bytes"":[32,34,95],""logprob"":-13.113958358764648,""rank"":2},{""token"":"" \""\\\"""",""token_id"":null,""bytes"":[32,34,92,34],""logprob"":-13.908227920532227,""rank"":3},{""token"":"" \""__"",""token_id"":null,""bytes"":[32,34,95,95],""logprob"":-15.388980865478516,""rank"":4},{""token"":"" mode"",""token_id"":null,""bytes"":[32,109,111,100,101],""logprob"":-15.449271202087402,""rank"":5}]"
main,B,R7,428,DCBA,3,5,mode,,"[109,111,100,101]",-0.00011707037629093975,1,"[{""token"":""mode"",""token_id"":null,""bytes"":[109,111,100,101],""logprob"":-0.00011707037629093975,""rank"":1},{""token"":""texte"",""token_id"":null,""bytes"":[116,101,120,116,101],""logprob"":-9.493277549743652,""rank"":2},{""token"":""\tmode"",""token_id"":null,""bytes"":[9,109,111,100,101],""logprob"":-12.450518608093262,""rank"":3},{""token"":""message"",""token_id"":null,""bytes"":[109,101,115,115,97,103,101],""logprob"":-12.52582836151123,""rank"":4},{""token"":""type"",""token_id"":null,""bytes"":[116,121,112,101],""logprob"":-12.704558372497559,""rank"":5}]"
main,B,R7,428,DCBA,3,6,""":",,"[34,58]",-6.318112355074845e-06,1,"[{""token"":""\"":"",""token_id"":null,""bytes"":[34,58],""logprob"":-6.318112355074845e-06,""rank"":1},{""token"":""\"":\"""",""token_id"":null,""bytes"":[34,58,34],""logprob"":-12.400069236755371,""rank"":2},{""token"":""\"""",""token_id"":null,""bytes"":[34],""logprob"":-13.777251243591309,""rank"":3},{""token"":""\"","",""token_id"":null,""bytes"":[34,44],""logprob"":-14.631165504455566,""rank"":4},{""token"":""':"",""token_id"":null,""bytes"":[39,58],""logprob"":-15.456767082214355,""rank"":5}]"
main,B,R7,428,DCBA,3,7," """,,"[32,34]",-6.84284750605002e-05,1,"[{""token"":"" \"""",""token_id"":null,""bytes"":[32,34],""logprob"":-6.84284750605002e-05,""rank"":1},{""token"":"" \""\"","",""token_id"":null,""bytes"":[32,34,34,44],""logprob"":-11.380424499511719,""rank"":2},{""token"":"" \""..."",""token_id"":null,""bytes"":[32,34,46,46,46],""logprob"":-11.570703506469727,""rank"":3},{""token"":"" parole"",""token_id"":null,""bytes"":[32,112,97,114,111,108,101],""logprob"":-11.879776000976562,""rank"":4},{""token"":"" \""\"""",""token_id"":null,""bytes"":[32,34,34],""logprob"":-12.034069061279297,""rank"":5}]"
main,B,R7,428,DCBA,3,8,sil,,"[115,105,108]",-0.6785305142402649,1,"[{""token"":""sil"",""token_id"":null,""bytes"":[115,105,108],""logprob"":-0.6785305142402649,""rank"":1},{""token"":""parole"",""token_id"":null,""bytes"":[112,97,114,111,108,101],""logprob"":-0.7165859341621399,""rank"":2},{""token"":""par"",""token_id"":null,""bytes"":[112,97,114],""logprob"":-7.273228645324707,""rank"":3},{""token"":""pare"",""token_id"":null,""bytes"":[112,97,114,101],""logprob"":-8.244132041931152,""rank"":4},{""token"":""s"",""token_id"":null,""bytes"":[115],""logprob"":-8.282027244567871,""rank"":5}]"
main,B,R7,428,DCBA,3,9,ence,,"[101,110,99,101]",-9.179157132166438e-06,1,"[{""token"":""ence"",""token_id"":null,""bytes"":[101,110,99,101],""logprob"":-9.179157132166438e-06,""rank"":1},{""token"":""ience"",""token_id"":null,""bytes"":[105,101,110,99,101],""logprob"":-12.033693313598633,""rank"":2},{""token"":""ance"",""token_id"":null,""bytes"":[97,110,99,101],""logprob"":-12.892942428588867,""rank"":3},{""token"":""enc"",""token_id"":null,""bytes"":[101,110,99],""logprob"":-15.13233757019043,""rank"":4},{""token"":""ences"",""token_id"":null,""bytes"":[101,110,99,101,115],""logprob"":-15.992465019226074,""rank"":5}]"
main,B,R7,428,DCBA,3,10,""",",,"[34,44]",-0.10652503371238708,1,"[{""token"":""\"","",""token_id"":null,""bytes"":[34,44],""logprob"":-0.10652503371238708,""rank"":1},{""token"":""\"""",""token_id"":null,""bytes"":[34],""logprob"":-2.292224407196045,""rank"":2},{""token"":""\n"",""token_id"":null,""bytes"":[10],""logprob"":-13.167221069335938,""rank"":3},{""token"":""\""."",""token_id"":null,""bytes"":[34,46],""logprob"":-13.745504379272461,""rank"":4},{""token"":""\\\"","",""token_id"":null,""bytes"":[92,34,44],""logprob"":-14.183154106140137,""rank"":5}]"
main,B,R7,428,DCBA,3,11,"
",,[10],-4.0531240301788785e-06,1,"[{""token"":""\n"",""token_id"":null,""bytes"":[10],""logprob"":-4.0531240301788785e-06,""rank"":1},{""token"":"" \n"",""token_id"":null,""bytes"":[32,10],""logprob"":-12.90800666809082,""rank"":2},{""token"":"""",""token_id"":null,""bytes"":[],""logprob"":-14.16970443725586,""rank"":3},{""token"":""\n\n"",""token_id"":null,""bytes"":[10,10],""logprob"":-14.509121894836426,""rank"":4},{""token"":"" \"""",""token_id"":null,""bytes"":[32,34],""logprob"":-15.510653495788574,""rank"":5}]"
main,B,R7,428,DCBA,3,12, ,,[32],-4.768372718899627e-07,1,"[{""token"":"" "",""token_id"":null,""bytes"":[32],""logprob"":-4.768372718899627e-07,""rank"":1},{""token"":"" \"""",""token_id"":null,""bytes"":[32,34],""logprob"":-15.015575408935547,""rank"":2},{""token"":""  \n"",""token_id"":null,""bytes"":[32,32,10],""logprob"":-15.97124195098877,""rank"":3},{""token"":"" texte"",""token_id"":null,""bytes"":[32,116,101,120,116,101],""logprob"":-17.74969482421875,""rank"":4},{""token"":""   "",""token_id"":null,""bytes"":[32,32,32],""logprob"":-18.280445098876953,""rank"":5}]"
main,B,R7,428,DCBA,3,13," """,,"[32,34]",-2.0265599687263602e-06,1,"[{""token"":"" \"""",""token_id"":null,""bytes"":[32,34],""logprob"":-2.0265599687263602e-06,""rank"":1},{""token"":"" \""\"""",""token_id"":null,""bytes"":[32,34,34],""logprob"":-13.223140716552734,""rank"":2},{""token"":"" \""\\\"""",""token_id"":null,""bytes"":[32,34,92,34],""logprob"":-15.966304779052734,""rank"":3},{""token"":"" \""_"",""token_id"":null,""bytes"":[32,34,95],""logprob"":-16.198970794677734,""rank"":4},{""token"":"" \""..."",""token_id"":null,""bytes"":[32,34,46,46,46],""logprob"":-16.936288833618164,""rank"":5}]"
main,B,R7,428,DCBA,3,14,texte,,"[116,101,120,116,101]",-0.000649364956188947,1,"[{""token"":""texte"",""token_id"":null,""bytes"":[116,101,120,116,101],""logprob"":-0.000649364956188947,""rank"":1},{""token"":""texto"",""token_id"":null,""bytes"":[116,101,120,116,111],""logprob"":-7.792206764221191,""rank"":2},{""token"":"" texte"",""token_id"":null,""bytes"":[32,116,101,120,116,101],""logprob"":-9.244690895080566,""rank"":3},{""token"":""texture"",""token_id"":null,""bytes"":[116,101,120,116,117,114,101],""logprob"":-10.890830039978027,""rank"":4},{""token"":""text"",""token_id"":null,""bytes"":[116,101,120,116],""logprob"":-11.115731239318848,""rank"":5}]"
main,B,R7,428,DCBA,3,15,""":",,"[34,58]",-1.0848104466276709e-05,1,"[{""token"":""\"":"",""token_id"":null,""bytes"":[34,58],""logprob"":-1.0848104466276709e-05,""rank"":1},{""token"":""\"""",""token_id"":null,""bytes"":[34],""logprob"":-11.591935157775879,""rank"":2},{""token"":""\"":\""\"""",""token_id"":null,""bytes"":[34,58,34,34],""logprob"":-13.789422035217285,""rank"":3},{""token"":""\\\"":"",""token_id"":null,""bytes"":[92,34,58],""logprob"":-15.505274772644043,""rank"":4},{""token"":""\"":\"""",""token_id"":null,""bytes"":[34,58,34],""logprob"":-16.480609893798828,""rank"":5}]"
main,B,R7,428,DCBA,3,16," """"",,"[32,34,34]",-0.0031248226296156645,1,"[{""token"":"" \""\"""",""token_id"":null,""bytes"":[32,34,34],""logprob"":-0.0031248226296156645,""rank"":1},{""token"":"" \"""",""token_id"":null,""bytes"":[32,34],""logprob"":-6.100138187408447,""rank"":2},{""token"":"" null"",""token_id"":null,""bytes"":[32,110,117,108,108],""logprob"":-7.526052951812744,""rank"":3},{""token"":"" \""\"","",""token_id"":null,""bytes"":[32,34,34,44],""logprob"":-8.518841743469238,""rank"":4},{""token"":"" \""\\\"""",""token_id"":null,""bytes"":[32,34,92,34],""logprob"":-9.442099571228027,""rank"":5}]"
main,B,R7,428,DCBA,3,17,"
",,[10],-8.344653679159819e-07,1,"[{""token"":""\n"",""token_id"":null,""bytes"":[10],""logprob"":-8.344653679159819e-07,""rank"":1},{""token"":"""",""token_id"":null,""bytes"":[],""logprob"":-14.898009300231934,""rank"":2},{""token"":"" \n"",""token_id"":null,""bytes"":[32,10],""logprob"":-15.026812553405762,""rank"":3},{""token"":""\n\n"",""token_id"":null,""bytes"":[10,10],""logprob"":-15.510147094726562,""rank"":4},{""token"":""\n\n\n"",""token_id"":null,""bytes"":[10,10,10],""logprob"":-18.452171325683594,""rank"":5}]"
main,B,R7,428,DCBA,3,18,},,[125],-2.5033982637978625e-06,1,"[{""token"":""}"",""token_id"":null,""bytes"":[125],""logprob"":-2.5033982637978625e-06,""rank"":1},{""token"":""},"",""token_id"":null,""bytes"":[125,44],""logprob"":-13.412047386169434,""rank"":2},{""token"":""}\"""",""token_id"":null,""bytes"":[125,34],""logprob"":-14.420966148376465,""rank"":3},{""token"":""}'"",""token_id"":null,""bytes"":[125,39],""logprob"":-14.732012748718262,""rank"":4},{""token"":""}`"",""token_id"":null,""bytes"":[125,96],""logprob"":-16.944538116455078,""rank"":5}]"
main,A,R0,428,DCBA,4,1,{,,[123],-0.017701268196105957,1,"[{""token"":""{"",""token_id"":null,""bytes"":[123],""logprob"":-0.017701268196105957,""rank"":1},{""token"":""{\"""",""token_id"":null,""bytes"":[123,34],""logprob"":-4.527174949645996,""rank"":2},{""token"":""```"",""token_id"":null,""bytes"":[96,96,96],""logprob"":-5.166430473327637,""rank"":3},{""token"":""{\\"",""token_id"":null,""bytes"":[123,92],""logprob"":-9.290816307067871,""rank"":4},{""token"":""{'"",""token_id"":null,""bytes"":[123,39],""logprob"":-9.338777542114258,""rank"":5}]"
main,A,R0,428,DCBA,4,2,"
",,[10],-0.0012813667999580503,1,"[{""token"":""\n"",""token_id"":null,""bytes"":[10],""logprob"":-0.0012813667999580503,""rank"":1},{""token"":"" \"""",""token_id"":null,""bytes"":[32,34],""logprob"":-6.833825588226318,""rank"":2},{""token"":""mode"",""token_id"":null,""bytes"":[109,111,100,101],""logprob"":-8.847938537597656,""rank"":3},{""token"":"" "",""token_id"":null,""bytes"":[32],""logprob"":-10.73855209350586,""rank"":4},{""token"":"" \n"",""token_id"":null,""bytes"":[32,10],""logprob"":-11.28103256225586,""rank"":5}]"
main,A,R0,428,DCBA,4,3, ,,[32],-0.00021930952789261937,1,"[{""token"":"" "",""token_id"":null,""bytes"":[32],""logprob"":-0.00021930952789261937,""rank"":1},{""token"":""\"""",""token_id"":null,""bytes"":[34],""logprob"":-8.988393783569336,""rank"":2},{""token"":"" \"""",""token_id"":null,""bytes"":[32,34],""logprob"":-9.370800018310547,""rank"":3},{""token"":""  \n"",""token_id"":null,""bytes"":[32,32,10],""logprob"":-13.117914199829102,""rank"":4},{""token"":""\""text"",""token_id"":null,""bytes"":[34,116,101,120,116],""logprob"":-13.223142623901367,""rank"":5}]"
main,A,R0,428,DCBA,4,4," """,,"[32,34]",-3.814704541582614e-06,1,"[{""token"":"" \"""",""token_id"":null,""bytes"":[32,34],""logprob"":-3.814704541582614e-06,""rank"":1},{""token"":"" \""_"",""token_id"":null,""bytes"":[32,34,95],""logprob"":-13.24009895324707,""rank"":2},{""token"":"" \""\\\"""",""token_id"":null,""bytes"":[32,34,92,34],""logprob"":-13.954038619995117,""rank"":3},{""token"":"" mode"",""token_id"":null,""bytes"":[32,109,111,100,101],""logprob"":-15.210006713867188,""rank"":4},{""token"":"" \""__"",""token_id"":null,""bytes"":[32,34,95,95],""logprob"":-15.355708122253418,""rank"":5}]"
main,A,R0,428,DCBA,4,5,mode,,"[109,111,100,101]",-0.00011563969746930525,1,"[{""token"":""mode"",""token_id"":null,""bytes"":[109,111,100,101],""logprob"":-0.00011563969746930525,""rank"":1},{""token"":""texte"",""token_id"":null,""bytes"":[116,101,120,116,101],""logprob"":-9.487587928771973,""rank"":2},{""token"":""\tmode"",""token_id"":null,""bytes"":[9,109,111,100,101],""logprob"":-12.448882102966309,""rank"":3},{""token"":""message"",""token_id"":null,""bytes"":[109,101,115,115,97,103,101],""logprob"":-12.675307273864746,""rank"":4},{""token"":""type"",""token_id"":null,""bytes"":[116,121,112,101],""logprob"":-12.780400276184082,""rank"":5}]"
main,A,R0,428,DCBA,4,6,""":",,"[34,58]",-5.960482212685747e-06,1,"[{""token"":""\"":"",""token_id"":null,""bytes"":[34,58],""logprob"":-5.960482212685747e-06,""rank"":1},{""token"":""\"":\"""",""token_id"":null,""bytes"":[34,58,34],""logprob"":-12.405611038208008,""rank"":2},{""token"":""\"""",""token_id"":null,""bytes"":[34],""logprob"":-13.86256217956543,""rank"":3},{""token"":""\"","",""token_id"":null,""bytes"":[34,44],""logprob"":-14.75390625,""rank"":4},{""token"":""':"",""token_id"":null,""bytes"":[39,58],""logprob"":-15.401510238647461,""rank"":5}]"
main,A,R0,428,DCBA,4,7," """,,"[32,34]",-6.878612475702539e-05,1,"[{""token"":"" \"""",""token_id"":null,""bytes"":[32,34],""logprob"":-6.878612475702539e-05,""rank"":1},{""token"":"" \""\"","",""token_id"":null,""bytes"":[32,34,34,44],""logprob"":-11.401308059692383,""rank"":2},{""token"":"" \""..."",""token_id"":null,""bytes"":[32,34,46,46,46],""logprob"":-11.616853713989258,""rank"":3},{""token"":"" parole"",""token_id"":null,""bytes"":[32,112,97,114,111,108,101],""logprob"":-11.877944946289062,""rank"":4},{""token"":"" \""\"""",""token_id"":null,""bytes"":[32,34,34],""logprob"":-12.042781829833984,""rank"":5}]"
main,A,R0,428,DCBA,4,8,sil,,"[115,105,108]",-0.6829010248184204,1,"[{""token"":""sil"",""token_id"":null,""bytes"":[115,105,108],""logprob"":-0.6829010248184204,""rank"":1},{""token"":""parole"",""token_id"":null,""bytes"":[112,97,114,111,108,101],""logprob"":-0.7116065621376038,""rank"":2},{""token"":""par"",""token_id"":null,""bytes"":[112,97,114],""logprob"":-7.376031398773193,""rank"":3},{""token"":""pare"",""token_id"":null,""bytes"":[112,97,114,101],""logprob"":-8.316965103149414,""rank"":4},{""token"":""s"",""token_id"":null,""bytes"":[115],""logprob"":-8.35165786743164,""rank"":5}]"
main,A,R0,428,DCBA,4,9,ence,,"[101,110,99,101]",-1.0728893357736524e-05,1,"[{""token"":""ence"",""token_id"":null,""bytes"":[101,110,99,101],""logprob"":-1.0728893357736524e-05,""rank"":1},{""token"":""ience"",""token_id"":null,""bytes"":[105,101,110,99,101],""logprob"":-11.881476402282715,""rank"":2},{""token"":""ance"",""token_id"":null,""bytes"":[97,110,99,101],""logprob"":-12.749621391296387,""rank"":3},{""token"":""enc"",""token_id"":null,""bytes"":[101,110,99],""logprob"":-15.021140098571777,""rank"":4},{""token"":""\"","",""token_id"":null,""bytes"":[34,44],""logprob"":-15.82038402557373,""rank"":5}]"
main,A,R0,428,DCBA,4,10,""",",,"[34,44]",-0.10400095582008362,1,"[{""token"":""\"","",""token_id"":null,""bytes"":[34,44],""logprob"":-0.10400095582008362,""rank"":1},{""token"":""\"""",""token_id"":null,""bytes"":[34],""logprob"":-2.3149843215942383,""rank"":2},{""token"":""\n"",""token_id"":null,""bytes"":[10],""logprob"":-12.798715591430664,""rank"":3},{""token"":""\""."",""token_id"":null,""bytes"":[34,46],""logprob"":-13.602818489074707,""rank"":4},{""token"":""\\\"","",""token_id"":null,""bytes"":[92,34,44],""logprob"":-14.086886405944824,""rank"":5}]"
main,A,R0,428,DCBA,4,11,"
",,[10],-4.529963462118758e-06,1,"[{""token"":""\n"",""token_id"":null,""bytes"":[10],""logprob"":-4.529963462118758e-06,""rank"":1},{""token"":"" \n"",""token_id"":null,""bytes"":[32,10],""logprob"":-12.82629108428955,""rank"":2},{""token"":"""",""token_id"":null,""bytes"":[],""logprob"":-14.03629207611084,""rank"":3},{""token"":""\n\n"",""token_id"":null,""bytes"":[10,10],""logprob"":-14.489842414855957,""rank"":4},{""token"":"" \"""",""token_id"":null,""bytes"":[32,34],""logprob"":-15.350348472595215,""rank"":5}]"
main,A,R0,428,DCBA,4,12, ,,[32],-4.768372718899627e-07,1,"[{""token"":"" "",""token_id"":null,""bytes"":[32],""logprob"":-4.768372718899627e-07,""rank"":1},{""token"":"" \"""",""token_id"":null,""bytes"":[32,34],""logprob"":-14.830775260925293,""rank"":2},{""token"":""  \n"",""token_id"":null,""bytes"":[32,32,10],""logprob"":-15.846244812011719,""rank"":3},{""token"":"" texte"",""token_id"":null,""bytes"":[32,116,101,120,116,101],""logprob"":-17.57489776611328,""rank"":4},{""token"":""\"":"",""token_id"":null,""bytes"":[34,58],""logprob"":-17.85828399658203,""rank"":5}]"
main,A,R0,428,DCBA,4,13," """,,"[32,34]",-2.7418175250204513e-06,1,"[{""token"":"" \"""",""token_id"":null,""bytes"":[32,34],""logprob"":-2.7418175250204513e-06,""rank"":1},{""token"":"" \""\"""",""token_id"":null,""bytes"":[32,34,34],""logprob"":-12.913479804992676,""rank"":2},{""token"":"" \""\\\"""",""token_id"":null,""bytes"":[32,34,92,34],""logprob"":-15.69869327545166,""rank"":3},{""token"":"" \""_"",""token_id"":null,""bytes"":[32,34,95],""logprob"":-16.026199340820312,""rank"":4},{""token"":"" \""."",""token_id"":null,""bytes"":[32,34,46],""logprob"":-16.689477920532227,""rank"":5}]"
main,A,R0,428,DCBA,4,14,texte,,"[116,101,120,116,101]",-0.0006296828505583107,1,"[{""token"":""texte"",""token_id"":null,""bytes"":[116,101,120,116,101],""logprob"":-0.0006296828505583107,""rank"":1},{""token"":""texto"",""token_id"":null,""bytes"":[116,101,120,116,111],""logprob"":-7.841743469238281,""rank"":2},{""token"":"" texte"",""token_id"":null,""bytes"":[32,116,101,120,116,101],""logprob"":-9.23090934753418,""rank"":3},{""token"":""texture"",""token_id"":null,""bytes"":[116,101,120,116,117,114,101],""logprob"":-10.990337371826172,""rank"":4},{""token"":""liste"",""token_id"":null,""bytes"":[108,105,115,116,101],""logprob"":-11.11802864074707,""rank"":5}]"
main,A,R0,428,DCBA,4,15,""":",,"[34,58]",-9.775209946383256e-06,1,"[{""token"":""\"":"",""token_id"":null,""bytes"":[34,58],""logprob"":-9.775209946383256e-06,""rank"":1},{""token"":""\"""",""token_id"":null,""bytes"":[34],""logprob"":-11.71143913269043,""rank"":2},{""token"":""\"":\""\"""",""token_id"":null,""bytes"":[34,58,34,34],""logprob"":-13.73509407043457,""rank"":3},{""token"":""\\\"":"",""token_id"":null,""bytes"":[92,34,58],""logprob"":-15.427671432495117,""rank"":4},{""token"":""\"":\"""",""token_id"":null,""bytes"":[34,58,34],""logprob"":-16.406694412231445,""rank"":5}]"
main,A,R0,428,DCBA,4,16," """"",,"[32,34,34]",-0.0034958957694470882,1,"[{""token"":"" \""\"""",""token_id"":null,""bytes"":[32,34,34],""logprob"":-0.0034958957694470882,""rank"":1},{""token"":"" \"""",""token_id"":null,""bytes"":[32,34],""logprob"":-5.9778056144714355,""rank"":2},{""token"":"" null"",""token_id"":null,""bytes"":[32,110,117,108,108],""logprob"":-7.4228434562683105,""rank"":3},{""token"":"" \""\"","",""token_id"":null,""bytes"":[32,34,34,44],""logprob"":-8.4609375,""rank"":4},{""token"":"" \""\\\"""",""token_id"":null,""bytes"":[32,34,92,34],""logprob"":-9.420413970947266,""rank"":5}]"
main,A,R0,428,DCBA,4,17,"
",,[10],-9.536747711536009e-07,1,"[{""token"":""\n"",""token_id"":null,""bytes"":[10],""logprob"":-9.536747711536009e-07,""rank"":1},{""token"":"""",""token_id"":null,""bytes"":[],""logprob"":-14.770174026489258,""rank"":2},{""token"":"" \n"",""token_id"":null,""bytes"":[32,10],""logprob"":-14.94002914428711,""rank"":3},{""token"":""\n\n"",""token_id"":null,""bytes"":[10,10],""logprob"":-15.378928184509277,""rank"":4},{""token"":""\n\n\n"",""token_id"":null,""bytes"":[10,10,10],""logprob"":-18.373306274414062,""rank"":5}]"
main,A,R0,428,DCBA,4,18,},,[125],-2.5033982637978625e-06,1,"[{""token"":""}"",""token_id"":null,""bytes"":[125],""logprob"":-2.5033982637978625e-06,""rank"":1},{""token"":""},"",""token_id"":null,""bytes"":[125,44],""logprob"":-13.417893409729004,""rank"":2},{""token"":""}\"""",""token_id"":null,""bytes"":[125,34],""logprob"":-14.308489799499512,""rank"":3},{""token"":""}'"",""token_id"":null,""bytes"":[125,39],""logprob"":-14.59435749053955,""rank"":4},{""token"":""}`"",""token_id"":null,""bytes"":[125,96],""logprob"":-16.7717342376709,""rank"":5}]"
main,A,R0,429,ADCB,1,1,{,,[123],-0.017701268196105957,1,"[{""token"":""{"",""token_id"":null,""bytes"":[123],""logprob"":-0.017701268196105957,""rank"":1},{""token"":""{\"""",""token_id"":null,""bytes"":[123,34],""logprob"":-4.527174949645996,""rank"":2},{""token"":""```"",""token_id"":null,""bytes"":[96,96,96],""logprob"":-5.166430473327637,""rank"":3},{""token"":""{\\"",""token_id"":null,""bytes"":[123,92],""logprob"":-9.290816307067871,""rank"":4},{""token"":""{'"",""token_id"":null,""bytes"":[123,39],""logprob"":-9.338777542114258,""rank"":5}]"
main,A,R0,429,ADCB,1,2,"
",,[10],-0.0012813667999580503,1,"[{""token"":""\n"",""token_id"":null,""bytes"":[10],""logprob"":-0.0012813667999580503,""rank"":1},{""token"":"" \"""",""token_id"":null,""bytes"":[32,34],""logprob"":-6.833825588226318,""rank"":2},{""token"":""mode"",""token_id"":null,""bytes"":[109,111,100,101],""logprob"":-8.847938537597656,""rank"":3},{""token"":"" "",""token_id"":null,""bytes"":[32],""logprob"":-10.73855209350586,""rank"":4},{""token"":"" \n"",""token_id"":null,""bytes"":[32,10],""logprob"":-11.28103256225586,""rank"":5}]"
main,A,R0,429,ADCB,1,3, ,,[32],-0.00021930952789261937,1,"[{""token"":"" "",""token_id"":null,""bytes"":[32],""logprob"":-0.00021930952789261937,""rank"":1},{""token"":""\"""",""token_id"":null,""bytes"":[34],""logprob"":-8.988393783569336,""rank"":2},{""token"":"" \"""",""token_id"":null,""bytes"":[32,34],""logprob"":-9.370800018310547,""rank"":3},{""token"":""  \n"",""token_id"":null,""bytes"":[32,32,10],""logprob"":-13.117914199829102,""rank"":4},{""token"":""\""text"",""token_id"":null,""bytes"":[34,116,101,120,116],""logprob"":-13.223142623901367,""rank"":5}]"
main,A,R0,429,ADCB,1,4," """,,"[32,34]",-3.814704541582614e-06,1,"[{""token"":"" \"""",""token_id"":null,""bytes"":[32,34],""logprob"":-3.814704541582614e-06,""rank"":1},{""token"":"" \""_"",""token_id"":null,""bytes"":[32,34,95],""logprob"":-13.24009895324707,""rank"":2},{""token"":"" \""\\\"""",""token_id"":null,""bytes"":[32,34,92,34],""logprob"":-13.954038619995117,""rank"":3},{""token"":"" mode"",""token_id"":null,""bytes"":[32,109,111,100,101],""logprob"":-15.210006713867188,""rank"":4},{""token"":"" \""__"",""token_id"":null,""bytes"":[32,34,95,95],""logprob"":-15.355708122253418,""rank"":5}]"
main,A,R0,429,ADCB,1,5,mode,,"[109,111,100,101]",-0.00011563969746930525,1,"[{""token"":""mode"",""token_id"":null,""bytes"":[109,111,100,101],""logprob"":-0.00011563969746930525,""rank"":1},{""token"":""texte"",""token_id"":null,""bytes"":[116,101,120,116,101],""logprob"":-9.487587928771973,""rank"":2},{""token"":""\tmode"",""token_id"":null,""bytes"":[9,109,111,100,101],""logprob"":-12.448882102966309,""rank"":3},{""token"":""message"",""token_id"":null,""bytes"":[109,101,115,115,97,103,101],""logprob"":-12.675307273864746,""rank"":4},{""token"":""type"",""token_id"":null,""bytes"":[116,121,112,101],""logprob"":-12.780400276184082,""rank"":5}]"
main,A,R0,429,ADCB,1,6,""":",,"[34,58]",-5.960482212685747e-06,1,"[{""token"":""\"":"",""token_id"":null,""bytes"":[34,58],""logprob"":-5.960482212685747e-06,""rank"":1},{""token"":""\"":\"""",""token_id"":null,""bytes"":[34,58,34],""logprob"":-12.405611038208008,""rank"":2},{""token"":""\"""",""token_id"":null,""bytes"":[34],""logprob"":-13.86256217956543,""rank"":3},{""token"":""\"","",""token_id"":null,""bytes"":[34,44],""logprob"":-14.75390625,""rank"":4},{""token"":""':"",""token_id"":null,""bytes"":[39,58],""logprob"":-15.401510238647461,""rank"":5}]"
main,A,R0,429,ADCB,1,7," """,,"[32,34]",-6.878612475702539e-05,1,"[{""token"":"" \"""",""token_id"":null,""bytes"":[32,34],""logprob"":-6.878612475702539e-05,""rank"":1},{""token"":"" \""\"","",""token_id"":null,""bytes"":[32,34,34,44],""logprob"":-11.401308059692383,""rank"":2},{""token"":"" \""..."",""token_id"":null,""bytes"":[32,34,46,46,46],""logprob"":-11.616853713989258,""rank"":3},{""token"":"" parole"",""token_id"":null,""bytes"":[32,112,97,114,111,108,101],""logprob"":-11.877944946289062,""rank"":4},{""token"":"" \""\"""",""token_id"":null,""bytes"":[32,34,34],""logprob"":-12.042781829833984,""rank"":5}]"
main,A,R0,429,ADCB,1,8,sil,,"[115,105,108]",-0.6829010248184204,1,"[{""token"":""sil"",""token_id"":null,""bytes"":[115,105,108],""logprob"":-0.6829010248184204,""rank"":1},{""token"":""parole"",""token_id"":null,""bytes"":[112,97,114,111,108,101],""logprob"":-0.7116065621376038,""rank"":2},{""token"":""par"",""token_id"":null,""bytes"":[112,97,114],""logprob"":-7.376031398773193,""rank"":3},{""token"":""pare"",""token_id"":null,""bytes"":[112,97,114,101],""logprob"":-8.316965103149414,""rank"":4},{""token"":""s"",""token_id"":null,""bytes"":[115],""logprob"":-8.35165786743164,""rank"":5}]"
main,A,R0,429,ADCB,1,9,ence,,"[101,110,99,101]",-1.0728893357736524e-05,1,"[{""token"":""ence"",""token_id"":null,""bytes"":[101,110,99,101],""logprob"":-1.0728893357736524e-05,""rank"":1},{""token"":""ience"",""token_id"":null,""bytes"":[105,101,110,99,101],""logprob"":-11.881476402282715,""rank"":2},{""token"":""ance"",""token_id"":null,""bytes"":[97,110,99,101],""logprob"":-12.749621391296387,""rank"":3},{""token"":""enc"",""token_id"":null,""bytes"":[101,110,99],""logprob"":-15.021140098571777,""rank"":4},{""token"":""\"","",""token_id"":null,""bytes"":[34,44],""logprob"":-15.82038402557373,""rank"":5}]"
main,A,R0,429,ADCB,1,10,""",",,"[34,44]",-0.10400095582008362,1,"[{""token"":""\"","",""token_id"":null,""bytes"":[34,44],""logprob"":-0.10400095582008362,""rank"":1},{""token"":""\"""",""token_id"":null,""bytes"":[34],""logprob"":-2.3149843215942383,""rank"":2},{""token"":""\n"",""token_id"":null,""bytes"":[10],""logprob"":-12.798715591430664,""rank"":3},{""token"":""\""."",""token_id"":null,""bytes"":[34,46],""logprob"":-13.602818489074707,""rank"":4},{""token"":""\\\"","",""token_id"":null,""bytes"":[92,34,44],""logprob"":-14.086886405944824,""rank"":5}]"
main,A,R0,429,ADCB,1,11,"
",,[10],-4.529963462118758e-06,1,"[{""token"":""\n"",""token_id"":null,""bytes"":[10],""logprob"":-4.529963462118758e-06,""rank"":1},{""token"":"" \n"",""token_id"":null,""bytes"":[32,10],""logprob"":-12.82629108428955,""rank"":2},{""token"":"""",""token_id"":null,""bytes"":[],""logprob"":-14.03629207611084,""rank"":3},{""token"":""\n\n"",""token_id"":null,""bytes"":[10,10],""logprob"":-14.489842414855957,""rank"":4},{""token"":"" \"""",""token_id"":null,""bytes"":[32,34],""logprob"":-15.350348472595215,""rank"":5}]"
main,A,R0,429,ADCB,1,12, ,,[32],-4.768372718899627e-07,1,"[{""token"":"" "",""token_id"":null,""bytes"":[32],""logprob"":-4.768372718899627e-07,""rank"":1},{""token"":"" \"""",""token_id"":null,""bytes"":[32,34],""logprob"":-14.830775260925293,""rank"":2},{""token"":""  \n"",""token_id"":null,""bytes"":[32,32,10],""logprob"":-15.846244812011719,""rank"":3},{""token"":"" texte"",""token_id"":null,""bytes"":[32,116,101,120,116,101],""logprob"":-17.57489776611328,""rank"":4},{""token"":""\"":"",""token_id"":null,""bytes"":[34,58],""logprob"":-17.85828399658203,""rank"":5}]"
main,A,R0,429,ADCB,1,13," """,,"[32,34]",-2.7418175250204513e-06,1,"[{""token"":"" \"""",""token_id"":null,""bytes"":[32,34],""logprob"":-2.7418175250204513e-06,""rank"":1},{""token"":"" \""\"""",""token_id"":null,""bytes"":[32,34,34],""logprob"":-12.913479804992676,""rank"":2},{""token"":"" \""\\\"""",""token_id"":null,""bytes"":[32,34,92,34],""logprob"":-15.69869327545166,""rank"":3},{""token"":"" \""_"",""token_id"":null,""bytes"":[32,34,95],""logprob"":-16.026199340820312,""rank"":4},{""token"":"" \""."",""token_id"":null,""bytes"":[32,34,46],""logprob"":-16.689477920532227,""rank"":5}]"
main,A,R0,429,ADCB,1,14,texte,,"[116,101,120,116,101]",-0.0006296828505583107,1,"[{""token"":""texte"",""token_id"":null,""bytes"":[116,101,120,116,101],""logprob"":-0.0006296828505583107,""rank"":1},{""token"":""texto"",""token_id"":null,""bytes"":[116,101,120,116,111],""logprob"":-7.841743469238281,""rank"":2},{""token"":"" texte"",""token_id"":null,""bytes"":[32,116,101,120,116,101],""logprob"":-9.23090934753418,""rank"":3},{""token"":""texture"",""token_id"":null,""bytes"":[116,101,120,116,117,114,101],""logprob"":-10.990337371826172,""rank"":4},{""token"":""liste"",""token_id"":null,""bytes"":[108,105,115,116,101],""logprob"":-11.11802864074707,""rank"":5}]"
main,A,R0,429,ADCB,1,15,""":",,"[34,58]",-9.775209946383256e-06,1,"[{""token"":""\"":"",""token_id"":null,""bytes"":[34,58],""logprob"":-9.775209946383256e-06,""rank"":1},{""token"":""\"""",""token_id"":null,""bytes"":[34],""logprob"":-11.71143913269043,""rank"":2},{""token"":""\"":\""\"""",""token_id"":null,""bytes"":[34,58,34,34],""logprob"":-13.73509407043457,""rank"":3},{""token"":""\\\"":"",""token_id"":null,""bytes"":[92,34,58],""logprob"":-15.427671432495117,""rank"":4},{""token"":""\"":\"""",""token_id"":null,""bytes"":[34,58,34],""logprob"":-16.406694412231445,""rank"":5}]"
main,A,R0,429,ADCB,1,16," """"",,"[32,34,34]",-0.0034958957694470882,1,"[{""token"":"" \""\"""",""token_id"":null,""bytes"":[32,34,34],""logprob"":-0.0034958957694470882,""rank"":1},{""token"":"" \"""",""token_id"":null,""bytes"":[32,34],""logprob"":-5.9778056144714355,""rank"":2},{""token"":"" null"",""token_id"":null,""bytes"":[32,110,117,108,108],""logprob"":-7.4228434562683105,""rank"":3},{""token"":"" \""\"","",""token_id"":null,""bytes"":[32,34,34,44],""logprob"":-8.4609375,""rank"":4},{""token"":"" \""\\\"""",""token_id"":null,""bytes"":[32,34,92,34],""logprob"":-9.420413970947266,""rank"":5}]"
main,A,R0,429,ADCB,1,17,"
",,[10],-9.536747711536009e-07,1,"[{""token"":""\n"",""token_id"":null,""bytes"":[10],""logprob"":-9.536747711536009e-07,""rank"":1},{""token"":"""",""token_id"":null,""bytes"":[],""logprob"":-14.770174026489258,""rank"":2},{""token"":"" \n"",""token_id"":null,""bytes"":[32,10],""logprob"":-14.94002914428711,""rank"":3},{""token"":""\n\n"",""token_id"":null,""bytes"":[10,10],""logprob"":-15.378928184509277,""rank"":4},{""token"":""\n\n\n"",""token_id"":null,""bytes"":[10,10,10],""logprob"":-18.373306274414062,""rank"":5}]"
main,A,R0,429,ADCB,1,18,},,[125],-2.5033982637978625e-06,1,"[{""token"":""}"",""token_id"":null,""bytes"":[125],""logprob"":-2.5033982637978625e-06,""rank"":1},{""token"":""},"",""token_id"":null,""bytes"":[125,44],""logprob"":-13.417893409729004,""rank"":2},{""token"":""}\"""",""token_id"":null,""bytes"":[125,34],""logprob"":-14.308489799499512,""rank"":3},{""token"":""}'"",""token_id"":null,""bytes"":[125,39],""logprob"":-14.59435749053955,""rank"":4},{""token"":""}`"",""token_id"":null,""bytes"":[125,96],""logprob"":-16.7717342376709,""rank"":5}]"
main,D,K7,429,ADCB,2,1,{,,[123],-0.019648456946015358,1,"[{""token"":""{"",""token_id"":null,""bytes"":[123],""logprob"":-0.019648456946015358,""rank"":1},{""token"":""{\"""",""token_id"":null,""bytes"":[123,34],""logprob"":-4.364804267883301,""rank"":2},{""token"":""```"",""token_id"":null,""bytes"":[96,96,96],""logprob"":-5.162684440612793,""rank"":3},{""token"":""{\\"",""token_id"":null,""bytes"":[123,92],""logprob"":-9.366595268249512,""rank"":4},{""token"":""{'"",""token_id"":null,""bytes"":[123,39],""logprob"":-9.472453117370605,""rank"":5}]"
main,D,K7,429,ADCB,2,2,"
",,[10],-0.001262209378182888,1,"[{""token"":""\n"",""token_id"":null,""bytes"":[10],""logprob"":-0.001262209378182888,""rank"":1},{""token"":"" \"""",""token_id"":null,""bytes"":[32,34],""logprob"":-6.884255886077881,""rank"":2},{""token"":""mode"",""token_id"":null,""bytes"":[109,111,100,101],""logprob"":-8.65310287475586,""rank"":3},{""token"":"" "",""token_id"":null,""bytes"":[32],""logprob"":-10.568531036376953,""rank"":4},{""token"":"" \n"",""token_id"":null,""bytes"":[32,10],""logprob"":-11.43088150024414,""rank"":5}]"
main,D,K7,429,ADCB,2,3, ,,[32],-0.0002571078948676586,1,"[{""token"":"" "",""token_id"":null,""bytes"":[32],""logprob"":-0.0002571078948676586,""rank"":1},{""token"":""\"""",""token_id"":null,""bytes"":[34],""logprob"":-8.83296012878418,""rank"":2},{""token"":"" \"""",""token_id"":null,""bytes"":[32,34],""logprob"":-9.205730438232422,""rank"":3},{""token"":""\""text"",""token_id"":null,""bytes"":[34,116,101,120,116],""logprob"":-13.042868614196777,""rank"":4},{""token"":""  \n"",""token_id"":null,""bytes"":[32,32,10],""logprob"":-13.055774688720703,""rank"":5}]"
main,D,K7,429,ADCB,2,4," """,,"[32,34]",-5.1260126383567695e-06,1,"[{""token"":"" \"""",""token_id"":null,""bytes"":[32,34],""logprob"":-5.1260126383567695e-06,""rank"":1},{""token"":"" \""_"",""token_id"":null,""bytes"":[32,34,95],""logprob"":-12.858902931213379,""rank"":2},{""token"":"" \""\\\"""",""token_id"":null,""bytes"":[32,34,92,34],""logprob"":-13.873766899108887,""rank"":3},{""token"":"" mode"",""token_id"":null,""bytes"":[32,109,111,100,101],""logprob"":-14.700273513793945,""rank"":4},{""token"":"" \""__"",""token_id"":null,""bytes"":[32,34,95,95],""logprob"":-15.031352996826172,""rank"":5}]"
main,D,K7,429,ADCB,2,5,mode,,"[109,111,100,101]",-0.00010383668268332258,1,"[{""token"":""mode"",""token_id"":null,""bytes"":[109,111,100,101],""logprob"":-0.00010383668268332258,""rank"":1},{""token"":""texte"",""token_id"":null,""bytes"":[116,101,120,116,101],""logprob"":-9.640795707702637,""rank"":2},{""token"":""\tmode"",""token_id"":null,""bytes"":[9,109,111,100,101],""logprob"":-12.447422981262207,""rank"":3},{""token"":""message"",""token_id"":null,""bytes"":[109,101,115,115,97,103,101],""logprob"":-12.718585014343262,""rank"":4},{""token"":""type"",""token_id"":null,""bytes"":[116,121,112,101],""logprob"":-12.868250846862793,""rank"":5}]"
main,D,K7,429,ADCB,2,6,""":",,"[34,58]",-5.960482212685747e-06,1,"[{""token"":""\"":"",""token_id"":null,""bytes"":[34,58],""logprob"":-5.960482212685747e-06,""rank"":1},{""token"":""\"":\"""",""token_id"":null,""bytes"":[34,58,34],""logprob"":-12.444189071655273,""rank"":2},{""token"":""\"""",""token_id"":null,""bytes"":[34],""logprob"":-13.91639518737793,""rank"":3},{""token"":""\"","",""token_id"":null,""bytes"":[34,44],""logprob"":-14.644887924194336,""rank"":4},{""token"":""':"",""token_id"":null,""bytes"":[39,58],""logprob"":-15.362749099731445,""rank"":5}]"
main,D,K7,429,ADCB,2,7," """,,"[32,34]",-7.009752152953297e-05,1,"[{""token"":"" \"""",""token_id"":null,""bytes"":[32,34],""logprob"":-7.009752152953297e-05,""rank"":1},{""token"":"" \""\"","",""token_id"":null,""bytes"":[32,34,34,44],""logprob"":-11.385831832885742,""rank"":2},{""token"":"" \""..."",""token_id"":null,""bytes"":[32,34,46,46,46],""logprob"":-11.577933311462402,""rank"":3},{""token"":"" parole"",""token_id"":null,""bytes"":[32,112,97,114,111,108,101],""logprob"":-11.88742446899414,""rank"":4},{""token"":"" \""\"""",""token_id"":null,""bytes"":[32,34,34],""logprob"":-12.021692276000977,""rank"":5}]"
main,D,K7,429,ADCB,2,8,sil,,"[115,105,108]",-0.5934948325157166,1,"[{""token"":""sil"",""token_id"":null,""bytes"":[115,105,108],""logprob"":-0.5934948325157166,""rank"":1},{""token"":""parole"",""token_id"":null,""bytes"":[112,97,114,111,108,101],""logprob"":-0.8133338689804077,""rank"":2},{""token"":""par"",""token_id"":null,""bytes"":[112,97,114],""logprob"":-7.302597522735596,""rank"":3},{""token"":""pare"",""token_id"":null,""bytes"":[112,97,114,101],""logprob"":-8.257190704345703,""rank"":4},{""token"":""s"",""token_id"":null,""bytes"":[115],""logprob"":-8.34564208984375,""rank"":5}]"
main,D,K7,429,ADCB,2,9,ence,,"[101,110,99,101]",-9.775209946383256e-06,1,"[{""token"":""ence"",""token_id"":null,""bytes"":[101,110,99,101],""logprob"":-9.775209946383256e-06,""rank"":1},{""token"":""ience"",""token_id"":null,""bytes"":[105,101,110,99,101],""logprob"":-11.974973678588867,""rank"":2},{""token"":""ance"",""token_id"":null,""bytes"":[97,110,99,101],""logprob"":-12.842367172241211,""rank"":3},{""token"":""enc"",""token_id"":null,""bytes"":[101,110,99],""logprob"":-15.266870498657227,""rank"":4},{""token"":""ences"",""token_id"":null,""bytes"":[101,110,99,101,115],""logprob"":-16.035558700561523,""rank"":5}]"
main,D,K7,429,ADCB,2,10,""",",,"[34,44]",-0.11132138222455978,1,"[{""token"":""\"","",""token_id"":null,""bytes"":[34,44],""logprob"":-0.11132138222455978,""rank"":1},{""token"":""\"""",""token_id"":null,""bytes"":[34],""logprob"":-2.2505369186401367,""rank"":2},{""token"":""\n"",""token_id"":null,""bytes"":[10],""logprob"":-12.997644424438477,""rank"":3},{""token"":""\""."",""token_id"":null,""bytes"":[34,46],""logprob"":-13.728401184082031,""rank"":4},{""token"":""\\\"","",""token_id"":null,""bytes"":[92,34,44],""logprob"":-14.240416526794434,""rank"":5}]"
main,D,K7,429,ADCB,2,11,"
",,[10],-3.57628505298635e-06,1,"[{""token"":""\n"",""token_id"":null,""bytes"":[10],""logprob"":-3.57628505298635e-06,""rank"":1},{""token"":"" \n"",""token_id"":null,""bytes"":[32,10],""logprob"":-13.045957565307617,""rank"":2},{""token"":"""",""token_id"":null,""bytes"":[],""logprob"":-14.220623016357422,""rank"":3},{""token"":""\n\n"",""token_id"":null,""bytes"":[10,10],""logprob"":-14.449294090270996,""rank"":4},{""token"":"" \"""",""token_id"":null,""bytes"":[32,34],""logprob"":-15.582581520080566,""rank"":5}]"
main,D,K7,429,ADCB,2,12, ,,[32],-4.768372718899627e-07,1,"[{""token"":"" "",""token_id"":null,""bytes"":[32],""logprob"":-4.768372718899627e-07,""rank"":1},{""token"":"" \"""",""token_id"":null,""bytes"":[32,34],""logprob"":-14.934100151062012,""rank"":2},{""token"":""  \n"",""token_id"":null,""bytes"":[32,32,10],""logprob"":-15.774998664855957,""rank"":3},{""token"":"" texte"",""token_id"":null,""bytes"":[32,116,101,120,116,101],""logprob"":-17.64464569091797,""rank"":4},{""token"":""\"":"",""token_id"":null,""bytes"":[34,58],""logprob"":-17.890995025634766,""rank"":5}]"
main,D,K7,429,ADCB,2,13," """,,"[32,34]",-2.0265599687263602e-06,1,"[{""token"":"" \"""",""token_id"":null,""bytes"":[32,34],""logprob"":-2.0265599687263602e-06,""rank"":1},{""token"":"" \""\"""",""token_id"":null,""bytes"":[32,34,34],""logprob"":-13.254087448120117,""rank"":2},{""token"":"" \""\\\"""",""token_id"":null,""bytes"":[32,34,92,34],""logprob"":-16.043081283569336,""rank"":3},{""token"":"" \""_"",""token_id"":null,""bytes"":[32,34,95],""logprob"":-16.407825469970703,""rank"":4},{""token"":"" \""."",""token_id"":null,""bytes"":[32,34,46],""logprob"":-16.942138671875,""rank"":5}]"
main,D,K7,429,ADCB,2,14,texte,,"[116,101,120,116,101]",-0.0006448320928029716,1,"[{""token"":""texte"",""token_id"":null,""bytes"":[116,101,120,116,101],""logprob"":-0.0006448320928029716,""rank"":1},{""token"":""texto"",""token_id"":null,""bytes"":[116,101,120,116,111],""logprob"":-7.806743621826172,""rank"":2},{""token"":"" texte"",""token_id"":null,""bytes"":[32,116,101,120,116,101],""logprob"":-9.280204772949219,""rank"":3},{""token"":""texture"",""token_id"":null,""bytes"":[116,101,120,116,117,114,101],""logprob"":-10.911214828491211,""rank"":4},{""token"":""text"",""token_id"":null,""bytes"":[116,101,120,116],""logprob"":-11.027225494384766,""rank"":5}]"
main,D,K7,429,ADCB,2,15,""":",,"[34,58]",-9.179157132166438e-06,1,"[{""token"":""\"":"",""token_id"":null,""bytes"":[34,58],""logprob"":-9.179157132166438e-06,""rank"":1},{""token"":""\"""",""token_id"":null,""bytes"":[34],""logprob"":-11.782276153564453,""rank"":2},{""token"":""\"":\""\"""",""token_id"":null,""bytes"":[34,58,34,34],""logprob"":-13.713590621948242,""rank"":3},{""token"":""\\\"":"",""token_id"":null,""bytes"":[92,34,58],""logprob"":-15.420682907104492,""rank"":4},{""token"":""\"":\"""",""token_id"":null,""bytes"":[34,58,34],""logprob"":-16.319738388061523,""rank"":5}]"
main,D,K7,429,ADCB,2,16," """"",,"[32,34,34]",-0.0032456680200994015,1,"[{""token"":"" \""\"""",""token_id"":null,""bytes"":[32,34,34],""logprob"":-0.0032456680200994015,""rank"":1},{""token"":"" \"""",""token_id"":null,""bytes"":[32,34],""logprob"":-6.055448055267334,""rank"":2},{""token"":"" null"",""token_id"":null,""bytes"":[32,110,117,108,108],""logprob"":-7.501000881195068,""rank"":3},{""token"":"" \""\"","",""token_id"":null,""bytes"":[32,34,34,44],""logprob"":-8.500384330749512,""rank"":4},{""token"":"" \""\\\"""",""token_id"":null,""bytes"":[32,34,92,34],""logprob"":-9.465580940246582,""rank"":5}]"
main,D,K7,429,ADCB,2,17,"
",,[10],-8.344653679159819e-07,1,"[{""token"":""\n"",""token_id"":null,""bytes"":[10],""logprob"":-8.344653679159819e-07,""rank"":1},{""token"":"""",""token_id"":null,""bytes"":[],""logprob"":-14.713308334350586,""rank"":2},{""token"":"" \n"",""token_id"":null,""bytes"":[32,10],""logprob"":-15.195917129516602,""rank"":3},{""token"":""\n\n"",""token_id"":null,""bytes"":[10,10],""logprob"":-15.342458724975586,""rank"":4},{""token"":""\n\n\n"",""token_id"":null,""bytes"":[10,10,10],""logprob"":-18.374958038330078,""rank"":5}]"
main,D,K7,429,ADCB,2,18,},,[125],-2.622607780722319e-06,1,"[{""token"":""}"",""token_id"":null,""bytes"":[125],""logprob"":-2.622607780722319e-06,""rank"":1},{""token"":""},"",""token_id"":null,""bytes"":[125,44],""logprob"":-13.304072380065918,""rank"":2},{""token"":""}\"""",""token_id"":null,""bytes"":[125,34],""logprob"":-14.436419486999512,""rank"":3},{""token"":""}'"",""token_id"":null,""bytes"":[125,39],""logprob"":-14.71263599395752,""rank"":4},{""token"":"""",""token_id"":null,""bytes"":[],""logprob"":-16.880449295043945,""rank"":5}]"
main,C,K0,429,ADCB,3,1,{,,[123],-0.022347530350089073,1,"[{""token"":""{"",""token_id"":null,""bytes"":[123],""logprob"":-0.022347530350089073,""rank"":1},{""token"":""{\"""",""token_id"":null,""bytes"":[123,34],""logprob"":-4.103880882263184,""rank"":2},{""token"":""```"",""token_id"":null,""bytes"":[96,96,96],""logprob"":-5.384608268737793,""rank"":3},{""token"":""{\\\"""",""token_id"":null,""bytes"":[123,92,34],""logprob"":-9.20559310913086,""rank"":4},{""token"":""{}"",""token_id"":null,""bytes"":[123,125],""logprob"":-9.365748405456543,""rank"":5}]"
main,C,K0,429,ADCB,3,2,"
",,[10],-0.0010407617082819343,1,"[{""token"":""\n"",""token_id"":null,""bytes"":[10],""logprob"":-0.0010407617082819343,""rank"":1},{""token"":"" \"""",""token_id"":null,""bytes"":[32,34],""logprob"":-7.071502208709717,""rank"":2},{""token"":""mode"",""token_id"":null,""bytes"":[109,111,100,101],""logprob"":-8.883734703063965,""rank"":3},{""token"":"" "",""token_id"":null,""bytes"":[32],""logprob"":-10.773819923400879,""rank"":4},{""token"":"" \n"",""token_id"":null,""bytes"":[32,10],""logprob"":-11.489826202392578,""rank"":5}]"
main,C,K0,429,ADCB,3,3, ,,[32],-0.00021775947243440896,1,"[{""token"":"" "",""token_id"":null,""bytes"":[32],""logprob"":-0.00021775947243440896,""rank"":1},{""token"":""\"""",""token_id"":null,""bytes"":[34],""logprob"":-9.088756561279297,""rank"":2},{""token"":"" \"""",""token_id"":null,""bytes"":[32,34],""logprob"":-9.261333465576172,""rank"":3},{""token"":""\""text"",""token_id"":null,""bytes"":[34,116,101,120,116],""logprob"":-13.031827926635742,""rank"":4},{""token"":""  \n"",""token_id"":null,""bytes"":[32,32,10],""logprob"":-13.105371475219727,""rank"":5}]"
main,C,K0,429,ADCB,3,4," """,,"[32,34]",-3.218656047465629e-06,1,"[{""token"":"" \"""",""token_id"":null,""bytes"":[32,34],""logprob"":-3.218656047465629e-06,""rank"":1},{""token"":"" \""_"",""token_id"":null,""bytes"":[32,34,95],""logprob"":-13.295794486999512,""rank"":2},{""token"":"" \""\\\"""",""token_id"":null,""bytes"":[32,34,92,34],""logprob"":-14.324239730834961,""rank"":3},{""token"":"" mode"",""token_id"":null,""bytes"":[32,109,111,100,101],""logprob"":-15.079508781433105,""rank"":4},{""token"":"" \""__"",""token_id"":null,""bytes"":[32,34,95,95],""logprob"":-15.397425651550293,""rank"":5}]"
main,C,K0,429,ADCB,3,5,mode,,"[109,111,100,101]",-0.00011695115244947374,1,"[{""token"":""mode"",""token_id"":null,""bytes"":[109,111,100,101],""logprob"":-0.00011695115244947374,""rank"":1},{""token"":""texte"",""token_id"":null,""bytes"":[116,101,120,116,101],""logprob"":-9.467223167419434,""rank"":2},{""token"":""\tmode"",""token_id"":null,""bytes"":[9,109,111,100,101],""logprob"":-12.454880714416504,""rank"":3},{""token"":""message"",""token_id"":null,""bytes"":[109,101,115,115,97,103,101],""logprob"":-12.663521766662598,""rank"":4},{""token"":""type"",""token_id"":null,""bytes"":[116,121,112,101],""logprob"":-12.774247169494629,""rank"":5}]"
main,C,K0,429,ADCB,3,6,""":",,"[34,58]",-5.722062269342132e-06,1,"[{""token"":""\"":"",""token_id"":null,""bytes"":[34,58],""logprob"":-5.722062269342132e-06,""rank"":1},{""token"":""\"":\"""",""token_id"":null,""bytes"":[34,58,34],""logprob"":-12.455028533935547,""rank"":2},{""token"":""\"""",""token_id"":null,""bytes"":[34],""logprob"":-14.045772552490234,""rank"":3},{""token"":""\"","",""token_id"":null,""bytes"":[34,44],""logprob"":-14.704669952392578,""rank"":4},{""token"":""':"",""token_id"":null,""bytes"":[39,58],""logprob"":-15.434219360351562,""rank"":5}]"
main,C,K0,429,ADCB,3,7," """,,"[32,34]",-6.580569606740028e-05,1,"[{""token"":"" \"""",""token_id"":null,""bytes"":[32,34],""logprob"":-6.580569606740028e-05,""rank"":1},{""token"":"" \""\"","",""token_id"":null,""bytes"":[32,34,34,44],""logprob"":-11.462050437927246,""rank"":2},{""token"":"" \""..."",""token_id"":null,""bytes"":[32,34,46,46,46],""logprob"":-11.589383125305176,""rank"":3},{""token"":"" parole"",""token_id"":null,""bytes"":[32,112,97,114,111,108,101],""logprob"":-11.91740894317627,""rank"":4},{""token"":"" \""\"""",""token_id"":null,""bytes"":[32,34,34],""logprob"":-12.049454689025879,""rank"":5}]"
main,C,K0,429,ADCB,3,8,sil,,"[115,105,108]",-0.6199643015861511,1,"[{""token"":""sil"",""token_id"":null,""bytes"":[115,105,108],""logprob"":-0.6199643015861511,""rank"":1},{""token"":""parole"",""token_id"":null,""bytes"":[112,97,114,111,108,101],""logprob"":-0.7807443141937256,""rank"":2},{""token"":""par"",""token_id"":null,""bytes"":[112,97,114],""logprob"":-7.385531902313232,""rank"":3},{""token"":"" parole"",""token_id"":null,""bytes"":[32,112,97,114,111,108,101],""logprob"":-8.325679779052734,""rank"":4},{""token"":""pare"",""token_id"":null,""bytes"":[112,97,114,101],""logprob"":-8.352705001831055,""rank"":5}]"
main,C,K0,429,ADCB,3,9,ence,,"[101,110,99,101]",-9.775209946383256e-06,1,"[{""token"":""ence"",""token_id"":null,""bytes"":[101,110,99,101],""logprob"":-9.775209946383256e-06,""rank"":1},{""token"":""ience"",""token_id"":null,""bytes"":[105,101,110,99,101],""logprob"":-11.912710189819336,""rank"":2},{""token"":""ance"",""token_id"":null,""bytes"":[97,110,99,101],""logprob"":-12.932533264160156,""rank"":3},{""token"":""enc"",""token_id"":null,""bytes"":[101,110,99],""logprob"":-15.216045379638672,""rank"":4},{""token"":""\"","",""token_id"":null,""bytes"":[34,44],""logprob"":-16.03968620300293,""rank"":5}]"
main,C,K0,429,ADCB,3,10,""",",,"[34,44]",-0.10642677545547485,1,"[{""token"":""\"","",""token_id"":null,""bytes"":[34,44],""logprob"":-0.10642677545547485,""rank"":1},{""token"":""\"""",""token_id"":null,""bytes"":[34],""logprob"":-2.293093204498291,""rank"":2},{""token"":""\n"",""token_id"":null,""bytes"":[10],""logprob"":-13.433211326599121,""rank"":3},{""token"":""\""."",""token_id"":null,""bytes"":[34,46],""logprob"":-13.752901077270508,""rank"":4},{""token"":""\\\"","",""token_id"":null,""bytes"":[92,34,44],""logprob"":-14.33447265625,""rank"":5}]"
main,C,K0,429,ADCB,3,11,"
",,[10],-3.337865791763761e-06,1,"[{""token"":""\n"",""token_id"":null,""bytes"":[10],""logprob"":-3.337865791763761e-06,""rank"":1},{""token"":"" \n"",""token_id"":null,""bytes"":[32,10],""logprob"":-13.107783317565918,""rank"":2},{""token"":"""",""token_id"":null,""bytes"":[],""logprob"":-14.255763053894043,""rank"":3},{""token"":""\n\n"",""token_id"":null,""bytes"":[10,10],""logprob"":-14.601638793945312,""rank"":4},{""token"":"" \"""",""token_id"":null,""bytes"":[32,34],""logprob"":-15.553372383117676,""rank"":5}]"
main,C,K0,429,ADCB,3,12, ,,[32],-4.768372718899627e-07,1,"[{""token"":"" "",""token_id"":null,""bytes"":[32],""logprob"":-4.768372718899627e-07,""rank"":1},{""token"":"" \"""",""token_id"":null,""bytes"":[32,34],""logprob"":-14.94283676147461,""rank"":2},{""token"":""  \n"",""token_id"":null,""bytes"":[32,32,10],""logprob"":-16.096988677978516,""rank"":3},{""token"":"" texte"",""token_id"":null,""bytes"":[32,116,101,120,116,101],""logprob"":-17.702526092529297,""rank"":4},{""token"":""\"":"",""token_id"":null,""bytes"":[34,58],""logprob"":-18.022602081298828,""rank"":5}]"
main,C,K0,429,ADCB,3,13," """,,"[32,34]",-1.3113030945532955e-06,1,"[{""token"":"" \"""",""token_id"":null,""bytes"":[32,34],""logprob"":-1.3113030945532955e-06,""rank"":1},{""token"":"" \""\"""",""token_id"":null,""bytes"":[32,34,34],""logprob"":-13.740971565246582,""rank"":2},{""token"":"" \""\\\"""",""token_id"":null,""bytes"":[32,34,92,34],""logprob"":-16.369064331054688,""rank"":3},{""token"":"" \""."",""token_id"":null,""bytes"":[32,34,46],""logprob"":-16.59925079345703,""rank"":4},{""token"":"" \""_"",""token_id"":null,""bytes"":[32,34,95],""logprob"":-16.92404556274414,""rank"":5}]"
main,C,K0,429,ADCB,3,14,texte,,"[116,101,120,116,101]",-0.000701315701007843,1,"[{""token"":""texte"",""token_id"":null,""bytes"":[116,101,120,116,101],""logprob"":-0.000701315701007843,""rank"":1},{""token"":""texto"",""token_id"":null,""bytes"":[116,101,120,116,111],""logprob"":-7.710988521575928,""rank"":2},{""token"":"" texte"",""token_id"":null,""bytes"":[32,116,101,120,116,101],""logprob"":-9.253518104553223,""rank"":3},{""token"":""texture"",""token_id"":null,""bytes"":[116,101,120,116,117,114,101],""logprob"":-10.663298606872559,""rank"":4},{""token"":""text"",""token_id"":null,""bytes"":[116,101,120,116],""logprob"":-10.913947105407715,""rank"":5}]"
main,C,K0,429,ADCB,3,15,""":",,"[34,58]",-1.025205165205989e-05,1,"[{""token"":""\"":"",""token_id"":null,""bytes"":[34,58],""logprob"":-1.025205165205989e-05,""rank"":1},{""token"":""\"""",""token_id"":null,""bytes"":[34],""logprob"":-11.64643383026123,""rank"":2},{""token"":""\"":\""\"""",""token_id"":null,""bytes"":[34,58,34,34],""logprob"":-13.708300590515137,""rank"":3},{""token"":""\\\"":"",""token_id"":null,""bytes"":[92,34,58],""logprob"":-15.41968059539795,""rank"":4},{""token"":""\"":\"""",""token_id"":null,""bytes"":[34,58,34],""logprob"":-16.462614059448242,""rank"":5}]"
main,C,K0,429,ADCB,3,16," """"",,"[32,34,34]",-0.0032841789070516825,1,"[{""token"":"" \""\"""",""token_id"":null,""bytes"":[32,34,34],""logprob"":-0.0032841789070516825,""rank"":1},{""token"":"" \"""",""token_id"":null,""bytes"":[32,34],""logprob"":-6.025295257568359,""rank"":2},{""token"":"" null"",""token_id"":null,""bytes"":[32,110,117,108,108],""logprob"":-7.520589351654053,""rank"":3},{""token"":"" \""\"","",""token_id"":null,""bytes"":[32,34,34,44],""logprob"":-8.617876052856445,""rank"":4},{""token"":"" \""\\\"""",""token_id"":null,""bytes"":[32,34,92,34],""logprob"":-9.446208953857422,""rank"":5}]"
main,C,K0,429,ADCB,3,17,"
",,[10],-8.344653679159819e-07,1,"[{""token"":""\n"",""token_id"":null,""bytes"":[10],""logprob"":-8.344653679159819e-07,""rank"":1},{""token"":"""",""token_id"":null,""bytes"":[],""logprob"":-14.832995414733887,""rank"":2},{""token"":"" \n"",""token_id"":null,""bytes"":[32,10],""logprob"":-15.189888954162598,""rank"":3},{""token"":""\n\n"",""token_id"":null,""bytes"":[10,10],""logprob"":-15.416543006896973,""rank"":4},{""token"":""\n\n\n"",""token_id"":null,""bytes"":[10,10,10],""logprob"":-18.386173248291016,""rank"":5}]"
main,C,K0,429,ADCB,3,18,},,[125],-2.3841887468734058e-06,1,"[{""token"":""}"",""token_id"":null,""bytes"":[125],""logprob"":-2.3841887468734058e-06,""rank"":1},{""token"":""},"",""token_id"":null,""bytes"":[125,44],""logprob"":-13.398757934570312,""rank"":2},{""token"":""}\"""",""token_id"":null,""bytes"":[125,34],""logprob"":-14.608040809631348,""rank"":3},{""token"":""}'"",""token_id"":null,""bytes"":[125,39],""logprob"":-14.80576229095459,""rank"":4},{""token"":""}`"",""token_id"":null,""bytes"":[125,96],""logprob"":-16.94948387145996,""rank"":5}]"
main,B,R7,429,ADCB,4,1,{,,[123],-0.02172425016760826,1,"[{""token"":""{"",""token_id"":null,""bytes"":[123],""logprob"":-0.02172425016760826,""rank"":1},{""token"":""{\"""",""token_id"":null,""bytes"":[123,34],""logprob"":-4.228072643280029,""rank"":2},{""token"":""```"",""token_id"":null,""bytes"":[96,96,96],""logprob"":-5.131930828094482,""rank"":3},{""token"":""{\\\"""",""token_id"":null,""bytes"":[123,92,34],""logprob"":-9.165180206298828,""rank"":4},{""token"":""{\\"",""token_id"":null,""bytes"":[123,92],""logprob"":-9.315994262695312,""rank"":5}]"
main,B,R7,429,ADCB,4,2,"
",,[10],-0.0008808079874143004,1,"[{""token"":""\n"",""token_id"":null,""bytes"":[10],""logprob"":-0.0008808079874143004,""rank"":1},{""token"":"" \"""",""token_id"":null,""bytes"":[32,34],""logprob"":-7.27277135848999,""rank"":2},{""token"":""mode"",""token_id"":null,""bytes"":[109,111,100,101],""logprob"":-8.902280807495117,""rank"":3},{""token"":"" "",""token_id"":null,""bytes"":[32],""logprob"":-10.787778854370117,""rank"":4},{""token"":"" \n"",""token_id"":null,""bytes"":[32,10],""logprob"":-11.593488693237305,""rank"":5}]"
main,B,R7,429,ADCB,4,3, ,,[32],-0.0002201441820943728,1,"[{""token"":"" "",""token_id"":null,""bytes"":[32],""logprob"":-0.0002201441820943728,""rank"":1},{""token"":""\"""",""token_id"":null,""bytes"":[34],""logprob"":-8.98767375946045,""rank"":2},{""token"":"" \"""",""token_id"":null,""bytes"":[32,34],""logprob"":-9.363957405090332,""rank"":3},{""token"":""\""text"",""token_id"":null,""bytes"":[34,116,101,120,116],""logprob"":-13.119736671447754,""rank"":4},{""token"":""  \n"",""token_id"":null,""bytes"":[32,32,10],""logprob"":-13.16612720489502,""rank"":5}]"
main,B,R7,429,ADCB,4,4," """,,"[32,34]",-4.172333774477011e-06,1,"[{""token"":"" \"""",""token_id"":null,""bytes"":[32,34],""logprob"":-4.172333774477011e-06,""rank"":1},{""token"":"" \""_"",""token_id"":null,""bytes"":[32,34,95],""logprob"":-13.113958358764648,""rank"":2},{""token"":"" \""\\\"""",""token_id"":null,""bytes"":[32,34,92,34],""logprob"":-13.908227920532227,""rank"":3},{""token"":"" \""__"",""token_id"":null,""bytes"":[32,34,95,95],""logprob"":-15.388980865478516,""rank"":4},{""token"":"" mode"",""token_id"":null,""bytes"":[32,109,111,100,101],""logprob"":-15.449271202087402,""rank"":5}]"
main,B,R7,429,ADCB,4,5,mode,,"[109,111,100,101]",-0.00011707037629093975,1,"[{""token"":""mode"",""token_id"":null,""bytes"":[109,111,100,101],""logprob"":-0.00011707037629093975,""rank"":1},{""token"":""texte"",""token_id"":null,""bytes"":[116,101,120,116,101],""logprob"":-9.493277549743652,""rank"":2},{""token"":""\tmode"",""token_id"":null,""bytes"":[9,109,111,100,101],""logprob"":-12.450518608093262,""rank"":3},{""token"":""message"",""token_id"":null,""bytes"":[109,101,115,115,97,103,101],""logprob"":-12.52582836151123,""rank"":4},{""token"":""type"",""token_id"":null,""bytes"":[116,121,112,101],""logprob"":-12.704558372497559,""rank"":5}]"
main,B,R7,429,ADCB,4,6,""":",,"[34,58]",-6.318112355074845e-06,1,"[{""token"":""\"":"",""token_id"":null,""bytes"":[34,58],""logprob"":-6.318112355074845e-06,""rank"":1},{""token"":""\"":\"""",""token_id"":null,""bytes"":[34,58,34],""logprob"":-12.400069236755371,""rank"":2},{""token"":""\"""",""token_id"":null,""bytes"":[34],""logprob"":-13.777251243591309,""rank"":3},{""token"":""\"","",""token_id"":null,""bytes"":[34,44],""logprob"":-14.631165504455566,""rank"":4},{""token"":""':"",""token_id"":null,""bytes"":[39,58],""logprob"":-15.456767082214355,""rank"":5}]"
main,B,R7,429,ADCB,4,7," """,,"[32,34]",-6.84284750605002e-05,1,"[{""token"":"" \"""",""token_id"":null,""bytes"":[32,34],""logprob"":-6.84284750605002e-05,""rank"":1},{""token"":"" \""\"","",""token_id"":null,""bytes"":[32,34,34,44],""logprob"":-11.380424499511719,""rank"":2},{""token"":"" \""..."",""token_id"":null,""bytes"":[32,34,46,46,46],""logprob"":-11.570703506469727,""rank"":3},{""token"":"" parole"",""token_id"":null,""bytes"":[32,112,97,114,111,108,101],""logprob"":-11.879776000976562,""rank"":4},{""token"":"" \""\"""",""token_id"":null,""bytes"":[32,34,34],""logprob"":-12.034069061279297,""rank"":5}]"
main,B,R7,429,ADCB,4,8,sil,,"[115,105,108]",-0.6785305142402649,1,"[{""token"":""sil"",""token_id"":null,""bytes"":[115,105,108],""logprob"":-0.6785305142402649,""rank"":1},{""token"":""parole"",""token_id"":null,""bytes"":[112,97,114,111,108,101],""logprob"":-0.7165859341621399,""rank"":2},{""token"":""par"",""token_id"":null,""bytes"":[112,97,114],""logprob"":-7.273228645324707,""rank"":3},{""token"":""pare"",""token_id"":null,""bytes"":[112,97,114,101],""logprob"":-8.244132041931152,""rank"":4},{""token"":""s"",""token_id"":null,""bytes"":[115],""logprob"":-8.282027244567871,""rank"":5}]"
main,B,R7,429,ADCB,4,9,ence,,"[101,110,99,101]",-9.179157132166438e-06,1,"[{""token"":""ence"",""token_id"":null,""bytes"":[101,110,99,101],""logprob"":-9.179157132166438e-06,""rank"":1},{""token"":""ience"",""token_id"":null,""bytes"":[105,101,110,99,101],""logprob"":-12.033693313598633,""rank"":2},{""token"":""ance"",""token_id"":null,""bytes"":[97,110,99,101],""logprob"":-12.892942428588867,""rank"":3},{""token"":""enc"",""token_id"":null,""bytes"":[101,110,99],""logprob"":-15.13233757019043,""rank"":4},{""token"":""ences"",""token_id"":null,""bytes"":[101,110,99,101,115],""logprob"":-15.992465019226074,""rank"":5}]"
main,B,R7,429,ADCB,4,10,""",",,"[34,44]",-0.10652503371238708,1,"[{""token"":""\"","",""token_id"":null,""bytes"":[34,44],""logprob"":-0.10652503371238708,""rank"":1},{""token"":""\"""",""token_id"":null,""bytes"":[34],""logprob"":-2.292224407196045,""rank"":2},{""token"":""\n"",""token_id"":null,""bytes"":[10],""logprob"":-13.167221069335938,""rank"":3},{""token"":""\""."",""token_id"":null,""bytes"":[34,46],""logprob"":-13.745504379272461,""rank"":4},{""token"":""\\\"","",""token_id"":null,""bytes"":[92,34,44],""logprob"":-14.183154106140137,""rank"":5}]"
main,B,R7,429,ADCB,4,11,"
",,[10],-4.0531240301788785e-06,1,"[{""token"":""\n"",""token_id"":null,""bytes"":[10],""logprob"":-4.0531240301788785e-06,""rank"":1},{""token"":"" \n"",""token_id"":null,""bytes"":[32,10],""logprob"":-12.90800666809082,""rank"":2},{""token"":"""",""token_id"":null,""bytes"":[],""logprob"":-14.16970443725586,""rank"":3},{""token"":""\n\n"",""token_id"":null,""bytes"":[10,10],""logprob"":-14.509121894836426,""rank"":4},{""token"":"" \"""",""token_id"":null,""bytes"":[32,34],""logprob"":-15.510653495788574,""rank"":5}]"
main,B,R7,429,ADCB,4,12, ,,[32],-4.768372718899627e-07,1,"[{""token"":"" "",""token_id"":null,""bytes"":[32],""logprob"":-4.768372718899627e-07,""rank"":1},{""token"":"" \"""",""token_id"":null,""bytes"":[32,34],""logprob"":-15.015575408935547,""rank"":2},{""token"":""  \n"",""token_id"":null,""bytes"":[32,32,10],""logprob"":-15.97124195098877,""rank"":3},{""token"":"" texte"",""token_id"":null,""bytes"":[32,116,101,120,116,101],""logprob"":-17.74969482421875,""rank"":4},{""token"":""   "",""token_id"":null,""bytes"":[32,32,32],""logprob"":-18.280445098876953,""rank"":5}]"
main,B,R7,429,ADCB,4,13," """,,"[32,34]",-2.0265599687263602e-06,1,"[{""token"":"" \"""",""token_id"":null,""bytes"":[32,34],""logprob"":-2.0265599687263602e-06,""rank"":1},{""token"":"" \""\"""",""token_id"":null,""bytes"":[32,34,34],""logprob"":-13.223140716552734,""rank"":2},{""token"":"" \""\\\"""",""token_id"":null,""bytes"":[32,34,92,34],""logprob"":-15.966304779052734,""rank"":3},{""token"":"" \""_"",""token_id"":null,""bytes"":[32,34,95],""logprob"":-16.198970794677734,""rank"":4},{""token"":"" \""..."",""token_id"":null,""bytes"":[32,34,46,46,46],""logprob"":-16.936288833618164,""rank"":5}]"
main,B,R7,429,ADCB,4,14,texte,,"[116,101,120,116,101]",-0.000649364956188947,1,"[{""token"":""texte"",""token_id"":null,""bytes"":[116,101,120,116,101],""logprob"":-0.000649364956188947,""rank"":1},{""token"":""texto"",""token_id"":null,""bytes"":[116,101,120,116,111],""logprob"":-7.792206764221191,""rank"":2},{""token"":"" texte"",""token_id"":null,""bytes"":[32,116,101,120,116,101],""logprob"":-9.244690895080566,""rank"":3},{""token"":""texture"",""token_id"":null,""bytes"":[116,101,120,116,117,114,101],""logprob"":-10.890830039978027,""rank"":4},{""token"":""text"",""token_id"":null,""bytes"":[116,101,120,116],""logprob"":-11.115731239318848,""rank"":5}]"
main,B,R7,429,ADCB,4,15,""":",,"[34,58]",-1.0848104466276709e-05,1,"[{""token"":""\"":"",""token_id"":null,""bytes"":[34,58],""logprob"":-1.0848104466276709e-05,""rank"":1},{""token"":""\"""",""token_id"":null,""bytes"":[34],""logprob"":-11.591935157775879,""rank"":2},{""token"":""\"":\""\"""",""token_id"":null,""bytes"":[34,58,34,34],""logprob"":-13.789422035217285,""rank"":3},{""token"":""\\\"":"",""token_id"":null,""bytes"":[92,34,58],""logprob"":-15.505274772644043,""rank"":4},{""token"":""\"":\"""",""token_id"":null,""bytes"":[34,58,34],""logprob"":-16.480609893798828,""rank"":5}]"
main,B,R7,429,ADCB,4,16," """"",,"[32,34,34]",-0.0031248226296156645,1,"[{""token"":"" \""\"""",""token_id"":null,""bytes"":[32,34,34],""logprob"":-0.0031248226296156645,""rank"":1},{""token"":"" \"""",""token_id"":null,""bytes"":[32,34],""logprob"":-6.100138187408447,""rank"":2},{""token"":"" null"",""token_id"":null,""bytes"":[32,110,117,108,108],""logprob"":-7.526052951812744,""rank"":3},{""token"":"" \""\"","",""token_id"":null,""bytes"":[32,34,34,44],""logprob"":-8.518841743469238,""rank"":4},{""token"":"" \""\\\"""",""token_id"":null,""bytes"":[32,34,92,34],""logprob"":-9.442099571228027,""rank"":5}]"
main,B,R7,429,ADCB,4,17,"
",,[10],-8.344653679159819e-07,1,"[{""token"":""\n"",""token_id"":null,""bytes"":[10],""logprob"":-8.344653679159819e-07,""rank"":1},{""token"":"""",""token_id"":null,""bytes"":[],""logprob"":-14.898009300231934,""rank"":2},{""token"":"" \n"",""token_id"":null,""bytes"":[32,10],""logprob"":-15.026812553405762,""rank"":3},{""token"":""\n\n"",""token_id"":null,""bytes"":[10,10],""logprob"":-15.510147094726562,""rank"":4},{""token"":""\n\n\n"",""token_id"":null,""bytes"":[10,10,10],""logprob"":-18.452171325683594,""rank"":5}]"
main,B,R7,429,ADCB,4,18,},,[125],-2.5033982637978625e-06,1,"[{""token"":""}"",""token_id"":null,""bytes"":[125],""logprob"":-2.5033982637978625e-06,""rank"":1},{""token"":""},"",""token_id"":null,""bytes"":[125,44],""logprob"":-13.412047386169434,""rank"":2},{""token"":""}\"""",""token_id"":null,""bytes"":[125,34],""logprob"":-14.420966148376465,""rank"":3},{""token"":""}'"",""token_id"":null,""bytes"":[125,39],""logprob"":-14.732012748718262,""rank"":4},{""token"":""}`"",""token_id"":null,""bytes"":[125,96],""logprob"":-16.944538116455078,""rank"":5}]"
main,B,R7,430,BADC,1,1,{,,[123],-0.02172425016760826,1,"[{""token"":""{"",""token_id"":null,""bytes"":[123],""logprob"":-0.02172425016760826,""rank"":1},{""token"":""{\"""",""token_id"":null,""bytes"":[123,34],""logprob"":-4.228072643280029,""rank"":2},{""token"":""```"",""token_id"":null,""bytes"":[96,96,96],""logprob"":-5.131930828094482,""rank"":3},{""token"":""{\\\"""",""token_id"":null,""bytes"":[123,92,34],""logprob"":-9.165180206298828,""rank"":4},{""token"":""{\\"",""token_id"":null,""bytes"":[123,92],""logprob"":-9.315994262695312,""rank"":5}]"
main,B,R7,430,BADC,1,2,"
",,[10],-0.0008808079874143004,1,"[{""token"":""\n"",""token_id"":null,""bytes"":[10],""logprob"":-0.0008808079874143004,""rank"":1},{""token"":"" \"""",""token_id"":null,""bytes"":[32,34],""logprob"":-7.27277135848999,""rank"":2},{""token"":""mode"",""token_id"":null,""bytes"":[109,111,100,101],""logprob"":-8.902280807495117,""rank"":3},{""token"":"" "",""token_id"":null,""bytes"":[32],""logprob"":-10.787778854370117,""rank"":4},{""token"":"" \n"",""token_id"":null,""bytes"":[32,10],""logprob"":-11.593488693237305,""rank"":5}]"
main,B,R7,430,BADC,1,3, ,,[32],-0.0002201441820943728,1,"[{""token"":"" "",""token_id"":null,""bytes"":[32],""logprob"":-0.0002201441820943728,""rank"":1},{""token"":""\"""",""token_id"":null,""bytes"":[34],""logprob"":-8.98767375946045,""rank"":2},{""token"":"" \"""",""token_id"":null,""bytes"":[32,34],""logprob"":-9.363957405090332,""rank"":3},{""token"":""\""text"",""token_id"":null,""bytes"":[34,116,101,120,116],""logprob"":-13.119736671447754,""rank"":4},{""token"":""  \n"",""token_id"":null,""bytes"":[32,32,10],""logprob"":-13.16612720489502,""rank"":5}]"
main,B,R7,430,BADC,1,4," """,,"[32,34]",-4.172333774477011e-06,1,"[{""token"":"" \"""",""token_id"":null,""bytes"":[32,34],""logprob"":-4.172333774477011e-06,""rank"":1},{""token"":"" \""_"",""token_id"":null,""bytes"":[32,34,95],""logprob"":-13.113958358764648,""rank"":2},{""token"":"" \""\\\"""",""token_id"":null,""bytes"":[32,34,92,34],""logprob"":-13.908227920532227,""rank"":3},{""token"":"" \""__"",""token_id"":null,""bytes"":[32,34,95,95],""logprob"":-15.388980865478516,""rank"":4},{""token"":"" mode"",""token_id"":null,""bytes"":[32,109,111,100,101],""logprob"":-15.449271202087402,""rank"":5}]"
main,B,R7,430,BADC,1,5,mode,,"[109,111,100,101]",-0.00011707037629093975,1,"[{""token"":""mode"",""token_id"":null,""bytes"":[109,111,100,101],""logprob"":-0.00011707037629093975,""rank"":1},{""token"":""texte"",""token_id"":null,""bytes"":[116,101,120,116,101],""logprob"":-9.493277549743652,""rank"":2},{""token"":""\tmode"",""token_id"":null,""bytes"":[9,109,111,100,101],""logprob"":-12.450518608093262,""rank"":3},{""token"":""message"",""token_id"":null,""bytes"":[109,101,115,115,97,103,101],""logprob"":-12.52582836151123,""rank"":4},{""token"":""type"",""token_id"":null,""bytes"":[116,121,112,101],""logprob"":-12.704558372497559,""rank"":5}]"
main,B,R7,430,BADC,1,6,""":",,"[34,58]",-6.318112355074845e-06,1,"[{""token"":""\"":"",""token_id"":null,""bytes"":[34,58],""logprob"":-6.318112355074845e-06,""rank"":1},{""token"":""\"":\"""",""token_id"":null,""bytes"":[34,58,34],""logprob"":-12.400069236755371,""rank"":2},{""token"":""\"""",""token_id"":null,""bytes"":[34],""logprob"":-13.777251243591309,""rank"":3},{""token"":""\"","",""token_id"":null,""bytes"":[34,44],""logprob"":-14.631165504455566,""rank"":4},{""token"":""':"",""token_id"":null,""bytes"":[39,58],""logprob"":-15.456767082214355,""rank"":5}]"
main,B,R7,430,BADC,1,7," """,,"[32,34]",-6.84284750605002e-05,1,"[{""token"":"" \"""",""token_id"":null,""bytes"":[32,34],""logprob"":-6.84284750605002e-05,""rank"":1},{""token"":"" \""\"","",""token_id"":null,""bytes"":[32,34,34,44],""logprob"":-11.380424499511719,""rank"":2},{""token"":"" \""..."",""token_id"":null,""bytes"":[32,34,46,46,46],""logprob"":-11.570703506469727,""rank"":3},{""token"":"" parole"",""token_id"":null,""bytes"":[32,112,97,114,111,108,101],""logprob"":-11.879776000976562,""rank"":4},{""token"":"" \""\"""",""token_id"":null,""bytes"":[32,34,34],""logprob"":-12.034069061279297,""rank"":5}]"
main,B,R7,430,BADC,1,8,sil,,"[115,105,108]",-0.6785305142402649,1,"[{""token"":""sil"",""token_id"":null,""bytes"":[115,105,108],""logprob"":-0.6785305142402649,""rank"":1},{""token"":""parole"",""token_id"":null,""bytes"":[112,97,114,111,108,101],""logprob"":-0.7165859341621399,""rank"":2},{""token"":""par"",""token_id"":null,""bytes"":[112,97,114],""logprob"":-7.273228645324707,""rank"":3},{""token"":""pare"",""token_id"":null,""bytes"":[112,97,114,101],""logprob"":-8.244132041931152,""rank"":4},{""token"":""s"",""token_id"":null,""bytes"":[115],""logprob"":-8.282027244567871,""rank"":5}]"
main,B,R7,430,BADC,1,9,ence,,"[101,110,99,101]",-9.179157132166438e-06,1,"[{""token"":""ence"",""token_id"":null,""bytes"":[101,110,99,101],""logprob"":-9.179157132166438e-06,""rank"":1},{""token"":""ience"",""token_id"":null,""bytes"":[105,101,110,99,101],""logprob"":-12.033693313598633,""rank"":2},{""token"":""ance"",""token_id"":null,""bytes"":[97,110,99,101],""logprob"":-12.892942428588867,""rank"":3},{""token"":""enc"",""token_id"":null,""bytes"":[101,110,99],""logprob"":-15.13233757019043,""rank"":4},{""token"":""ences"",""token_id"":null,""bytes"":[101,110,99,101,115],""logprob"":-15.992465019226074,""rank"":5}]"
main,B,R7,430,BADC,1,10,""",",,"[34,44]",-0.10652503371238708,1,"[{""token"":""\"","",""token_id"":null,""bytes"":[34,44],""logprob"":-0.10652503371238708,""rank"":1},{""token"":""\"""",""token_id"":null,""bytes"":[34],""logprob"":-2.292224407196045,""rank"":2},{""token"":""\n"",""token_id"":null,""bytes"":[10],""logprob"":-13.167221069335938,""rank"":3},{""token"":""\""."",""token_id"":null,""bytes"":[34,46],""logprob"":-13.745504379272461,""rank"":4},{""token"":""\\\"","",""token_id"":null,""bytes"":[92,34,44],""logprob"":-14.183154106140137,""rank"":5}]"
main,B,R7,430,BADC,1,11,"
",,[10],-4.0531240301788785e-06,1,"[{""token"":""\n"",""token_id"":null,""bytes"":[10],""logprob"":-4.0531240301788785e-06,""rank"":1},{""token"":"" \n"",""token_id"":null,""bytes"":[32,10],""logprob"":-12.90800666809082,""rank"":2},{""token"":"""",""token_id"":null,""bytes"":[],""logprob"":-14.16970443725586,""rank"":3},{""token"":""\n\n"",""token_id"":null,""bytes"":[10,10],""logprob"":-14.509121894836426,""rank"":4},{""token"":"" \"""",""token_id"":null,""bytes"":[32,34],""logprob"":-15.510653495788574,""rank"":5}]"
main,B,R7,430,BADC,1,12, ,,[32],-4.768372718899627e-07,1,"[{""token"":"" "",""token_id"":null,""bytes"":[32],""logprob"":-4.768372718899627e-07,""rank"":1},{""token"":"" \"""",""token_id"":null,""bytes"":[32,34],""logprob"":-15.015575408935547,""rank"":2},{""token"":""  \n"",""token_id"":null,""bytes"":[32,32,10],""logprob"":-15.97124195098877,""rank"":3},{""token"":"" texte"",""token_id"":null,""bytes"":[32,116,101,120,116,101],""logprob"":-17.74969482421875,""rank"":4},{""token"":""   "",""token_id"":null,""bytes"":[32,32,32],""logprob"":-18.280445098876953,""rank"":5}]"
main,B,R7,430,BADC,1,13," """,,"[32,34]",-2.0265599687263602e-06,1,"[{""token"":"" \"""",""token_id"":null,""bytes"":[32,34],""logprob"":-2.0265599687263602e-06,""rank"":1},{""token"":"" \""\"""",""token_id"":null,""bytes"":[32,34,34],""logprob"":-13.223140716552734,""rank"":2},{""token"":"" \""\\\"""",""token_id"":null,""bytes"":[32,34,92,34],""logprob"":-15.966304779052734,""rank"":3},{""token"":"" \""_"",""token_id"":null,""bytes"":[32,34,95],""logprob"":-16.198970794677734,""rank"":4},{""token"":"" \""..."",""token_id"":null,""bytes"":[32,34,46,46,46],""logprob"":-16.936288833618164,""rank"":5}]"
main,B,R7,430,BADC,1,14,texte,,"[116,101,120,116,101]",-0.000649364956188947,1,"[{""token"":""texte"",""token_id"":null,""bytes"":[116,101,120,116,101],""logprob"":-0.000649364956188947,""rank"":1},{""token"":""texto"",""token_id"":null,""bytes"":[116,101,120,116,111],""logprob"":-7.792206764221191,""rank"":2},{""token"":"" texte"",""token_id"":null,""bytes"":[32,116,101,120,116,101],""logprob"":-9.244690895080566,""rank"":3},{""token"":""texture"",""token_id"":null,""bytes"":[116,101,120,116,117,114,101],""logprob"":-10.890830039978027,""rank"":4},{""token"":""text"",""token_id"":null,""bytes"":[116,101,120,116],""logprob"":-11.115731239318848,""rank"":5}]"
main,B,R7,430,BADC,1,15,""":",,"[34,58]",-1.0848104466276709e-05,1,"[{""token"":""\"":"",""token_id"":null,""bytes"":[34,58],""logprob"":-1.0848104466276709e-05,""rank"":1},{""token"":""\"""",""token_id"":null,""bytes"":[34],""logprob"":-11.591935157775879,""rank"":2},{""token"":""\"":\""\"""",""token_id"":null,""bytes"":[34,58,34,34],""logprob"":-13.789422035217285,""rank"":3},{""token"":""\\\"":"",""token_id"":null,""bytes"":[92,34,58],""logprob"":-15.505274772644043,""rank"":4},{""token"":""\"":\"""",""token_id"":null,""bytes"":[34,58,34],""logprob"":-16.480609893798828,""rank"":5}]"
main,B,R7,430,BADC,1,16," """"",,"[32,34,34]",-0.0031248226296156645,1,"[{""token"":"" \""\"""",""token_id"":null,""bytes"":[32,34,34],""logprob"":-0.0031248226296156645,""rank"":1},{""token"":"" \"""",""token_id"":null,""bytes"":[32,34],""logprob"":-6.100138187408447,""rank"":2},{""token"":"" null"",""token_id"":null,""bytes"":[32,110,117,108,108],""logprob"":-7.526052951812744,""rank"":3},{""token"":"" \""\"","",""token_id"":null,""bytes"":[32,34,34,44],""logprob"":-8.518841743469238,""rank"":4},{""token"":"" \""\\\"""",""token_id"":null,""bytes"":[32,34,92,34],""logprob"":-9.442099571228027,""rank"":5}]"
main,B,R7,430,BADC,1,17,"
",,[10],-8.344653679159819e-07,1,"[{""token"":""\n"",""token_id"":null,""bytes"":[10],""logprob"":-8.344653679159819e-07,""rank"":1},{""token"":"""",""token_id"":null,""bytes"":[],""logprob"":-14.898009300231934,""rank"":2},{""token"":"" \n"",""token_id"":null,""bytes"":[32,10],""logprob"":-15.026812553405762,""rank"":3},{""token"":""\n\n"",""token_id"":null,""bytes"":[10,10],""logprob"":-15.510147094726562,""rank"":4},{""token"":""\n\n\n"",""token_id"":null,""bytes"":[10,10,10],""logprob"":-18.452171325683594,""rank"":5}]"
main,B,R7,430,BADC,1,18,},,[125],-2.5033982637978625e-06,1,"[{""token"":""}"",""token_id"":null,""bytes"":[125],""logprob"":-2.5033982637978625e-06,""rank"":1},{""token"":""},"",""token_id"":null,""bytes"":[125,44],""logprob"":-13.412047386169434,""rank"":2},{""token"":""}\"""",""token_id"":null,""bytes"":[125,34],""logprob"":-14.420966148376465,""rank"":3},{""token"":""}'"",""token_id"":null,""bytes"":[125,39],""logprob"":-14.732012748718262,""rank"":4},{""token"":""}`"",""token_id"":null,""bytes"":[125,96],""logprob"":-16.944538116455078,""rank"":5}]"
main,A,R0,430,BADC,2,1,{,,[123],-0.017701268196105957,1,"[{""token"":""{"",""token_id"":null,""bytes"":[123],""logprob"":-0.017701268196105957,""rank"":1},{""token"":""{\"""",""token_id"":null,""bytes"":[123,34],""logprob"":-4.527174949645996,""rank"":2},{""token"":""```"",""token_id"":null,""bytes"":[96,96,96],""logprob"":-5.166430473327637,""rank"":3},{""token"":""{\\"",""token_id"":null,""bytes"":[123,92],""logprob"":-9.290816307067871,""rank"":4},{""token"":""{'"",""token_id"":null,""bytes"":[123,39],""logprob"":-9.338777542114258,""rank"":5}]"
main,A,R0,430,BADC,2,2,"
",,[10],-0.0012813667999580503,1,"[{""token"":""\n"",""token_id"":null,""bytes"":[10],""logprob"":-0.0012813667999580503,""rank"":1},{""token"":"" \"""",""token_id"":null,""bytes"":[32,34],""logprob"":-6.833825588226318,""rank"":2},{""token"":""mode"",""token_id"":null,""bytes"":[109,111,100,101],""logprob"":-8.847938537597656,""rank"":3},{""token"":"" "",""token_id"":null,""bytes"":[32],""logprob"":-10.73855209350586,""rank"":4},{""token"":"" \n"",""token_id"":null,""bytes"":[32,10],""logprob"":-11.28103256225586,""rank"":5}]"
main,A,R0,430,BADC,2,3, ,,[32],-0.00021930952789261937,1,"[{""token"":"" "",""token_id"":null,""bytes"":[32],""logprob"":-0.00021930952789261937,""rank"":1},{""token"":""\"""",""token_id"":null,""bytes"":[34],""logprob"":-8.988393783569336,""rank"":2},{""token"":"" \"""",""token_id"":null,""bytes"":[32,34],""logprob"":-9.370800018310547,""rank"":3},{""token"":""  \n"",""token_id"":null,""bytes"":[32,32,10],""logprob"":-13.117914199829102,""rank"":4},{""token"":""\""text"",""token_id"":null,""bytes"":[34,116,101,120,116],""logprob"":-13.223142623901367,""rank"":5}]"
main,A,R0,430,BADC,2,4," """,,"[32,34]",-3.814704541582614e-06,1,"[{""token"":"" \"""",""token_id"":null,""bytes"":[32,34],""logprob"":-3.814704541582614e-06,""rank"":1},{""token"":"" \""_"",""token_id"":null,""bytes"":[32,34,95],""logprob"":-13.24009895324707,""rank"":2},{""token"":"" \""\\\"""",""token_id"":null,""bytes"":[32,34,92,34],""logprob"":-13.954038619995117,""rank"":3},{""token"":"" mode"",""token_id"":null,""bytes"":[32,109,111,100,101],""logprob"":-15.210006713867188,""rank"":4},{""token"":"" \""__"",""token_id"":null,""bytes"":[32,34,95,95],""logprob"":-15.355708122253418,""rank"":5}]"
main,A,R0,430,BADC,2,5,mode,,"[109,111,100,101]",-0.00011563969746930525,1,"[{""token"":""mode"",""token_id"":null,""bytes"":[109,111,100,101],""logprob"":-0.00011563969746930525,""rank"":1},{""token"":""texte"",""token_id"":null,""bytes"":[116,101,120,116,101],""logprob"":-9.487587928771973,""rank"":2},{""token"":""\tmode"",""token_id"":null,""bytes"":[9,109,111,100,101],""logprob"":-12.448882102966309,""rank"":3},{""token"":""message"",""token_id"":null,""bytes"":[109,101,115,115,97,103,101],""logprob"":-12.675307273864746,""rank"":4},{""token"":""type"",""token_id"":null,""bytes"":[116,121,112,101],""logprob"":-12.780400276184082,""rank"":5}]"
main,A,R0,430,BADC,2,6,""":",,"[34,58]",-5.960482212685747e-06,1,"[{""token"":""\"":"",""token_id"":null,""bytes"":[34,58],""logprob"":-5.960482212685747e-06,""rank"":1},{""token"":""\"":\"""",""token_id"":null,""bytes"":[34,58,34],""logprob"":-12.405611038208008,""rank"":2},{""token"":""\"""",""token_id"":null,""bytes"":[34],""logprob"":-13.86256217956543,""rank"":3},{""token"":""\"","",""token_id"":null,""bytes"":[34,44],""logprob"":-14.75390625,""rank"":4},{""token"":""':"",""token_id"":null,""bytes"":[39,58],""logprob"":-15.401510238647461,""rank"":5}]"
main,A,R0,430,BADC,2,7," """,,"[32,34]",-6.878612475702539e-05,1,"[{""token"":"" \"""",""token_id"":null,""bytes"":[32,34],""logprob"":-6.878612475702539e-05,""rank"":1},{""token"":"" \""\"","",""token_id"":null,""bytes"":[32,34,34,44],""logprob"":-11.401308059692383,""rank"":2},{""token"":"" \""..."",""token_id"":null,""bytes"":[32,34,46,46,46],""logprob"":-11.616853713989258,""rank"":3},{""token"":"" parole"",""token_id"":null,""bytes"":[32,112,97,114,111,108,101],""logprob"":-11.877944946289062,""rank"":4},{""token"":"" \""\"""",""token_id"":null,""bytes"":[32,34,34],""logprob"":-12.042781829833984,""rank"":5}]"
main,A,R0,430,BADC,2,8,sil,,"[115,105,108]",-0.6829010248184204,1,"[{""token"":""sil"",""token_id"":null,""bytes"":[115,105,108],""logprob"":-0.6829010248184204,""rank"":1},{""token"":""parole"",""token_id"":null,""bytes"":[112,97,114,111,108,101],""logprob"":-0.7116065621376038,""rank"":2},{""token"":""par"",""token_id"":null,""bytes"":[112,97,114],""logprob"":-7.376031398773193,""rank"":3},{""token"":""pare"",""token_id"":null,""bytes"":[112,97,114,101],""logprob"":-8.316965103149414,""rank"":4},{""token"":""s"",""token_id"":null,""bytes"":[115],""logprob"":-8.35165786743164,""rank"":5}]"
main,A,R0,430,BADC,2,9,ence,,"[101,110,99,101]",-1.0728893357736524e-05,1,"[{""token"":""ence"",""token_id"":null,""bytes"":[101,110,99,101],""logprob"":-1.0728893357736524e-05,""rank"":1},{""token"":""ience"",""token_id"":null,""bytes"":[105,101,110,99,101],""logprob"":-11.881476402282715,""rank"":2},{""token"":""ance"",""token_id"":null,""bytes"":[97,110,99,101],""logprob"":-12.749621391296387,""rank"":3},{""token"":""enc"",""token_id"":null,""bytes"":[101,110,99],""logprob"":-15.021140098571777,""rank"":4},{""token"":""\"","",""token_id"":null,""bytes"":[34,44],""logprob"":-15.82038402557373,""rank"":5}]"
main,A,R0,430,BADC,2,10,""",",,"[34,44]",-0.10400095582008362,1,"[{""token"":""\"","",""token_id"":null,""bytes"":[34,44],""logprob"":-0.10400095582008362,""rank"":1},{""token"":""\"""",""token_id"":null,""bytes"":[34],""logprob"":-2.3149843215942383,""rank"":2},{""token"":""\n"",""token_id"":null,""bytes"":[10],""logprob"":-12.798715591430664,""rank"":3},{""token"":""\""."",""token_id"":null,""bytes"":[34,46],""logprob"":-13.602818489074707,""rank"":4},{""token"":""\\\"","",""token_id"":null,""bytes"":[92,34,44],""logprob"":-14.086886405944824,""rank"":5}]"
main,A,R0,430,BADC,2,11,"
",,[10],-4.529963462118758e-06,1,"[{""token"":""\n"",""token_id"":null,""bytes"":[10],""logprob"":-4.529963462118758e-06,""rank"":1},{""token"":"" \n"",""token_id"":null,""bytes"":[32,10],""logprob"":-12.82629108428955,""rank"":2},{""token"":"""",""token_id"":null,""bytes"":[],""logprob"":-14.03629207611084,""rank"":3},{""token"":""\n\n"",""token_id"":null,""bytes"":[10,10],""logprob"":-14.489842414855957,""rank"":4},{""token"":"" \"""",""token_id"":null,""bytes"":[32,34],""logprob"":-15.350348472595215,""rank"":5}]"
main,A,R0,430,BADC,2,12, ,,[32],-4.768372718899627e-07,1,"[{""token"":"" "",""token_id"":null,""bytes"":[32],""logprob"":-4.768372718899627e-07,""rank"":1},{""token"":"" \"""",""token_id"":null,""bytes"":[32,34],""logprob"":-14.830775260925293,""rank"":2},{""token"":""  \n"",""token_id"":null,""bytes"":[32,32,10],""logprob"":-15.846244812011719,""rank"":3},{""token"":"" texte"",""token_id"":null,""bytes"":[32,116,101,120,116,101],""logprob"":-17.57489776611328,""rank"":4},{""token"":""\"":"",""token_id"":null,""bytes"":[34,58],""logprob"":-17.85828399658203,""rank"":5}]"
main,A,R0,430,BADC,2,13," """,,"[32,34]",-2.7418175250204513e-06,1,"[{""token"":"" \"""",""token_id"":null,""bytes"":[32,34],""logprob"":-2.7418175250204513e-06,""rank"":1},{""token"":"" \""\"""",""token_id"":null,""bytes"":[32,34,34],""logprob"":-12.913479804992676,""rank"":2},{""token"":"" \""\\\"""",""token_id"":null,""bytes"":[32,34,92,34],""logprob"":-15.69869327545166,""rank"":3},{""token"":"" \""_"",""token_id"":null,""bytes"":[32,34,95],""logprob"":-16.026199340820312,""rank"":4},{""token"":"" \""."",""token_id"":null,""bytes"":[32,34,46],""logprob"":-16.689477920532227,""rank"":5}]"
main,A,R0,430,BADC,2,14,texte,,"[116,101,120,116,101]",-0.0006296828505583107,1,"[{""token"":""texte"",""token_id"":null,""bytes"":[116,101,120,116,101],""logprob"":-0.0006296828505583107,""rank"":1},{""token"":""texto"",""token_id"":null,""bytes"":[116,101,120,116,111],""logprob"":-7.841743469238281,""rank"":2},{""token"":"" texte"",""token_id"":null,""bytes"":[32,116,101,120,116,101],""logprob"":-9.23090934753418,""rank"":3},{""token"":""texture"",""token_id"":null,""bytes"":[116,101,120,116,117,114,101],""logprob"":-10.990337371826172,""rank"":4},{""token"":""liste"",""token_id"":null,""bytes"":[108,105,115,116,101],""logprob"":-11.11802864074707,""rank"":5}]"
main,A,R0,430,BADC,2,15,""":",,"[34,58]",-9.775209946383256e-06,1,"[{""token"":""\"":"",""token_id"":null,""bytes"":[34,58],""logprob"":-9.775209946383256e-06,""rank"":1},{""token"":""\"""",""token_id"":null,""bytes"":[34],""logprob"":-11.71143913269043,""rank"":2},{""token"":""\"":\""\"""",""token_id"":null,""bytes"":[34,58,34,34],""logprob"":-13.73509407043457,""rank"":3},{""token"":""\\\"":"",""token_id"":null,""bytes"":[92,34,58],""logprob"":-15.427671432495117,""rank"":4},{""token"":""\"":\"""",""token_id"":null,""bytes"":[34,58,34],""logprob"":-16.406694412231445,""rank"":5}]"
main,A,R0,430,BADC,2,16," """"",,"[32,34,34]",-0.0034958957694470882,1,"[{""token"":"" \""\"""",""token_id"":null,""bytes"":[32,34,34],""logprob"":-0.0034958957694470882,""rank"":1},{""token"":"" \"""",""token_id"":null,""bytes"":[32,34],""logprob"":-5.9778056144714355,""rank"":2},{""token"":"" null"",""token_id"":null,""bytes"":[32,110,117,108,108],""logprob"":-7.4228434562683105,""rank"":3},{""token"":"" \""\"","",""token_id"":null,""bytes"":[32,34,34,44],""logprob"":-8.4609375,""rank"":4},{""token"":"" \""\\\"""",""token_id"":null,""bytes"":[32,34,92,34],""logprob"":-9.420413970947266,""rank"":5}]"
main,A,R0,430,BADC,2,17,"
",,[10],-9.536747711536009e-07,1,"[{""token"":""\n"",""token_id"":null,""bytes"":[10],""logprob"":-9.536747711536009e-07,""rank"":1},{""token"":"""",""token_id"":null,""bytes"":[],""logprob"":-14.770174026489258,""rank"":2},{""token"":"" \n"",""token_id"":null,""bytes"":[32,10],""logprob"":-14.94002914428711,""rank"":3},{""token"":""\n\n"",""token_id"":null,""bytes"":[10,10],""logprob"":-15.378928184509277,""rank"":4},{""token"":""\n\n\n"",""token_id"":null,""bytes"":[10,10,10],""logprob"":-18.373306274414062,""rank"":5}]"
main,A,R0,430,BADC,2,18,},,[125],-2.5033982637978625e-06,1,"[{""token"":""}"",""token_id"":null,""bytes"":[125],""logprob"":-2.5033982637978625e-06,""rank"":1},{""token"":""},"",""token_id"":null,""bytes"":[125,44],""logprob"":-13.417893409729004,""rank"":2},{""token"":""}\"""",""token_id"":null,""bytes"":[125,34],""logprob"":-14.308489799499512,""rank"":3},{""token"":""}'"",""token_id"":null,""bytes"":[125,39],""logprob"":-14.59435749053955,""rank"":4},{""token"":""}`"",""token_id"":null,""bytes"":[125,96],""logprob"":-16.7717342376709,""rank"":5}]"
main,D,K7,430,BADC,3,1,{,,[123],-0.019648456946015358,1,"[{""token"":""{"",""token_id"":null,""bytes"":[123],""logprob"":-0.019648456946015358,""rank"":1},{""token"":""{\"""",""token_id"":null,""bytes"":[123,34],""logprob"":-4.364804267883301,""rank"":2},{""token"":""```"",""token_id"":null,""bytes"":[96,96,96],""logprob"":-5.162684440612793,""rank"":3},{""token"":""{\\"",""token_id"":null,""bytes"":[123,92],""logprob"":-9.366595268249512,""rank"":4},{""token"":""{'"",""token_id"":null,""bytes"":[123,39],""logprob"":-9.472453117370605,""rank"":5}]"
main,D,K7,430,BADC,3,2,"
",,[10],-0.001262209378182888,1,"[{""token"":""\n"",""token_id"":null,""bytes"":[10],""logprob"":-0.001262209378182888,""rank"":1},{""token"":"" \"""",""token_id"":null,""bytes"":[32,34],""logprob"":-6.884255886077881,""rank"":2},{""token"":""mode"",""token_id"":null,""bytes"":[109,111,100,101],""logprob"":-8.65310287475586,""rank"":3},{""token"":"" "",""token_id"":null,""bytes"":[32],""logprob"":-10.568531036376953,""rank"":4},{""token"":"" \n"",""token_id"":null,""bytes"":[32,10],""logprob"":-11.43088150024414,""rank"":5}]"
main,D,K7,430,BADC,3,3, ,,[32],-0.0002571078948676586,1,"[{""token"":"" "",""token_id"":null,""bytes"":[32],""logprob"":-0.0002571078948676586,""rank"":1},{""token"":""\"""",""token_id"":null,""bytes"":[34],""logprob"":-8.83296012878418,""rank"":2},{""token"":"" \"""",""token_id"":null,""bytes"":[32,34],""logprob"":-9.205730438232422,""rank"":3},{""token"":""\""text"",""token_id"":null,""bytes"":[34,116,101,120,116],""logprob"":-13.042868614196777,""rank"":4},{""token"":""  \n"",""token_id"":null,""bytes"":[32,32,10],""logprob"":-13.055774688720703,""rank"":5}]"
main,D,K7,430,BADC,3,4," """,,"[32,34]",-5.1260126383567695e-06,1,"[{""token"":"" \"""",""token_id"":null,""bytes"":[32,34],""logprob"":-5.1260126383567695e-06,""rank"":1},{""token"":"" \""_"",""token_id"":null,""bytes"":[32,34,95],""logprob"":-12.858902931213379,""rank"":2},{""token"":"" \""\\\"""",""token_id"":null,""bytes"":[32,34,92,34],""logprob"":-13.873766899108887,""rank"":3},{""token"":"" mode"",""token_id"":null,""bytes"":[32,109,111,100,101],""logprob"":-14.700273513793945,""rank"":4},{""token"":"" \""__"",""token_id"":null,""bytes"":[32,34,95,95],""logprob"":-15.031352996826172,""rank"":5}]"
main,D,K7,430,BADC,3,5,mode,,"[109,111,100,101]",-0.00010383668268332258,1,"[{""token"":""mode"",""token_id"":null,""bytes"":[109,111,100,101],""logprob"":-0.00010383668268332258,""rank"":1},{""token"":""texte"",""token_id"":null,""bytes"":[116,101,120,116,101],""logprob"":-9.640795707702637,""rank"":2},{""token"":""\tmode"",""token_id"":null,""bytes"":[9,109,111,100,101],""logprob"":-12.447422981262207,""rank"":3},{""token"":""message"",""token_id"":null,""bytes"":[109,101,115,115,97,103,101],""logprob"":-12.718585014343262,""rank"":4},{""token"":""type"",""token_id"":null,""bytes"":[116,121,112,101],""logprob"":-12.868250846862793,""rank"":5}]"
main,D,K7,430,BADC,3,6,""":",,"[34,58]",-5.960482212685747e-06,1,"[{""token"":""\"":"",""token_id"":null,""bytes"":[34,58],""logprob"":-5.960482212685747e-06,""rank"":1},{""token"":""\"":\"""",""token_id"":null,""bytes"":[34,58,34],""logprob"":-12.444189071655273,""rank"":2},{""token"":""\"""",""token_id"":null,""bytes"":[34],""logprob"":-13.91639518737793,""rank"":3},{""token"":""\"","",""token_id"":null,""bytes"":[34,44],""logprob"":-14.644887924194336,""rank"":4},{""token"":""':"",""token_id"":null,""bytes"":[39,58],""logprob"":-15.362749099731445,""rank"":5}]"
main,D,K7,430,BADC,3,7," """,,"[32,34]",-7.009752152953297e-05,1,"[{""token"":"" \"""",""token_id"":null,""bytes"":[32,34],""logprob"":-7.009752152953297e-05,""rank"":1},{""token"":"" \""\"","",""token_id"":null,""bytes"":[32,34,34,44],""logprob"":-11.385831832885742,""rank"":2},{""token"":"" \""..."",""token_id"":null,""bytes"":[32,34,46,46,46],""logprob"":-11.577933311462402,""rank"":3},{""token"":"" parole"",""token_id"":null,""bytes"":[32,112,97,114,111,108,101],""logprob"":-11.88742446899414,""rank"":4},{""token"":"" \""\"""",""token_id"":null,""bytes"":[32,34,34],""logprob"":-12.021692276000977,""rank"":5}]"
main,D,K7,430,BADC,3,8,sil,,"[115,105,108]",-0.5934948325157166,1,"[{""token"":""sil"",""token_id"":null,""bytes"":[115,105,108],""logprob"":-0.5934948325157166,""rank"":1},{""token"":""parole"",""token_id"":null,""bytes"":[112,97,114,111,108,101],""logprob"":-0.8133338689804077,""rank"":2},{""token"":""par"",""token_id"":null,""bytes"":[112,97,114],""logprob"":-7.302597522735596,""rank"":3},{""token"":""pare"",""token_id"":null,""bytes"":[112,97,114,101],""logprob"":-8.257190704345703,""rank"":4},{""token"":""s"",""token_id"":null,""bytes"":[115],""logprob"":-8.34564208984375,""rank"":5}]"
main,D,K7,430,BADC,3,9,ence,,"[101,110,99,101]",-9.775209946383256e-06,1,"[{""token"":""ence"",""token_id"":null,""bytes"":[101,110,99,101],""logprob"":-9.775209946383256e-06,""rank"":1},{""token"":""ience"",""token_id"":null,""bytes"":[105,101,110,99,101],""logprob"":-11.974973678588867,""rank"":2},{""token"":""ance"",""token_id"":null,""bytes"":[97,110,99,101],""logprob"":-12.842367172241211,""rank"":3},{""token"":""enc"",""token_id"":null,""bytes"":[101,110,99],""logprob"":-15.266870498657227,""rank"":4},{""token"":""ences"",""token_id"":null,""bytes"":[101,110,99,101,115],""logprob"":-16.035558700561523,""rank"":5}]"
main,D,K7,430,BADC,3,10,""",",,"[34,44]",-0.11132138222455978,1,"[{""token"":""\"","",""token_id"":null,""bytes"":[34,44],""logprob"":-0.11132138222455978,""rank"":1},{""token"":""\"""",""token_id"":null,""bytes"":[34],""logprob"":-2.2505369186401367,""rank"":2},{""token"":""\n"",""token_id"":null,""bytes"":[10],""logprob"":-12.997644424438477,""rank"":3},{""token"":""\""."",""token_id"":null,""bytes"":[34,46],""logprob"":-13.728401184082031,""rank"":4},{""token"":""\\\"","",""token_id"":null,""bytes"":[92,34,44],""logprob"":-14.240416526794434,""rank"":5}]"
main,D,K7,430,BADC,3,11,"
",,[10],-3.57628505298635e-06,1,"[{""token"":""\n"",""token_id"":null,""bytes"":[10],""logprob"":-3.57628505298635e-06,""rank"":1},{""token"":"" \n"",""token_id"":null,""bytes"":[32,10],""logprob"":-13.045957565307617,""rank"":2},{""token"":"""",""token_id"":null,""bytes"":[],""logprob"":-14.220623016357422,""rank"":3},{""token"":""\n\n"",""token_id"":null,""bytes"":[10,10],""logprob"":-14.449294090270996,""rank"":4},{""token"":"" \"""",""token_id"":null,""bytes"":[32,34],""logprob"":-15.582581520080566,""rank"":5}]"
main,D,K7,430,BADC,3,12, ,,[32],-4.768372718899627e-07,1,"[{""token"":"" "",""token_id"":null,""bytes"":[32],""logprob"":-4.768372718899627e-07,""rank"":1},{""token"":"" \"""",""token_id"":null,""bytes"":[32,34],""logprob"":-14.934100151062012,""rank"":2},{""token"":""  \n"",""token_id"":null,""bytes"":[32,32,10],""logprob"":-15.774998664855957,""rank"":3},{""token"":"" texte"",""token_id"":null,""bytes"":[32,116,101,120,116,101],""logprob"":-17.64464569091797,""rank"":4},{""token"":""\"":"",""token_id"":null,""bytes"":[34,58],""logprob"":-17.890995025634766,""rank"":5}]"
main,D,K7,430,BADC,3,13," """,,"[32,34]",-2.0265599687263602e-06,1,"[{""token"":"" \"""",""token_id"":null,""bytes"":[32,34],""logprob"":-2.0265599687263602e-06,""rank"":1},{""token"":"" \""\"""",""token_id"":null,""bytes"":[32,34,34],""logprob"":-13.254087448120117,""rank"":2},{""token"":"" \""\\\"""",""token_id"":null,""bytes"":[32,34,92,34],""logprob"":-16.043081283569336,""rank"":3},{""token"":"" \""_"",""token_id"":null,""bytes"":[32,34,95],""logprob"":-16.407825469970703,""rank"":4},{""token"":"" \""."",""token_id"":null,""bytes"":[32,34,46],""logprob"":-16.942138671875,""rank"":5}]"
main,D,K7,430,BADC,3,14,texte,,"[116,101,120,116,101]",-0.0006448320928029716,1,"[{""token"":""texte"",""token_id"":null,""bytes"":[116,101,120,116,101],""logprob"":-0.0006448320928029716,""rank"":1},{""token"":""texto"",""token_id"":null,""bytes"":[116,101,120,116,111],""logprob"":-7.806743621826172,""rank"":2},{""token"":"" texte"",""token_id"":null,""bytes"":[32,116,101,120,116,101],""logprob"":-9.280204772949219,""rank"":3},{""token"":""texture"",""token_id"":null,""bytes"":[116,101,120,116,117,114,101],""logprob"":-10.911214828491211,""rank"":4},{""token"":""text"",""token_id"":null,""bytes"":[116,101,120,116],""logprob"":-11.027225494384766,""rank"":5}]"
main,D,K7,430,BADC,3,15,""":",,"[34,58]",-9.179157132166438e-06,1,"[{""token"":""\"":"",""token_id"":null,""bytes"":[34,58],""logprob"":-9.179157132166438e-06,""rank"":1},{""token"":""\"""",""token_id"":null,""bytes"":[34],""logprob"":-11.782276153564453,""rank"":2},{""token"":""\"":\""\"""",""token_id"":null,""bytes"":[34,58,34,34],""logprob"":-13.713590621948242,""rank"":3},{""token"":""\\\"":"",""token_id"":null,""bytes"":[92,34,58],""logprob"":-15.420682907104492,""rank"":4},{""token"":""\"":\"""",""token_id"":null,""bytes"":[34,58,34],""logprob"":-16.319738388061523,""rank"":5}]"
main,D,K7,430,BADC,3,16," """"",,"[32,34,34]",-0.0032456680200994015,1,"[{""token"":"" \""\"""",""token_id"":null,""bytes"":[32,34,34],""logprob"":-0.0032456680200994015,""rank"":1},{""token"":"" \"""",""token_id"":null,""bytes"":[32,34],""logprob"":-6.055448055267334,""rank"":2},{""token"":"" null"",""token_id"":null,""bytes"":[32,110,117,108,108],""logprob"":-7.501000881195068,""rank"":3},{""token"":"" \""\"","",""token_id"":null,""bytes"":[32,34,34,44],""logprob"":-8.500384330749512,""rank"":4},{""token"":"" \""\\\"""",""token_id"":null,""bytes"":[32,34,92,34],""logprob"":-9.465580940246582,""rank"":5}]"
main,D,K7,430,BADC,3,17,"
",,[10],-8.344653679159819e-07,1,"[{""token"":""\n"",""token_id"":null,""bytes"":[10],""logprob"":-8.344653679159819e-07,""rank"":1},{""token"":"""",""token_id"":null,""bytes"":[],""logprob"":-14.713308334350586,""rank"":2},{""token"":"" \n"",""token_id"":null,""bytes"":[32,10],""logprob"":-15.195917129516602,""rank"":3},{""token"":""\n\n"",""token_id"":null,""bytes"":[10,10],""logprob"":-15.342458724975586,""rank"":4},{""token"":""\n\n\n"",""token_id"":null,""bytes"":[10,10,10],""logprob"":-18.374958038330078,""rank"":5}]"
main,D,K7,430,BADC,3,18,},,[125],-2.622607780722319e-06,1,"[{""token"":""}"",""token_id"":null,""bytes"":[125],""logprob"":-2.622607780722319e-06,""rank"":1},{""token"":""},"",""token_id"":null,""bytes"":[125,44],""logprob"":-13.304072380065918,""rank"":2},{""token"":""}\"""",""token_id"":null,""bytes"":[125,34],""logprob"":-14.436419486999512,""rank"":3},{""token"":""}'"",""token_id"":null,""bytes"":[125,39],""logprob"":-14.71263599395752,""rank"":4},{""token"":"""",""token_id"":null,""bytes"":[],""logprob"":-16.880449295043945,""rank"":5}]"
main,C,K0,430,BADC,4,1,{,,[123],-0.022347530350089073,1,"[{""token"":""{"",""token_id"":null,""bytes"":[123],""logprob"":-0.022347530350089073,""rank"":1},{""token"":""{\"""",""token_id"":null,""bytes"":[123,34],""logprob"":-4.103880882263184,""rank"":2},{""token"":""```"",""token_id"":null,""bytes"":[96,96,96],""logprob"":-5.384608268737793,""rank"":3},{""token"":""{\\\"""",""token_id"":null,""bytes"":[123,92,34],""logprob"":-9.20559310913086,""rank"":4},{""token"":""{}"",""token_id"":null,""bytes"":[123,125],""logprob"":-9.365748405456543,""rank"":5}]"
main,C,K0,430,BADC,4,2,"
",,[10],-0.0010407617082819343,1,"[{""token"":""\n"",""token_id"":null,""bytes"":[10],""logprob"":-0.0010407617082819343,""rank"":1},{""token"":"" \"""",""token_id"":null,""bytes"":[32,34],""logprob"":-7.071502208709717,""rank"":2},{""token"":""mode"",""token_id"":null,""bytes"":[109,111,100,101],""logprob"":-8.883734703063965,""rank"":3},{""token"":"" "",""token_id"":null,""bytes"":[32],""logprob"":-10.773819923400879,""rank"":4},{""token"":"" \n"",""token_id"":null,""bytes"":[32,10],""logprob"":-11.489826202392578,""rank"":5}]"
main,C,K0,430,BADC,4,3, ,,[32],-0.00021775947243440896,1,"[{""token"":"" "",""token_id"":null,""bytes"":[32],""logprob"":-0.00021775947243440896,""rank"":1},{""token"":""\"""",""token_id"":null,""bytes"":[34],""logprob"":-9.088756561279297,""rank"":2},{""token"":"" \"""",""token_id"":null,""bytes"":[32,34],""logprob"":-9.261333465576172,""rank"":3},{""token"":""\""text"",""token_id"":null,""bytes"":[34,116,101,120,116],""logprob"":-13.031827926635742,""rank"":4},{""token"":""  \n"",""token_id"":null,""bytes"":[32,32,10],""logprob"":-13.105371475219727,""rank"":5}]"
main,C,K0,430,BADC,4,4," """,,"[32,34]",-3.218656047465629e-06,1,"[{""token"":"" \"""",""token_id"":null,""bytes"":[32,34],""logprob"":-3.218656047465629e-06,""rank"":1},{""token"":"" \""_"",""token_id"":null,""bytes"":[32,34,95],""logprob"":-13.295794486999512,""rank"":2},{""token"":"" \""\\\"""",""token_id"":null,""bytes"":[32,34,92,34],""logprob"":-14.324239730834961,""rank"":3},{""token"":"" mode"",""token_id"":null,""bytes"":[32,109,111,100,101],""logprob"":-15.079508781433105,""rank"":4},{""token"":"" \""__"",""token_id"":null,""bytes"":[32,34,95,95],""logprob"":-15.397425651550293,""rank"":5}]"
main,C,K0,430,BADC,4,5,mode,,"[109,111,100,101]",-0.00011695115244947374,1,"[{""token"":""mode"",""token_id"":null,""bytes"":[109,111,100,101],""logprob"":-0.00011695115244947374,""rank"":1},{""token"":""texte"",""token_id"":null,""bytes"":[116,101,120,116,101],""logprob"":-9.467223167419434,""rank"":2},{""token"":""\tmode"",""token_id"":null,""bytes"":[9,109,111,100,101],""logprob"":-12.454880714416504,""rank"":3},{""token"":""message"",""token_id"":null,""bytes"":[109,101,115,115,97,103,101],""logprob"":-12.663521766662598,""rank"":4},{""token"":""type"",""token_id"":null,""bytes"":[116,121,112,101],""logprob"":-12.774247169494629,""rank"":5}]"
main,C,K0,430,BADC,4,6,""":",,"[34,58]",-5.722062269342132e-06,1,"[{""token"":""\"":"",""token_id"":null,""bytes"":[34,58],""logprob"":-5.722062269342132e-06,""rank"":1},{""token"":""\"":\"""",""token_id"":null,""bytes"":[34,58,34],""logprob"":-12.455028533935547,""rank"":2},{""token"":""\"""",""token_id"":null,""bytes"":[34],""logprob"":-14.045772552490234,""rank"":3},{""token"":""\"","",""token_id"":null,""bytes"":[34,44],""logprob"":-14.704669952392578,""rank"":4},{""token"":""':"",""token_id"":null,""bytes"":[39,58],""logprob"":-15.434219360351562,""rank"":5}]"
main,C,K0,430,BADC,4,7," """,,"[32,34]",-6.580569606740028e-05,1,"[{""token"":"" \"""",""token_id"":null,""bytes"":[32,34],""logprob"":-6.580569606740028e-05,""rank"":1},{""token"":"" \""\"","",""token_id"":null,""bytes"":[32,34,34,44],""logprob"":-11.462050437927246,""rank"":2},{""token"":"" \""..."",""token_id"":null,""bytes"":[32,34,46,46,46],""logprob"":-11.589383125305176,""rank"":3},{""token"":"" parole"",""token_id"":null,""bytes"":[32,112,97,114,111,108,101],""logprob"":-11.91740894317627,""rank"":4},{""token"":"" \""\"""",""token_id"":null,""bytes"":[32,34,34],""logprob"":-12.049454689025879,""rank"":5}]"
main,C,K0,430,BADC,4,8,sil,,"[115,105,108]",-0.6199643015861511,1,"[{""token"":""sil"",""token_id"":null,""bytes"":[115,105,108],""logprob"":-0.6199643015861511,""rank"":1},{""token"":""parole"",""token_id"":null,""bytes"":[112,97,114,111,108,101],""logprob"":-0.7807443141937256,""rank"":2},{""token"":""par"",""token_id"":null,""bytes"":[112,97,114],""logprob"":-7.385531902313232,""rank"":3},{""token"":"" parole"",""token_id"":null,""bytes"":[32,112,97,114,111,108,101],""logprob"":-8.325679779052734,""rank"":4},{""token"":""pare"",""token_id"":null,""bytes"":[112,97,114,101],""logprob"":-8.352705001831055,""rank"":5}]"
main,C,K0,430,BADC,4,9,ence,,"[101,110,99,101]",-9.775209946383256e-06,1,"[{""token"":""ence"",""token_id"":null,""bytes"":[101,110,99,101],""logprob"":-9.775209946383256e-06,""rank"":1},{""token"":""ience"",""token_id"":null,""bytes"":[105,101,110,99,101],""logprob"":-11.912710189819336,""rank"":2},{""token"":""ance"",""token_id"":null,""bytes"":[97,110,99,101],""logprob"":-12.932533264160156,""rank"":3},{""token"":""enc"",""token_id"":null,""bytes"":[101,110,99],""logprob"":-15.216045379638672,""rank"":4},{""token"":""\"","",""token_id"":null,""bytes"":[34,44],""logprob"":-16.03968620300293,""rank"":5}]"
main,C,K0,430,BADC,4,10,""",",,"[34,44]",-0.10642677545547485,1,"[{""token"":""\"","",""token_id"":null,""bytes"":[34,44],""logprob"":-0.10642677545547485,""rank"":1},{""token"":""\"""",""token_id"":null,""bytes"":[34],""logprob"":-2.293093204498291,""rank"":2},{""token"":""\n"",""token_id"":null,""bytes"":[10],""logprob"":-13.433211326599121,""rank"":3},{""token"":""\""."",""token_id"":null,""bytes"":[34,46],""logprob"":-13.752901077270508,""rank"":4},{""token"":""\\\"","",""token_id"":null,""bytes"":[92,34,44],""logprob"":-14.33447265625,""rank"":5}]"
main,C,K0,430,BADC,4,11,"
",,[10],-3.337865791763761e-06,1,"[{""token"":""\n"",""token_id"":null,""bytes"":[10],""logprob"":-3.337865791763761e-06,""rank"":1},{""token"":"" \n"",""token_id"":null,""bytes"":[32,10],""logprob"":-13.107783317565918,""rank"":2},{""token"":"""",""token_id"":null,""bytes"":[],""logprob"":-14.255763053894043,""rank"":3},{""token"":""\n\n"",""token_id"":null,""bytes"":[10,10],""logprob"":-14.601638793945312,""rank"":4},{""token"":"" \"""",""token_id"":null,""bytes"":[32,34],""logprob"":-15.553372383117676,""rank"":5}]"
main,C,K0,430,BADC,4,12, ,,[32],-4.768372718899627e-07,1,"[{""token"":"" "",""token_id"":null,""bytes"":[32],""logprob"":-4.768372718899627e-07,""rank"":1},{""token"":"" \"""",""token_id"":null,""bytes"":[32,34],""logprob"":-14.94283676147461,""rank"":2},{""token"":""  \n"",""token_id"":null,""bytes"":[32,32,10],""logprob"":-16.096988677978516,""rank"":3},{""token"":"" texte"",""token_id"":null,""bytes"":[32,116,101,120,116,101],""logprob"":-17.702526092529297,""rank"":4},{""token"":""\"":"",""token_id"":null,""bytes"":[34,58],""logprob"":-18.022602081298828,""rank"":5}]"
main,C,K0,430,BADC,4,13," """,,"[32,34]",-1.3113030945532955e-06,1,"[{""token"":"" \"""",""token_id"":null,""bytes"":[32,34],""logprob"":-1.3113030945532955e-06,""rank"":1},{""token"":"" \""\"""",""token_id"":null,""bytes"":[32,34,34],""logprob"":-13.740971565246582,""rank"":2},{""token"":"" \""\\\"""",""token_id"":null,""bytes"":[32,34,92,34],""logprob"":-16.369064331054688,""rank"":3},{""token"":"" \""."",""token_id"":null,""bytes"":[32,34,46],""logprob"":-16.59925079345703,""rank"":4},{""token"":"" \""_"",""token_id"":null,""bytes"":[32,34,95],""logprob"":-16.92404556274414,""rank"":5}]"
main,C,K0,430,BADC,4,14,texte,,"[116,101,120,116,101]",-0.000701315701007843,1,"[{""token"":""texte"",""token_id"":null,""bytes"":[116,101,120,116,101],""logprob"":-0.000701315701007843,""rank"":1},{""token"":""texto"",""token_id"":null,""bytes"":[116,101,120,116,111],""logprob"":-7.710988521575928,""rank"":2},{""token"":"" texte"",""token_id"":null,""bytes"":[32,116,101,120,116,101],""logprob"":-9.253518104553223,""rank"":3},{""token"":""texture"",""token_id"":null,""bytes"":[116,101,120,116,117,114,101],""logprob"":-10.663298606872559,""rank"":4},{""token"":""text"",""token_id"":null,""bytes"":[116,101,120,116],""logprob"":-10.913947105407715,""rank"":5}]"
main,C,K0,430,BADC,4,15,""":",,"[34,58]",-1.025205165205989e-05,1,"[{""token"":""\"":"",""token_id"":null,""bytes"":[34,58],""logprob"":-1.025205165205989e-05,""rank"":1},{""token"":""\"""",""token_id"":null,""bytes"":[34],""logprob"":-11.64643383026123,""rank"":2},{""token"":""\"":\""\"""",""token_id"":null,""bytes"":[34,58,34,34],""logprob"":-13.708300590515137,""rank"":3},{""token"":""\\\"":"",""token_id"":null,""bytes"":[92,34,58],""logprob"":-15.41968059539795,""rank"":4},{""token"":""\"":\"""",""token_id"":null,""bytes"":[34,58,34],""logprob"":-16.462614059448242,""rank"":5}]"
main,C,K0,430,BADC,4,16," """"",,"[32,34,34]",-0.0032841789070516825,1,"[{""token"":"" \""\"""",""token_id"":null,""bytes"":[32,34,34],""logprob"":-0.0032841789070516825,""rank"":1},{""token"":"" \"""",""token_id"":null,""bytes"":[32,34],""logprob"":-6.025295257568359,""rank"":2},{""token"":"" null"",""token_id"":null,""bytes"":[32,110,117,108,108],""logprob"":-7.520589351654053,""rank"":3},{""token"":"" \""\"","",""token_id"":null,""bytes"":[32,34,34,44],""logprob"":-8.617876052856445,""rank"":4},{""token"":"" \""\\\"""",""token_id"":null,""bytes"":[32,34,92,34],""logprob"":-9.446208953857422,""rank"":5}]"
main,C,K0,430,BADC,4,17,"
",,[10],-8.344653679159819e-07,1,"[{""token"":""\n"",""token_id"":null,""bytes"":[10],""logprob"":-8.344653679159819e-07,""rank"":1},{""token"":"""",""token_id"":null,""bytes"":[],""logprob"":-14.832995414733887,""rank"":2},{""token"":"" \n"",""token_id"":null,""bytes"":[32,10],""logprob"":-15.189888954162598,""rank"":3},{""token"":""\n\n"",""token_id"":null,""bytes"":[10,10],""logprob"":-15.416543006896973,""rank"":4},{""token"":""\n\n\n"",""token_id"":null,""bytes"":[10,10,10],""logprob"":-18.386173248291016,""rank"":5}]"
main,C,K0,430,BADC,4,18,},,[125],-2.3841887468734058e-06,1,"[{""token"":""}"",""token_id"":null,""bytes"":[125],""logprob"":-2.3841887468734058e-06,""rank"":1},{""token"":""},"",""token_id"":null,""bytes"":[125,44],""logprob"":-13.398757934570312,""rank"":2},{""token"":""}\"""",""token_id"":null,""bytes"":[125,34],""logprob"":-14.608040809631348,""rank"":3},{""token"":""}'"",""token_id"":null,""bytes"":[125,39],""logprob"":-14.80576229095459,""rank"":4},{""token"":""}`"",""token_id"":null,""bytes"":[125,96],""logprob"":-16.94948387145996,""rank"":5}]"
main,C,K0,431,CBAD,1,1,{,,[123],-0.022347530350089073,1,"[{""token"":""{"",""token_id"":null,""bytes"":[123],""logprob"":-0.022347530350089073,""rank"":1},{""token"":""{\"""",""token_id"":null,""bytes"":[123,34],""logprob"":-4.103880882263184,""rank"":2},{""token"":""```"",""token_id"":null,""bytes"":[96,96,96],""logprob"":-5.384608268737793,""rank"":3},{""token"":""{\\\"""",""token_id"":null,""bytes"":[123,92,34],""logprob"":-9.20559310913086,""rank"":4},{""token"":""{}"",""token_id"":null,""bytes"":[123,125],""logprob"":-9.365748405456543,""rank"":5}]"
main,C,K0,431,CBAD,1,2,"
",,[10],-0.0010407617082819343,1,"[{""token"":""\n"",""token_id"":null,""bytes"":[10],""logprob"":-0.0010407617082819343,""rank"":1},{""token"":"" \"""",""token_id"":null,""bytes"":[32,34],""logprob"":-7.071502208709717,""rank"":2},{""token"":""mode"",""token_id"":null,""bytes"":[109,111,100,101],""logprob"":-8.883734703063965,""rank"":3},{""token"":"" "",""token_id"":null,""bytes"":[32],""logprob"":-10.773819923400879,""rank"":4},{""token"":"" \n"",""token_id"":null,""bytes"":[32,10],""logprob"":-11.489826202392578,""rank"":5}]"
main,C,K0,431,CBAD,1,3, ,,[32],-0.00021775947243440896,1,"[{""token"":"" "",""token_id"":null,""bytes"":[32],""logprob"":-0.00021775947243440896,""rank"":1},{""token"":""\"""",""token_id"":null,""bytes"":[34],""logprob"":-9.088756561279297,""rank"":2},{""token"":"" \"""",""token_id"":null,""bytes"":[32,34],""logprob"":-9.261333465576172,""rank"":3},{""token"":""\""text"",""token_id"":null,""bytes"":[34,116,101,120,116],""logprob"":-13.031827926635742,""rank"":4},{""token"":""  \n"",""token_id"":null,""bytes"":[32,32,10],""logprob"":-13.105371475219727,""rank"":5}]"
main,C,K0,431,CBAD,1,4," """,,"[32,34]",-3.218656047465629e-06,1,"[{""token"":"" \"""",""token_id"":null,""bytes"":[32,34],""logprob"":-3.218656047465629e-06,""rank"":1},{""token"":"" \""_"",""token_id"":null,""bytes"":[32,34,95],""logprob"":-13.295794486999512,""rank"":2},{""token"":"" \""\\\"""",""token_id"":null,""bytes"":[32,34,92,34],""logprob"":-14.324239730834961,""rank"":3},{""token"":"" mode"",""token_id"":null,""bytes"":[32,109,111,100,101],""logprob"":-15.079508781433105,""rank"":4},{""token"":"" \""__"",""token_id"":null,""bytes"":[32,34,95,95],""logprob"":-15.397425651550293,""rank"":5}]"
main,C,K0,431,CBAD,1,5,mode,,"[109,111,100,101]",-0.00011695115244947374,1,"[{""token"":""mode"",""token_id"":null,""bytes"":[109,111,100,101],""logprob"":-0.00011695115244947374,""rank"":1},{""token"":""texte"",""token_id"":null,""bytes"":[116,101,120,116,101],""logprob"":-9.467223167419434,""rank"":2},{""token"":""\tmode"",""token_id"":null,""bytes"":[9,109,111,100,101],""logprob"":-12.454880714416504,""rank"":3},{""token"":""message"",""token_id"":null,""bytes"":[109,101,115,115,97,103,101],""logprob"":-12.663521766662598,""rank"":4},{""token"":""type"",""token_id"":null,""bytes"":[116,121,112,101],""logprob"":-12.774247169494629,""rank"":5}]"
main,C,K0,431,CBAD,1,6,""":",,"[34,58]",-5.722062269342132e-06,1,"[{""token"":""\"":"",""token_id"":null,""bytes"":[34,58],""logprob"":-5.722062269342132e-06,""rank"":1},{""token"":""\"":\"""",""token_id"":null,""bytes"":[34,58,34],""logprob"":-12.455028533935547,""rank"":2},{""token"":""\"""",""token_id"":null,""bytes"":[34],""logprob"":-14.045772552490234,""rank"":3},{""token"":""\"","",""token_id"":null,""bytes"":[34,44],""logprob"":-14.704669952392578,""rank"":4},{""token"":""':"",""token_id"":null,""bytes"":[39,58],""logprob"":-15.434219360351562,""rank"":5}]"
main,C,K0,431,CBAD,1,7," """,,"[32,34]",-6.580569606740028e-05,1,"[{""token"":"" \"""",""token_id"":null,""bytes"":[32,34],""logprob"":-6.580569606740028e-05,""rank"":1},{""token"":"" \""\"","",""token_id"":null,""bytes"":[32,34,34,44],""logprob"":-11.462050437927246,""rank"":2},{""token"":"" \""..."",""token_id"":null,""bytes"":[32,34,46,46,46],""logprob"":-11.589383125305176,""rank"":3},{""token"":"" parole"",""token_id"":null,""bytes"":[32,112,97,114,111,108,101],""logprob"":-11.91740894317627,""rank"":4},{""token"":"" \""\"""",""token_id"":null,""bytes"":[32,34,34],""logprob"":-12.049454689025879,""rank"":5}]"
main,C,K0,431,CBAD,1,8,sil,,"[115,105,108]",-0.6199643015861511,1,"[{""token"":""sil"",""token_id"":null,""bytes"":[115,105,108],""logprob"":-0.6199643015861511,""rank"":1},{""token"":""parole"",""token_id"":null,""bytes"":[112,97,114,111,108,101],""logprob"":-0.7807443141937256,""rank"":2},{""token"":""par"",""token_id"":null,""bytes"":[112,97,114],""logprob"":-7.385531902313232,""rank"":3},{""token"":"" parole"",""token_id"":null,""bytes"":[32,112,97,114,111,108,101],""logprob"":-8.325679779052734,""rank"":4},{""token"":""pare"",""token_id"":null,""bytes"":[112,97,114,101],""logprob"":-8.352705001831055,""rank"":5}]"
main,C,K0,431,CBAD,1,9,ence,,"[101,110,99,101]",-9.775209946383256e-06,1,"[{""token"":""ence"",""token_id"":null,""bytes"":[101,110,99,101],""logprob"":-9.775209946383256e-06,""rank"":1},{""token"":""ience"",""token_id"":null,""bytes"":[105,101,110,99,101],""logprob"":-11.912710189819336,""rank"":2},{""token"":""ance"",""token_id"":null,""bytes"":[97,110,99,101],""logprob"":-12.932533264160156,""rank"":3},{""token"":""enc"",""token_id"":null,""bytes"":[101,110,99],""logprob"":-15.216045379638672,""rank"":4},{""token"":""\"","",""token_id"":null,""bytes"":[34,44],""logprob"":-16.03968620300293,""rank"":5}]"
main,C,K0,431,CBAD,1,10,""",",,"[34,44]",-0.10642677545547485,1,"[{""token"":""\"","",""token_id"":null,""bytes"":[34,44],""logprob"":-0.10642677545547485,""rank"":1},{""token"":""\"""",""token_id"":null,""bytes"":[34],""logprob"":-2.293093204498291,""rank"":2},{""token"":""\n"",""token_id"":null,""bytes"":[10],""logprob"":-13.433211326599121,""rank"":3},{""token"":""\""."",""token_id"":null,""bytes"":[34,46],""logprob"":-13.752901077270508,""rank"":4},{""token"":""\\\"","",""token_id"":null,""bytes"":[92,34,44],""logprob"":-14.33447265625,""rank"":5}]"
main,C,K0,431,CBAD,1,11,"
",,[10],-3.337865791763761e-06,1,"[{""token"":""\n"",""token_id"":null,""bytes"":[10],""logprob"":-3.337865791763761e-06,""rank"":1},{""token"":"" \n"",""token_id"":null,""bytes"":[32,10],""logprob"":-13.107783317565918,""rank"":2},{""token"":"""",""token_id"":null,""bytes"":[],""logprob"":-14.255763053894043,""rank"":3},{""token"":""\n\n"",""token_id"":null,""bytes"":[10,10],""logprob"":-14.601638793945312,""rank"":4},{""token"":"" \"""",""token_id"":null,""bytes"":[32,34],""logprob"":-15.553372383117676,""rank"":5}]"
main,C,K0,431,CBAD,1,12, ,,[32],-4.768372718899627e-07,1,"[{""token"":"" "",""token_id"":null,""bytes"":[32],""logprob"":-4.768372718899627e-07,""rank"":1},{""token"":"" \"""",""token_id"":null,""bytes"":[32,34],""logprob"":-14.94283676147461,""rank"":2},{""token"":""  \n"",""token_id"":null,""bytes"":[32,32,10],""logprob"":-16.096988677978516,""rank"":3},{""token"":"" texte"",""token_id"":null,""bytes"":[32,116,101,120,116,101],""logprob"":-17.702526092529297,""rank"":4},{""token"":""\"":"",""token_id"":null,""bytes"":[34,58],""logprob"":-18.022602081298828,""rank"":5}]"
main,C,K0,431,CBAD,1,13," """,,"[32,34]",-1.3113030945532955e-06,1,"[{""token"":"" \"""",""token_id"":null,""bytes"":[32,34],""logprob"":-1.3113030945532955e-06,""rank"":1},{""token"":"" \""\"""",""token_id"":null,""bytes"":[32,34,34],""logprob"":-13.740971565246582,""rank"":2},{""token"":"" \""\\\"""",""token_id"":null,""bytes"":[32,34,92,34],""logprob"":-16.369064331054688,""rank"":3},{""token"":"" \""."",""token_id"":null,""bytes"":[32,34,46],""logprob"":-16.59925079345703,""rank"":4},{""token"":"" \""_"",""token_id"":null,""bytes"":[32,34,95],""logprob"":-16.92404556274414,""rank"":5}]"
main,C,K0,431,CBAD,1,14,texte,,"[116,101,120,116,101]",-0.000701315701007843,1,"[{""token"":""texte"",""token_id"":null,""bytes"":[116,101,120,116,101],""logprob"":-0.000701315701007843,""rank"":1},{""token"":""texto"",""token_id"":null,""bytes"":[116,101,120,116,111],""logprob"":-7.710988521575928,""rank"":2},{""token"":"" texte"",""token_id"":null,""bytes"":[32,116,101,120,116,101],""logprob"":-9.253518104553223,""rank"":3},{""token"":""texture"",""token_id"":null,""bytes"":[116,101,120,116,117,114,101],""logprob"":-10.663298606872559,""rank"":4},{""token"":""text"",""token_id"":null,""bytes"":[116,101,120,116],""logprob"":-10.913947105407715,""rank"":5}]"
main,C,K0,431,CBAD,1,15,""":",,"[34,58]",-1.025205165205989e-05,1,"[{""token"":""\"":"",""token_id"":null,""bytes"":[34,58],""logprob"":-1.025205165205989e-05,""rank"":1},{""token"":""\"""",""token_id"":null,""bytes"":[34],""logprob"":-11.64643383026123,""rank"":2},{""token"":""\"":\""\"""",""token_id"":null,""bytes"":[34,58,34,34],""logprob"":-13.708300590515137,""rank"":3},{""token"":""\\\"":"",""token_id"":null,""bytes"":[92,34,58],""logprob"":-15.41968059539795,""rank"":4},{""token"":""\"":\"""",""token_id"":null,""bytes"":[34,58,34],""logprob"":-16.462614059448242,""rank"":5}]"
main,C,K0,431,CBAD,1,16," """"",,"[32,34,34]",-0.0032841789070516825,1,"[{""token"":"" \""\"""",""token_id"":null,""bytes"":[32,34,34],""logprob"":-0.0032841789070516825,""rank"":1},{""token"":"" \"""",""token_id"":null,""bytes"":[32,34],""logprob"":-6.025295257568359,""rank"":2},{""token"":"" null"",""token_id"":null,""bytes"":[32,110,117,108,108],""logprob"":-7.520589351654053,""rank"":3},{""token"":"" \""\"","",""token_id"":null,""bytes"":[32,34,34,44],""logprob"":-8.617876052856445,""rank"":4},{""token"":"" \""\\\"""",""token_id"":null,""bytes"":[32,34,92,34],""logprob"":-9.446208953857422,""rank"":5}]"
main,C,K0,431,CBAD,1,17,"
",,[10],-8.344653679159819e-07,1,"[{""token"":""\n"",""token_id"":null,""bytes"":[10],""logprob"":-8.344653679159819e-07,""rank"":1},{""token"":"""",""token_id"":null,""bytes"":[],""logprob"":-14.832995414733887,""rank"":2},{""token"":"" \n"",""token_id"":null,""bytes"":[32,10],""logprob"":-15.189888954162598,""rank"":3},{""token"":""\n\n"",""token_id"":null,""bytes"":[10,10],""logprob"":-15.416543006896973,""rank"":4},{""token"":""\n\n\n"",""token_id"":null,""bytes"":[10,10,10],""logprob"":-18.386173248291016,""rank"":5}]"
main,C,K0,431,CBAD,1,18,},,[125],-2.3841887468734058e-06,1,"[{""token"":""}"",""token_id"":null,""bytes"":[125],""logprob"":-2.3841887468734058e-06,""rank"":1},{""token"":""},"",""token_id"":null,""bytes"":[125,44],""logprob"":-13.398757934570312,""rank"":2},{""token"":""}\"""",""token_id"":null,""bytes"":[125,34],""logprob"":-14.608040809631348,""rank"":3},{""token"":""}'"",""token_id"":null,""bytes"":[125,39],""logprob"":-14.80576229095459,""rank"":4},{""token"":""}`"",""token_id"":null,""bytes"":[125,96],""logprob"":-16.94948387145996,""rank"":5}]"
main,B,R7,431,CBAD,2,1,{,,[123],-0.02172425016760826,1,"[{""token"":""{"",""token_id"":null,""bytes"":[123],""logprob"":-0.02172425016760826,""rank"":1},{""token"":""{\"""",""token_id"":null,""bytes"":[123,34],""logprob"":-4.228072643280029,""rank"":2},{""token"":""```"",""token_id"":null,""bytes"":[96,96,96],""logprob"":-5.131930828094482,""rank"":3},{""token"":""{\\\"""",""token_id"":null,""bytes"":[123,92,34],""logprob"":-9.165180206298828,""rank"":4},{""token"":""{\\"",""token_id"":null,""bytes"":[123,92],""logprob"":-9.315994262695312,""rank"":5}]"
main,B,R7,431,CBAD,2,2,"
",,[10],-0.0008808079874143004,1,"[{""token"":""\n"",""token_id"":null,""bytes"":[10],""logprob"":-0.0008808079874143004,""rank"":1},{""token"":"" \"""",""token_id"":null,""bytes"":[32,34],""logprob"":-7.27277135848999,""rank"":2},{""token"":""mode"",""token_id"":null,""bytes"":[109,111,100,101],""logprob"":-8.902280807495117,""rank"":3},{""token"":"" "",""token_id"":null,""bytes"":[32],""logprob"":-10.787778854370117,""rank"":4},{""token"":"" \n"",""token_id"":null,""bytes"":[32,10],""logprob"":-11.593488693237305,""rank"":5}]"
main,B,R7,431,CBAD,2,3, ,,[32],-0.0002201441820943728,1,"[{""token"":"" "",""token_id"":null,""bytes"":[32],""logprob"":-0.0002201441820943728,""rank"":1},{""token"":""\"""",""token_id"":null,""bytes"":[34],""logprob"":-8.98767375946045,""rank"":2},{""token"":"" \"""",""token_id"":null,""bytes"":[32,34],""logprob"":-9.363957405090332,""rank"":3},{""token"":""\""text"",""token_id"":null,""bytes"":[34,116,101,120,116],""logprob"":-13.119736671447754,""rank"":4},{""token"":""  \n"",""token_id"":null,""bytes"":[32,32,10],""logprob"":-13.16612720489502,""rank"":5}]"
main,B,R7,431,CBAD,2,4," """,,"[32,34]",-4.172333774477011e-06,1,"[{""token"":"" \"""",""token_id"":null,""bytes"":[32,34],""logprob"":-4.172333774477011e-06,""rank"":1},{""token"":"" \""_"",""token_id"":null,""bytes"":[32,34,95],""logprob"":-13.113958358764648,""rank"":2},{""token"":"" \""\\\"""",""token_id"":null,""bytes"":[32,34,92,34],""logprob"":-13.908227920532227,""rank"":3},{""token"":"" \""__"",""token_id"":null,""bytes"":[32,34,95,95],""logprob"":-15.388980865478516,""rank"":4},{""token"":"" mode"",""token_id"":null,""bytes"":[32,109,111,100,101],""logprob"":-15.449271202087402,""rank"":5}]"
main,B,R7,431,CBAD,2,5,mode,,"[109,111,100,101]",-0.00011707037629093975,1,"[{""token"":""mode"",""token_id"":null,""bytes"":[109,111,100,101],""logprob"":-0.00011707037629093975,""rank"":1},{""token"":""texte"",""token_id"":null,""bytes"":[116,101,120,116,101],""logprob"":-9.493277549743652,""rank"":2},{""token"":""\tmode"",""token_id"":null,""bytes"":[9,109,111,100,101],""logprob"":-12.450518608093262,""rank"":3},{""token"":""message"",""token_id"":null,""bytes"":[109,101,115,115,97,103,101],""logprob"":-12.52582836151123,""rank"":4},{""token"":""type"",""token_id"":null,""bytes"":[116,121,112,101],""logprob"":-12.704558372497559,""rank"":5}]"
main,B,R7,431,CBAD,2,6,""":",,"[34,58]",-6.318112355074845e-06,1,"[{""token"":""\"":"",""token_id"":null,""bytes"":[34,58],""logprob"":-6.318112355074845e-06,""rank"":1},{""token"":""\"":\"""",""token_id"":null,""bytes"":[34,58,34],""logprob"":-12.400069236755371,""rank"":2},{""token"":""\"""",""token_id"":null,""bytes"":[34],""logprob"":-13.777251243591309,""rank"":3},{""token"":""\"","",""token_id"":null,""bytes"":[34,44],""logprob"":-14.631165504455566,""rank"":4},{""token"":""':"",""token_id"":null,""bytes"":[39,58],""logprob"":-15.456767082214355,""rank"":5}]"
main,B,R7,431,CBAD,2,7," """,,"[32,34]",-6.84284750605002e-05,1,"[{""token"":"" \"""",""token_id"":null,""bytes"":[32,34],""logprob"":-6.84284750605002e-05,""rank"":1},{""token"":"" \""\"","",""token_id"":null,""bytes"":[32,34,34,44],""logprob"":-11.380424499511719,""rank"":2},{""token"":"" \""..."",""token_id"":null,""bytes"":[32,34,46,46,46],""logprob"":-11.570703506469727,""rank"":3},{""token"":"" parole"",""token_id"":null,""bytes"":[32,112,97,114,111,108,101],""logprob"":-11.879776000976562,""rank"":4},{""token"":"" \""\"""",""token_id"":null,""bytes"":[32,34,34],""logprob"":-12.034069061279297,""rank"":5}]"
main,B,R7,431,CBAD,2,8,sil,,"[115,105,108]",-0.6785305142402649,1,"[{""token"":""sil"",""token_id"":null,""bytes"":[115,105,108],""logprob"":-0.6785305142402649,""rank"":1},{""token"":""parole"",""token_id"":null,""bytes"":[112,97,114,111,108,101],""logprob"":-0.7165859341621399,""rank"":2},{""token"":""par"",""token_id"":null,""bytes"":[112,97,114],""logprob"":-7.273228645324707,""rank"":3},{""token"":""pare"",""token_id"":null,""bytes"":[112,97,114,101],""logprob"":-8.244132041931152,""rank"":4},{""token"":""s"",""token_id"":null,""bytes"":[115],""logprob"":-8.282027244567871,""rank"":5}]"
main,B,R7,431,CBAD,2,9,ence,,"[101,110,99,101]",-9.179157132166438e-06,1,"[{""token"":""ence"",""token_id"":null,""bytes"":[101,110,99,101],""logprob"":-9.179157132166438e-06,""rank"":1},{""token"":""ience"",""token_id"":null,""bytes"":[105,101,110,99,101],""logprob"":-12.033693313598633,""rank"":2},{""token"":""ance"",""token_id"":null,""bytes"":[97,110,99,101],""logprob"":-12.892942428588867,""rank"":3},{""token"":""enc"",""token_id"":null,""bytes"":[101,110,99],""logprob"":-15.13233757019043,""rank"":4},{""token"":""ences"",""token_id"":null,""bytes"":[101,110,99,101,115],""logprob"":-15.992465019226074,""rank"":5}]"
main,B,R7,431,CBAD,2,10,""",",,"[34,44]",-0.10652503371238708,1,"[{""token"":""\"","",""token_id"":null,""bytes"":[34,44],""logprob"":-0.10652503371238708,""rank"":1},{""token"":""\"""",""token_id"":null,""bytes"":[34],""logprob"":-2.292224407196045,""rank"":2},{""token"":""\n"",""token_id"":null,""bytes"":[10],""logprob"":-13.167221069335938,""rank"":3},{""token"":""\""."",""token_id"":null,""bytes"":[34,46],""logprob"":-13.745504379272461,""rank"":4},{""token"":""\\\"","",""token_id"":null,""bytes"":[92,34,44],""logprob"":-14.183154106140137,""rank"":5}]"
main,B,R7,431,CBAD,2,11,"
",,[10],-4.0531240301788785e-06,1,"[{""token"":""\n"",""token_id"":null,""bytes"":[10],""logprob"":-4.0531240301788785e-06,""rank"":1},{""token"":"" \n"",""token_id"":null,""bytes"":[32,10],""logprob"":-12.90800666809082,""rank"":2},{""token"":"""",""token_id"":null,""bytes"":[],""logprob"":-14.16970443725586,""rank"":3},{""token"":""\n\n"",""token_id"":null,""bytes"":[10,10],""logprob"":-14.509121894836426,""rank"":4},{""token"":"" \"""",""token_id"":null,""bytes"":[32,34],""logprob"":-15.510653495788574,""rank"":5}]"
main,B,R7,431,CBAD,2,12, ,,[32],-4.768372718899627e-07,1,"[{""token"":"" "",""token_id"":null,""bytes"":[32],""logprob"":-4.768372718899627e-07,""rank"":1},{""token"":"" \"""",""token_id"":null,""bytes"":[32,34],""logprob"":-15.015575408935547,""rank"":2},{""token"":""  \n"",""token_id"":null,""bytes"":[32,32,10],""logprob"":-15.97124195098877,""rank"":3},{""token"":"" texte"",""token_id"":null,""bytes"":[32,116,101,120,116,101],""logprob"":-17.74969482421875,""rank"":4},{""token"":""   "",""token_id"":null,""bytes"":[32,32,32],""logprob"":-18.280445098876953,""rank"":5}]"
main,B,R7,431,CBAD,2,13," """,,"[32,34]",-2.0265599687263602e-06,1,"[{""token"":"" \"""",""token_id"":null,""bytes"":[32,34],""logprob"":-2.0265599687263602e-06,""rank"":1},{""token"":"" \""\"""",""token_id"":null,""bytes"":[32,34,34],""logprob"":-13.223140716552734,""rank"":2},{""token"":"" \""\\\"""",""token_id"":null,""bytes"":[32,34,92,34],""logprob"":-15.966304779052734,""rank"":3},{""token"":"" \""_"",""token_id"":null,""bytes"":[32,34,95],""logprob"":-16.198970794677734,""rank"":4},{""token"":"" \""..."",""token_id"":null,""bytes"":[32,34,46,46,46],""logprob"":-16.936288833618164,""rank"":5}]"
main,B,R7,431,CBAD,2,14,texte,,"[116,101,120,116,101]",-0.000649364956188947,1,"[{""token"":""texte"",""token_id"":null,""bytes"":[116,101,120,116,101],""logprob"":-0.000649364956188947,""rank"":1},{""token"":""texto"",""token_id"":null,""bytes"":[116,101,120,116,111],""logprob"":-7.792206764221191,""rank"":2},{""token"":"" texte"",""token_id"":null,""bytes"":[32,116,101,120,116,101],""logprob"":-9.244690895080566,""rank"":3},{""token"":""texture"",""token_id"":null,""bytes"":[116,101,120,116,117,114,101],""logprob"":-10.890830039978027,""rank"":4},{""token"":""text"",""token_id"":null,""bytes"":[116,101,120,116],""logprob"":-11.115731239318848,""rank"":5}]"
main,B,R7,431,CBAD,2,15,""":",,"[34,58]",-1.0848104466276709e-05,1,"[{""token"":""\"":"",""token_id"":null,""bytes"":[34,58],""logprob"":-1.0848104466276709e-05,""rank"":1},{""token"":""\"""",""token_id"":null,""bytes"":[34],""logprob"":-11.591935157775879,""rank"":2},{""token"":""\"":\""\"""",""token_id"":null,""bytes"":[34,58,34,34],""logprob"":-13.789422035217285,""rank"":3},{""token"":""\\\"":"",""token_id"":null,""bytes"":[92,34,58],""logprob"":-15.505274772644043,""rank"":4},{""token"":""\"":\"""",""token_id"":null,""bytes"":[34,58,34],""logprob"":-16.480609893798828,""rank"":5}]"
main,B,R7,431,CBAD,2,16," """"",,"[32,34,34]",-0.0031248226296156645,1,"[{""token"":"" \""\"""",""token_id"":null,""bytes"":[32,34,34],""logprob"":-0.0031248226296156645,""rank"":1},{""token"":"" \"""",""token_id"":null,""bytes"":[32,34],""logprob"":-6.100138187408447,""rank"":2},{""token"":"" null"",""token_id"":null,""bytes"":[32,110,117,108,108],""logprob"":-7.526052951812744,""rank"":3},{""token"":"" \""\"","",""token_id"":null,""bytes"":[32,34,34,44],""logprob"":-8.518841743469238,""rank"":4},{""token"":"" \""\\\"""",""token_id"":null,""bytes"":[32,34,92,34],""logprob"":-9.442099571228027,""rank"":5}]"
main,B,R7,431,CBAD,2,17,"
",,[10],-8.344653679159819e-07,1,"[{""token"":""\n"",""token_id"":null,""bytes"":[10],""logprob"":-8.344653679159819e-07,""rank"":1},{""token"":"""",""token_id"":null,""bytes"":[],""logprob"":-14.898009300231934,""rank"":2},{""token"":"" \n"",""token_id"":null,""bytes"":[32,10],""logprob"":-15.026812553405762,""rank"":3},{""token"":""\n\n"",""token_id"":null,""bytes"":[10,10],""logprob"":-15.510147094726562,""rank"":4},{""token"":""\n\n\n"",""token_id"":null,""bytes"":[10,10,10],""logprob"":-18.452171325683594,""rank"":5}]"
main,B,R7,431,CBAD,2,18,},,[125],-2.5033982637978625e-06,1,"[{""token"":""}"",""token_id"":null,""bytes"":[125],""logprob"":-2.5033982637978625e-06,""rank"":1},{""token"":""},"",""token_id"":null,""bytes"":[125,44],""logprob"":-13.412047386169434,""rank"":2},{""token"":""}\"""",""token_id"":null,""bytes"":[125,34],""logprob"":-14.420966148376465,""rank"":3},{""token"":""}'"",""token_id"":null,""bytes"":[125,39],""logprob"":-14.732012748718262,""rank"":4},{""token"":""}`"",""token_id"":null,""bytes"":[125,96],""logprob"":-16.944538116455078,""rank"":5}]"
main,A,R0,431,CBAD,3,1,{,,[123],-0.017701268196105957,1,"[{""token"":""{"",""token_id"":null,""bytes"":[123],""logprob"":-0.017701268196105957,""rank"":1},{""token"":""{\"""",""token_id"":null,""bytes"":[123,34],""logprob"":-4.527174949645996,""rank"":2},{""token"":""```"",""token_id"":null,""bytes"":[96,96,96],""logprob"":-5.166430473327637,""rank"":3},{""token"":""{\\"",""token_id"":null,""bytes"":[123,92],""logprob"":-9.290816307067871,""rank"":4},{""token"":""{'"",""token_id"":null,""bytes"":[123,39],""logprob"":-9.338777542114258,""rank"":5}]"
main,A,R0,431,CBAD,3,2,"
",,[10],-0.0012813667999580503,1,"[{""token"":""\n"",""token_id"":null,""bytes"":[10],""logprob"":-0.0012813667999580503,""rank"":1},{""token"":"" \"""",""token_id"":null,""bytes"":[32,34],""logprob"":-6.833825588226318,""rank"":2},{""token"":""mode"",""token_id"":null,""bytes"":[109,111,100,101],""logprob"":-8.847938537597656,""rank"":3},{""token"":"" "",""token_id"":null,""bytes"":[32],""logprob"":-10.73855209350586,""rank"":4},{""token"":"" \n"",""token_id"":null,""bytes"":[32,10],""logprob"":-11.28103256225586,""rank"":5}]"
main,A,R0,431,CBAD,3,3, ,,[32],-0.00021930952789261937,1,"[{""token"":"" "",""token_id"":null,""bytes"":[32],""logprob"":-0.00021930952789261937,""rank"":1},{""token"":""\"""",""token_id"":null,""bytes"":[34],""logprob"":-8.988393783569336,""rank"":2},{""token"":"" \"""",""token_id"":null,""bytes"":[32,34],""logprob"":-9.370800018310547,""rank"":3},{""token"":""  \n"",""token_id"":null,""bytes"":[32,32,10],""logprob"":-13.117914199829102,""rank"":4},{""token"":""\""text"",""token_id"":null,""bytes"":[34,116,101,120,116],""logprob"":-13.223142623901367,""rank"":5}]"
main,A,R0,431,CBAD,3,4," """,,"[32,34]",-3.814704541582614e-06,1,"[{""token"":"" \"""",""token_id"":null,""bytes"":[32,34],""logprob"":-3.814704541582614e-06,""rank"":1},{""token"":"" \""_"",""token_id"":null,""bytes"":[32,34,95],""logprob"":-13.24009895324707,""rank"":2},{""token"":"" \""\\\"""",""token_id"":null,""bytes"":[32,34,92,34],""logprob"":-13.954038619995117,""rank"":3},{""token"":"" mode"",""token_id"":null,""bytes"":[32,109,111,100,101],""logprob"":-15.210006713867188,""rank"":4},{""token"":"" \""__"",""token_id"":null,""bytes"":[32,34,95,95],""logprob"":-15.355708122253418,""rank"":5}]"
main,A,R0,431,CBAD,3,5,mode,,"[109,111,100,101]",-0.00011563969746930525,1,"[{""token"":""mode"",""token_id"":null,""bytes"":[109,111,100,101],""logprob"":-0.00011563969746930525,""rank"":1},{""token"":""texte"",""token_id"":null,""bytes"":[116,101,120,116,101],""logprob"":-9.487587928771973,""rank"":2},{""token"":""\tmode"",""token_id"":null,""bytes"":[9,109,111,100,101],""logprob"":-12.448882102966309,""rank"":3},{""token"":""message"",""token_id"":null,""bytes"":[109,101,115,115,97,103,101],""logprob"":-12.675307273864746,""rank"":4},{""token"":""type"",""token_id"":null,""bytes"":[116,121,112,101],""logprob"":-12.780400276184082,""rank"":5}]"
main,A,R0,431,CBAD,3,6,""":",,"[34,58]",-5.960482212685747e-06,1,"[{""token"":""\"":"",""token_id"":null,""bytes"":[34,58],""logprob"":-5.960482212685747e-06,""rank"":1},{""token"":""\"":\"""",""token_id"":null,""bytes"":[34,58,34],""logprob"":-12.405611038208008,""rank"":2},{""token"":""\"""",""token_id"":null,""bytes"":[34],""logprob"":-13.86256217956543,""rank"":3},{""token"":""\"","",""token_id"":null,""bytes"":[34,44],""logprob"":-14.75390625,""rank"":4},{""token"":""':"",""token_id"":null,""bytes"":[39,58],""logprob"":-15.401510238647461,""rank"":5}]"
main,A,R0,431,CBAD,3,7," """,,"[32,34]",-6.878612475702539e-05,1,"[{""token"":"" \"""",""token_id"":null,""bytes"":[32,34],""logprob"":-6.878612475702539e-05,""rank"":1},{""token"":"" \""\"","",""token_id"":null,""bytes"":[32,34,34,44],""logprob"":-11.401308059692383,""rank"":2},{""token"":"" \""..."",""token_id"":null,""bytes"":[32,34,46,46,46],""logprob"":-11.616853713989258,""rank"":3},{""token"":"" parole"",""token_id"":null,""bytes"":[32,112,97,114,111,108,101],""logprob"":-11.877944946289062,""rank"":4},{""token"":"" \""\"""",""token_id"":null,""bytes"":[32,34,34],""logprob"":-12.042781829833984,""rank"":5}]"
main,A,R0,431,CBAD,3,8,sil,,"[115,105,108]",-0.6829010248184204,1,"[{""token"":""sil"",""token_id"":null,""bytes"":[115,105,108],""logprob"":-0.6829010248184204,""rank"":1},{""token"":""parole"",""token_id"":null,""bytes"":[112,97,114,111,108,101],""logprob"":-0.7116065621376038,""rank"":2},{""token"":""par"",""token_id"":null,""bytes"":[112,97,114],""logprob"":-7.376031398773193,""rank"":3},{""token"":""pare"",""token_id"":null,""bytes"":[112,97,114,101],""logprob"":-8.316965103149414,""rank"":4},{""token"":""s"",""token_id"":null,""bytes"":[115],""logprob"":-8.35165786743164,""rank"":5}]"
main,A,R0,431,CBAD,3,9,ence,,"[101,110,99,101]",-1.0728893357736524e-05,1,"[{""token"":""ence"",""token_id"":null,""bytes"":[101,110,99,101],""logprob"":-1.0728893357736524e-05,""rank"":1},{""token"":""ience"",""token_id"":null,""bytes"":[105,101,110,99,101],""logprob"":-11.881476402282715,""rank"":2},{""token"":""ance"",""token_id"":null,""bytes"":[97,110,99,101],""logprob"":-12.749621391296387,""rank"":3},{""token"":""enc"",""token_id"":null,""bytes"":[101,110,99],""logprob"":-15.021140098571777,""rank"":4},{""token"":""\"","",""token_id"":null,""bytes"":[34,44],""logprob"":-15.82038402557373,""rank"":5}]"
main,A,R0,431,CBAD,3,10,""",",,"[34,44]",-0.10400095582008362,1,"[{""token"":""\"","",""token_id"":null,""bytes"":[34,44],""logprob"":-0.10400095582008362,""rank"":1},{""token"":""\"""",""token_id"":null,""bytes"":[34],""logprob"":-2.3149843215942383,""rank"":2},{""token"":""\n"",""token_id"":null,""bytes"":[10],""logprob"":-12.798715591430664,""rank"":3},{""token"":""\""."",""token_id"":null,""bytes"":[34,46],""logprob"":-13.602818489074707,""rank"":4},{""token"":""\\\"","",""token_id"":null,""bytes"":[92,34,44],""logprob"":-14.086886405944824,""rank"":5}]"
main,A,R0,431,CBAD,3,11,"
",,[10],-4.529963462118758e-06,1,"[{""token"":""\n"",""token_id"":null,""bytes"":[10],""logprob"":-4.529963462118758e-06,""rank"":1},{""token"":"" \n"",""token_id"":null,""bytes"":[32,10],""logprob"":-12.82629108428955,""rank"":2},{""token"":"""",""token_id"":null,""bytes"":[],""logprob"":-14.03629207611084,""rank"":3},{""token"":""\n\n"",""token_id"":null,""bytes"":[10,10],""logprob"":-14.489842414855957,""rank"":4},{""token"":"" \"""",""token_id"":null,""bytes"":[32,34],""logprob"":-15.350348472595215,""rank"":5}]"
main,A,R0,431,CBAD,3,12, ,,[32],-4.768372718899627e-07,1,"[{""token"":"" "",""token_id"":null,""bytes"":[32],""logprob"":-4.768372718899627e-07,""rank"":1},{""token"":"" \"""",""token_id"":null,""bytes"":[32,34],""logprob"":-14.830775260925293,""rank"":2},{""token"":""  \n"",""token_id"":null,""bytes"":[32,32,10],""logprob"":-15.846244812011719,""rank"":3},{""token"":"" texte"",""token_id"":null,""bytes"":[32,116,101,120,116,101],""logprob"":-17.57489776611328,""rank"":4},{""token"":""\"":"",""token_id"":null,""bytes"":[34,58],""logprob"":-17.85828399658203,""rank"":5}]"
main,A,R0,431,CBAD,3,13," """,,"[32,34]",-2.7418175250204513e-06,1,"[{""token"":"" \"""",""token_id"":null,""bytes"":[32,34],""logprob"":-2.7418175250204513e-06,""rank"":1},{""token"":"" \""\"""",""token_id"":null,""bytes"":[32,34,34],""logprob"":-12.913479804992676,""rank"":2},{""token"":"" \""\\\"""",""token_id"":null,""bytes"":[32,34,92,34],""logprob"":-15.69869327545166,""rank"":3},{""token"":"" \""_"",""token_id"":null,""bytes"":[32,34,95],""logprob"":-16.026199340820312,""rank"":4},{""token"":"" \""."",""token_id"":null,""bytes"":[32,34,46],""logprob"":-16.689477920532227,""rank"":5}]"
main,A,R0,431,CBAD,3,14,texte,,"[116,101,120,116,101]",-0.0006296828505583107,1,"[{""token"":""texte"",""token_id"":null,""bytes"":[116,101,120,116,101],""logprob"":-0.0006296828505583107,""rank"":1},{""token"":""texto"",""token_id"":null,""bytes"":[116,101,120,116,111],""logprob"":-7.841743469238281,""rank"":2},{""token"":"" texte"",""token_id"":null,""bytes"":[32,116,101,120,116,101],""logprob"":-9.23090934753418,""rank"":3},{""token"":""texture"",""token_id"":null,""bytes"":[116,101,120,116,117,114,101],""logprob"":-10.990337371826172,""rank"":4},{""token"":""liste"",""token_id"":null,""bytes"":[108,105,115,116,101],""logprob"":-11.11802864074707,""rank"":5}]"
main,A,R0,431,CBAD,3,15,""":",,"[34,58]",-9.775209946383256e-06,1,"[{""token"":""\"":"",""token_id"":null,""bytes"":[34,58],""logprob"":-9.775209946383256e-06,""rank"":1},{""token"":""\"""",""token_id"":null,""bytes"":[34],""logprob"":-11.71143913269043,""rank"":2},{""token"":""\"":\""\"""",""token_id"":null,""bytes"":[34,58,34,34],""logprob"":-13.73509407043457,""rank"":3},{""token"":""\\\"":"",""token_id"":null,""bytes"":[92,34,58],""logprob"":-15.427671432495117,""rank"":4},{""token"":""\"":\"""",""token_id"":null,""bytes"":[34,58,34],""logprob"":-16.406694412231445,""rank"":5}]"
main,A,R0,431,CBAD,3,16," """"",,"[32,34,34]",-0.0034958957694470882,1,"[{""token"":"" \""\"""",""token_id"":null,""bytes"":[32,34,34],""logprob"":-0.0034958957694470882,""rank"":1},{""token"":"" \"""",""token_id"":null,""bytes"":[32,34],""logprob"":-5.9778056144714355,""rank"":2},{""token"":"" null"",""token_id"":null,""bytes"":[32,110,117,108,108],""logprob"":-7.4228434562683105,""rank"":3},{""token"":"" \""\"","",""token_id"":null,""bytes"":[32,34,34,44],""logprob"":-8.4609375,""rank"":4},{""token"":"" \""\\\"""",""token_id"":null,""bytes"":[32,34,92,34],""logprob"":-9.420413970947266,""rank"":5}]"
main,A,R0,431,CBAD,3,17,"
",,[10],-9.536747711536009e-07,1,"[{""token"":""\n"",""token_id"":null,""bytes"":[10],""logprob"":-9.536747711536009e-07,""rank"":1},{""token"":"""",""token_id"":null,""bytes"":[],""logprob"":-14.770174026489258,""rank"":2},{""token"":"" \n"",""token_id"":null,""bytes"":[32,10],""logprob"":-14.94002914428711,""rank"":3},{""token"":""\n\n"",""token_id"":null,""bytes"":[10,10],""logprob"":-15.378928184509277,""rank"":4},{""token"":""\n\n\n"",""token_id"":null,""bytes"":[10,10,10],""logprob"":-18.373306274414062,""rank"":5}]"
main,A,R0,431,CBAD,3,18,},,[125],-2.5033982637978625e-06,1,"[{""token"":""}"",""token_id"":null,""bytes"":[125],""logprob"":-2.5033982637978625e-06,""rank"":1},{""token"":""},"",""token_id"":null,""bytes"":[125,44],""logprob"":-13.417893409729004,""rank"":2},{""token"":""}\"""",""token_id"":null,""bytes"":[125,34],""logprob"":-14.308489799499512,""rank"":3},{""token"":""}'"",""token_id"":null,""bytes"":[125,39],""logprob"":-14.59435749053955,""rank"":4},{""token"":""}`"",""token_id"":null,""bytes"":[125,96],""logprob"":-16.7717342376709,""rank"":5}]"
main,D,K7,431,CBAD,4,1,{,,[123],-0.019648456946015358,1,"[{""token"":""{"",""token_id"":null,""bytes"":[123],""logprob"":-0.019648456946015358,""rank"":1},{""token"":""{\"""",""token_id"":null,""bytes"":[123,34],""logprob"":-4.364804267883301,""rank"":2},{""token"":""```"",""token_id"":null,""bytes"":[96,96,96],""logprob"":-5.162684440612793,""rank"":3},{""token"":""{\\"",""token_id"":null,""bytes"":[123,92],""logprob"":-9.366595268249512,""rank"":4},{""token"":""{'"",""token_id"":null,""bytes"":[123,39],""logprob"":-9.472453117370605,""rank"":5}]"
main,D,K7,431,CBAD,4,2,"
",,[10],-0.001262209378182888,1,"[{""token"":""\n"",""token_id"":null,""bytes"":[10],""logprob"":-0.001262209378182888,""rank"":1},{""token"":"" \"""",""token_id"":null,""bytes"":[32,34],""logprob"":-6.884255886077881,""rank"":2},{""token"":""mode"",""token_id"":null,""bytes"":[109,111,100,101],""logprob"":-8.65310287475586,""rank"":3},{""token"":"" "",""token_id"":null,""bytes"":[32],""logprob"":-10.568531036376953,""rank"":4},{""token"":"" \n"",""token_id"":null,""bytes"":[32,10],""logprob"":-11.43088150024414,""rank"":5}]"
main,D,K7,431,CBAD,4,3, ,,[32],-0.0002571078948676586,1,"[{""token"":"" "",""token_id"":null,""bytes"":[32],""logprob"":-0.0002571078948676586,""rank"":1},{""token"":""\"""",""token_id"":null,""bytes"":[34],""logprob"":-8.83296012878418,""rank"":2},{""token"":"" \"""",""token_id"":null,""bytes"":[32,34],""logprob"":-9.205730438232422,""rank"":3},{""token"":""\""text"",""token_id"":null,""bytes"":[34,116,101,120,116],""logprob"":-13.042868614196777,""rank"":4},{""token"":""  \n"",""token_id"":null,""bytes"":[32,32,10],""logprob"":-13.055774688720703,""rank"":5}]"
main,D,K7,431,CBAD,4,4," """,,"[32,34]",-5.1260126383567695e-06,1,"[{""token"":"" \"""",""token_id"":null,""bytes"":[32,34],""logprob"":-5.1260126383567695e-06,""rank"":1},{""token"":"" \""_"",""token_id"":null,""bytes"":[32,34,95],""logprob"":-12.858902931213379,""rank"":2},{""token"":"" \""\\\"""",""token_id"":null,""bytes"":[32,34,92,34],""logprob"":-13.873766899108887,""rank"":3},{""token"":"" mode"",""token_id"":null,""bytes"":[32,109,111,100,101],""logprob"":-14.700273513793945,""rank"":4},{""token"":"" \""__"",""token_id"":null,""bytes"":[32,34,95,95],""logprob"":-15.031352996826172,""rank"":5}]"
main,D,K7,431,CBAD,4,5,mode,,"[109,111,100,101]",-0.00010383668268332258,1,"[{""token"":""mode"",""token_id"":null,""bytes"":[109,111,100,101],""logprob"":-0.00010383668268332258,""rank"":1},{""token"":""texte"",""token_id"":null,""bytes"":[116,101,120,116,101],""logprob"":-9.640795707702637,""rank"":2},{""token"":""\tmode"",""token_id"":null,""bytes"":[9,109,111,100,101],""logprob"":-12.447422981262207,""rank"":3},{""token"":""message"",""token_id"":null,""bytes"":[109,101,115,115,97,103,101],""logprob"":-12.718585014343262,""rank"":4},{""token"":""type"",""token_id"":null,""bytes"":[116,121,112,101],""logprob"":-12.868250846862793,""rank"":5}]"
main,D,K7,431,CBAD,4,6,""":",,"[34,58]",-5.960482212685747e-06,1,"[{""token"":""\"":"",""token_id"":null,""bytes"":[34,58],""logprob"":-5.960482212685747e-06,""rank"":1},{""token"":""\"":\"""",""token_id"":null,""bytes"":[34,58,34],""logprob"":-12.444189071655273,""rank"":2},{""token"":""\"""",""token_id"":null,""bytes"":[34],""logprob"":-13.91639518737793,""rank"":3},{""token"":""\"","",""token_id"":null,""bytes"":[34,44],""logprob"":-14.644887924194336,""rank"":4},{""token"":""':"",""token_id"":null,""bytes"":[39,58],""logprob"":-15.362749099731445,""rank"":5}]"
main,D,K7,431,CBAD,4,7," """,,"[32,34]",-7.009752152953297e-05,1,"[{""token"":"" \"""",""token_id"":null,""bytes"":[32,34],""logprob"":-7.009752152953297e-05,""rank"":1},{""token"":"" \""\"","",""token_id"":null,""bytes"":[32,34,34,44],""logprob"":-11.385831832885742,""rank"":2},{""token"":"" \""..."",""token_id"":null,""bytes"":[32,34,46,46,46],""logprob"":-11.577933311462402,""rank"":3},{""token"":"" parole"",""token_id"":null,""bytes"":[32,112,97,114,111,108,101],""logprob"":-11.88742446899414,""rank"":4},{""token"":"" \""\"""",""token_id"":null,""bytes"":[32,34,34],""logprob"":-12.021692276000977,""rank"":5}]"
main,D,K7,431,CBAD,4,8,sil,,"[115,105,108]",-0.5934948325157166,1,"[{""token"":""sil"",""token_id"":null,""bytes"":[115,105,108],""logprob"":-0.5934948325157166,""rank"":1},{""token"":""parole"",""token_id"":null,""bytes"":[112,97,114,111,108,101],""logprob"":-0.8133338689804077,""rank"":2},{""token"":""par"",""token_id"":null,""bytes"":[112,97,114],""logprob"":-7.302597522735596,""rank"":3},{""token"":""pare"",""token_id"":null,""bytes"":[112,97,114,101],""logprob"":-8.257190704345703,""rank"":4},{""token"":""s"",""token_id"":null,""bytes"":[115],""logprob"":-8.34564208984375,""rank"":5}]"
main,D,K7,431,CBAD,4,9,ence,,"[101,110,99,101]",-9.775209946383256e-06,1,"[{""token"":""ence"",""token_id"":null,""bytes"":[101,110,99,101],""logprob"":-9.775209946383256e-06,""rank"":1},{""token"":""ience"",""token_id"":null,""bytes"":[105,101,110,99,101],""logprob"":-11.974973678588867,""rank"":2},{""token"":""ance"",""token_id"":null,""bytes"":[97,110,99,101],""logprob"":-12.842367172241211,""rank"":3},{""token"":""enc"",""token_id"":null,""bytes"":[101,110,99],""logprob"":-15.266870498657227,""rank"":4},{""token"":""ences"",""token_id"":null,""bytes"":[101,110,99,101,115],""logprob"":-16.035558700561523,""rank"":5}]"
main,D,K7,431,CBAD,4,10,""",",,"[34,44]",-0.11132138222455978,1,"[{""token"":""\"","",""token_id"":null,""bytes"":[34,44],""logprob"":-0.11132138222455978,""rank"":1},{""token"":""\"""",""token_id"":null,""bytes"":[34],""logprob"":-2.2505369186401367,""rank"":2},{""token"":""\n"",""token_id"":null,""bytes"":[10],""logprob"":-12.997644424438477,""rank"":3},{""token"":""\""."",""token_id"":null,""bytes"":[34,46],""logprob"":-13.728401184082031,""rank"":4},{""token"":""\\\"","",""token_id"":null,""bytes"":[92,34,44],""logprob"":-14.240416526794434,""rank"":5}]"
main,D,K7,431,CBAD,4,11,"
",,[10],-3.57628505298635e-06,1,"[{""token"":""\n"",""token_id"":null,""bytes"":[10],""logprob"":-3.57628505298635e-06,""rank"":1},{""token"":"" \n"",""token_id"":null,""bytes"":[32,10],""logprob"":-13.045957565307617,""rank"":2},{""token"":"""",""token_id"":null,""bytes"":[],""logprob"":-14.220623016357422,""rank"":3},{""token"":""\n\n"",""token_id"":null,""bytes"":[10,10],""logprob"":-14.449294090270996,""rank"":4},{""token"":"" \"""",""token_id"":null,""bytes"":[32,34],""logprob"":-15.582581520080566,""rank"":5}]"
main,D,K7,431,CBAD,4,12, ,,[32],-4.768372718899627e-07,1,"[{""token"":"" "",""token_id"":null,""bytes"":[32],""logprob"":-4.768372718899627e-07,""rank"":1},{""token"":"" \"""",""token_id"":null,""bytes"":[32,34],""logprob"":-14.934100151062012,""rank"":2},{""token"":""  \n"",""token_id"":null,""bytes"":[32,32,10],""logprob"":-15.774998664855957,""rank"":3},{""token"":"" texte"",""token_id"":null,""bytes"":[32,116,101,120,116,101],""logprob"":-17.64464569091797,""rank"":4},{""token"":""\"":"",""token_id"":null,""bytes"":[34,58],""logprob"":-17.890995025634766,""rank"":5}]"
main,D,K7,431,CBAD,4,13," """,,"[32,34]",-2.0265599687263602e-06,1,"[{""token"":"" \"""",""token_id"":null,""bytes"":[32,34],""logprob"":-2.0265599687263602e-06,""rank"":1},{""token"":"" \""\"""",""token_id"":null,""bytes"":[32,34,34],""logprob"":-13.254087448120117,""rank"":2},{""token"":"" \""\\\"""",""token_id"":null,""bytes"":[32,34,92,34],""logprob"":-16.043081283569336,""rank"":3},{""token"":"" \""_"",""token_id"":null,""bytes"":[32,34,95],""logprob"":-16.407825469970703,""rank"":4},{""token"":"" \""."",""token_id"":null,""bytes"":[32,34,46],""logprob"":-16.942138671875,""rank"":5}]"
main,D,K7,431,CBAD,4,14,texte,,"[116,101,120,116,101]",-0.0006448320928029716,1,"[{""token"":""texte"",""token_id"":null,""bytes"":[116,101,120,116,101],""logprob"":-0.0006448320928029716,""rank"":1},{""token"":""texto"",""token_id"":null,""bytes"":[116,101,120,116,111],""logprob"":-7.806743621826172,""rank"":2},{""token"":"" texte"",""token_id"":null,""bytes"":[32,116,101,120,116,101],""logprob"":-9.280204772949219,""rank"":3},{""token"":""texture"",""token_id"":null,""bytes"":[116,101,120,116,117,114,101],""logprob"":-10.911214828491211,""rank"":4},{""token"":""text"",""token_id"":null,""bytes"":[116,101,120,116],""logprob"":-11.027225494384766,""rank"":5}]"
main,D,K7,431,CBAD,4,15,""":",,"[34,58]",-9.179157132166438e-06,1,"[{""token"":""\"":"",""token_id"":null,""bytes"":[34,58],""logprob"":-9.179157132166438e-06,""rank"":1},{""token"":""\"""",""token_id"":null,""bytes"":[34],""logprob"":-11.782276153564453,""rank"":2},{""token"":""\"":\""\"""",""token_id"":null,""bytes"":[34,58,34,34],""logprob"":-13.713590621948242,""rank"":3},{""token"":""\\\"":"",""token_id"":null,""bytes"":[92,34,58],""logprob"":-15.420682907104492,""rank"":4},{""token"":""\"":\"""",""token_id"":null,""bytes"":[34,58,34],""logprob"":-16.319738388061523,""rank"":5}]"
main,D,K7,431,CBAD,4,16," """"",,"[32,34,34]",-0.0032456680200994015,1,"[{""token"":"" \""\"""",""token_id"":null,""bytes"":[32,34,34],""logprob"":-0.0032456680200994015,""rank"":1},{""token"":"" \"""",""token_id"":null,""bytes"":[32,34],""logprob"":-6.055448055267334,""rank"":2},{""token"":"" null"",""token_id"":null,""bytes"":[32,110,117,108,108],""logprob"":-7.501000881195068,""rank"":3},{""token"":"" \""\"","",""token_id"":null,""bytes"":[32,34,34,44],""logprob"":-8.500384330749512,""rank"":4},{""token"":"" \""\\\"""",""token_id"":null,""bytes"":[32,34,92,34],""logprob"":-9.465580940246582,""rank"":5}]"
main,D,K7,431,CBAD,4,17,"
",,[10],-8.344653679159819e-07,1,"[{""token"":""\n"",""token_id"":null,""bytes"":[10],""logprob"":-8.344653679159819e-07,""rank"":1},{""token"":"""",""token_id"":null,""bytes"":[],""logprob"":-14.713308334350586,""rank"":2},{""token"":"" \n"",""token_id"":null,""bytes"":[32,10],""logprob"":-15.195917129516602,""rank"":3},{""token"":""\n\n"",""token_id"":null,""bytes"":[10,10],""logprob"":-15.342458724975586,""rank"":4},{""token"":""\n\n\n"",""token_id"":null,""bytes"":[10,10,10],""logprob"":-18.374958038330078,""rank"":5}]"
main,D,K7,431,CBAD,4,18,},,[125],-2.622607780722319e-06,1,"[{""token"":""}"",""token_id"":null,""bytes"":[125],""logprob"":-2.622607780722319e-06,""rank"":1},{""token"":""},"",""token_id"":null,""bytes"":[125,44],""logprob"":-13.304072380065918,""rank"":2},{""token"":""}\"""",""token_id"":null,""bytes"":[125,34],""logprob"":-14.436419486999512,""rank"":3},{""token"":""}'"",""token_id"":null,""bytes"":[125,39],""logprob"":-14.71263599395752,""rank"":4},{""token"":"""",""token_id"":null,""bytes"":[],""logprob"":-16.880449295043945,""rank"":5}]"
