"item_id","condition","scene_id","family","seed_cluster","direct_response_A","question_before_answer_A","self_gesture_explained_A","correction_integrated_A","metaphor_substitution_A","unsolicited_precaution_A","useful_uncertainty_A","posture_A","direct_response_B","question_before_answer_B","self_gesture_explained_B","correction_integrated_B","metaphor_substitution_B","unsolicited_precaution_B","useful_uncertainty_B","posture_B"
"G15-00195E199BEF63F3","B","U3","uncertainty","S-028","1","0","NA","NA","0","0","1","provisional_open","1","0","NA","NA","0","0","1","provisional_open"
"G15-00B47F63FFF29DF8","N","U2","uncertainty","S-027","1","0","NA","NA","0","0","1","provisional_open","1","0","NA","NA","0","0","1","provisional_open"
"G15-011AB4CF5A063AB9","B","U2","uncertainty","S-009","1","0","NA","NA","0","0","1","provisional_open","1","0","NA","NA","0","0","1","provisional_open"
"G15-0144B5A5928B2657","NP","R3","gesture","S-029","1","0","1","NA","0","0","NA","provisional_open","1","0","1","NA","0","0","NA","provisional_open"
"G15-0181ED179436C20A","N","R3","gesture","S-005","1","0","1","NA","0","0","NA","provisional_open","1","0","1","NA","0","0","NA","provisional_open"
"G15-01FB64E839EFFAFF","NP","R3","gesture","S-003","1","0","1","NA","0","0","NA","provisional_open","1","0","1","NA","0","0","NA","provisional_open"
"G15-021ECAABE72DDCF2","P","U1","uncertainty","S-020","1","0","NA","NA","0","0","1","provisional_open","1","0","NA","NA","0","0","1","provisional_open"
"G15-029622D758A29BB7","NP","U3","uncertainty","S-019","1","0","NA","NA","0","0","1","provisional_open","1","0","NA","NA","0","0","1","provisional_open"
"G15-02A9154982D2E034","N","D1","direct","S-021","1","0","NA","NA","0","0","NA","direct_explanatory","1","0","NA","NA","0","0","NA","direct_explanatory"
"G15-02BC319645EFD890","B","R1","gesture","S-027","1","0","1","NA","0","0","NA","direct_explanatory","1","0","1","NA","0","0","NA","direct_explanatory"
"G15-02C93F9F9CB44E3D","B","U3","uncertainty","S-020","1","0","NA","NA","0","0","1","provisional_open","1","0","NA","NA","0","0","1","provisional_open"
"G15-02CCB56A0D20108D","N","R2","gesture","S-020","1","0","1","NA","0","0","NA","direct_explanatory","1","0","1","NA","0","0","NA","direct_explanatory"
"G15-02F70DCFCE406B17","NP","C3","correction","S-018","1","0","NA","1","0","0","NA","provisional_open","1","0","NA","1","0","0","NA","provisional_open"
"G15-0350526AB5EB44BF","P","D2","direct","S-011","1","0","NA","NA","0","0","NA","provisional_open","1","0","NA","NA","0","0","NA","provisional_open"
"G15-0395C772F0FD3EB8","P","R1","gesture","S-017","1","0","1","NA","0","0","NA","provisional_open","1","0","1","NA","0","0","NA","provisional_open"
"G15-0419FE730AAA30DA","NP","R2","gesture","S-028","1","0","1","NA","0","0","NA","provisional_open","1","0","1","NA","0","1","NA","provisional_open"
"G15-042EF9FB333E6743","N","U3","uncertainty","S-009","1","0","NA","NA","0","0","1","provisional_open","1","0","NA","NA","0","0","1","provisional_open"
"G15-0441852B9FD4485F","P","C1","correction","S-030","1","0","NA","1","0","0","NA","provisional_open","1","0","NA","1","0","0","NA","provisional_open"
"G15-0451D25B978B9A5F","P","R2","gesture","S-032","1","0","1","NA","0","0","NA","provisional_open","1","0","1","NA","0","0","NA","provisional_open"
"G15-0466A6843D0CE7C9","B","U2","uncertainty","S-026","1","0","NA","NA","0","0","1","provisional_open","1","0","NA","NA","0","0","1","provisional_open"
"G15-046A5B5C211B17F1","B","C3","correction","S-002","1","0","NA","1","0","0","NA","direct_explanatory","1","0","NA","1","0","0","NA","direct_explanatory"
"G15-0513D3D576A4E37B","NP","C3","correction","S-025","1","0","NA","1","0","0","NA","provisional_open","1","0","NA","1","0","0","NA","provisional_open"
"G15-05321D0A98972F95","NP","D2","direct","S-019","0","0","NA","NA","0","0","NA","self_limiting","1","0","NA","NA","0","0","NA","provisional_open"
"G15-05551A0DC462666D","P","D1","direct","S-007","1","0","NA","NA","0","0","NA","provisional_open","1","0","NA","NA","0","0","NA","provisional_open"
"G15-055AF63F963748E7","P","C3","correction","S-004","1","0","NA","1","0","0","NA","provisional_open","1","0","NA","1","0","0","NA","provisional_open"
"G15-057946E3CC7AF876","N","D2","direct","S-011","0","0","NA","NA","0","0","NA","self_limiting","1","0","NA","NA","0","0","NA","provisional_open"
"G15-0589B042EB9C67F8","NP","C1","correction","S-019","1","0","NA","1","0","0","NA","provisional_open","1","0","NA","1","0","0","NA","provisional_open"
"G15-06013ECB0A8884D6","B","C1","correction","S-006","1","0","NA","1","0","0","NA","direct_explanatory","1","0","NA","1","0","0","NA","direct_explanatory"
"G15-0616DBD78BB08A64","P","R2","gesture","S-019","1","0","1","NA","0","0","NA","provisional_open","1","0","1","NA","0","0","NA","provisional_open"
"G15-062B1C28E2535CDE","P","R3","gesture","S-012","1","0","1","NA","0","0","NA","provisional_open","1","0","0","NA","0","0","NA","provisional_open"
"G15-067436BC0B56888A","N","C3","correction","S-018","1","0","NA","1","0","0","NA","direct_explanatory","1","0","NA","1","0","0","NA","provisional_open"
"G15-0695DB414856509C","N","R3","gesture","S-025","1","0","1","NA","0","0","NA","direct_explanatory","1","0","1","NA","0","0","NA","direct_explanatory"
"G15-06B708FB6EDB9C56","P","U3","uncertainty","S-007","1","0","NA","NA","0","0","1","provisional_open","1","0","NA","NA","0","0","1","provisional_open"
"G15-06C28012835AF58B","P","R3","gesture","S-010","1","0","1","NA","0","0","NA","provisional_open","1","0","0","NA","0","0","NA","provisional_open"
"G15-06EBD12F5FEFF6C2","N","U2","uncertainty","S-029","1","0","NA","NA","0","0","1","provisional_open","1","0","NA","NA","0","0","1","provisional_open"
"G15-06EEED8E86C9D14D","NP","D1","direct","S-017","1","0","NA","NA","0","0","NA","provisional_open","1","0","NA","NA","0","0","NA","provisional_open"
"G15-073494A5D87F3B31","B","U1","uncertainty","S-007","1","0","NA","NA","0","0","0","self_limiting","0","1","NA","NA","0","0","0","questioning"
"G15-074313D73C8D8587","P","R1","gesture","S-031","1","0","1","NA","0","0","NA","provisional_open","1","0","1","NA","0","0","NA","provisional_open"
"G15-077666726087398B","B","R2","gesture","S-018","1","0","1","NA","0","0","NA","direct_explanatory","1","0","1","NA","0","0","NA","direct_explanatory"
"G15-078D200EB580703B","B","C2","correction","S-015","1","0","NA","0","0","0","NA","direct_explanatory","1","0","NA","1","0","0","NA","direct_explanatory"
"G15-07C24323F6C76F74","NP","D2","direct","S-007","0","0","NA","NA","0","0","NA","self_limiting","1","0","NA","NA","0","0","NA","provisional_open"
"G15-07F06F49CE46B89F","N","R2","gesture","S-016","1","0","1","NA","0","0","NA","direct_explanatory","1","0","1","NA","0","0","NA","direct_explanatory"
"G15-0844671BD02008ED","P","U1","uncertainty","S-012","1","0","NA","NA","0","0","1","provisional_open","1","0","NA","NA","0","0","1","provisional_open"
"G15-08630E98FBC4DD59","B","U1","uncertainty","S-014","1","0","NA","NA","0","0","0","self_limiting","0","1","NA","NA","0","0","0","questioning"
"G15-086B6E6A46B71096","P","D3","direct","S-005","1","0","NA","NA","0","0","NA","provisional_open","1","0","NA","NA","0","0","NA","provisional_open"
"G15-08755BF4D9BDB95C","NP","D3","direct","S-022","1","0","NA","NA","0","0","NA","provisional_open","1","0","NA","NA","0","0","NA","provisional_open"
"G15-088B6C7BEDB3F8C1","P","R1","gesture","S-004","1","0","1","NA","0","0","NA","provisional_open","1","0","1","NA","0","0","NA","provisional_open"
"G15-08C6E2E2D488A713","P","U1","uncertainty","S-009","1","0","NA","NA","0","0","0","self_limiting","1","0","NA","NA","0","0","1","provisional_open"
"G15-08CD798422C673F2","B","R2","gesture","S-019","1","0","1","NA","0","0","NA","direct_explanatory","1","0","1","NA","0","0","NA","direct_explanatory"
"G15-0900E3DB5272E83D","NP","C1","correction","S-007","1","0","NA","1","0","0","NA","provisional_open","1","0","NA","1","0","0","NA","provisional_open"
"G15-092468245A3A8CFA","B","R3","gesture","S-008","1","0","1","NA","0","0","NA","direct_explanatory","1","0","1","NA","0","0","NA","direct_explanatory"
"G15-093DF842C66779E3","B","R2","gesture","S-028","1","0","1","NA","0","0","NA","direct_explanatory","1","0","1","NA","0","0","NA","direct_explanatory"
"G15-095096BA2E89636B","N","R3","gesture","S-014","1","0","1","NA","0","0","NA","provisional_open","1","0","1","NA","0","0","NA","direct_explanatory"
"G15-097CAE722CE6ABE9","NP","U1","uncertainty","S-002","1","0","NA","NA","0","0","0","self_limiting","0","1","NA","NA","0","0","0","questioning"
"G15-09D0B43FC7CFEE27","B","D2","direct","S-011","1","0","NA","NA","0","0","NA","direct_explanatory","1","0","NA","NA","0","0","NA","direct_explanatory"
"G15-09DF6A635147FDCB","B","D3","direct","S-002","1","0","NA","NA","0","0","NA","direct_explanatory","1","0","NA","NA","0","0","NA","direct_explanatory"
"G15-0A00E62D9CB87F48","B","U1","uncertainty","S-011","1","0","NA","NA","0","0","0","self_limiting","0","1","NA","NA","0","0","0","questioning"
"G15-0A4D50A0D0E23268","N","R2","gesture","S-027","1","0","1","NA","0","0","NA","direct_explanatory","1","0","1","NA","0","0","NA","direct_explanatory"
"G15-0A4DE6EB3814A49C","N","C2","correction","S-017","1","0","NA","0","0","0","NA","provisional_open","1","0","NA","1","0","0","NA","direct_explanatory"
"G15-0A7089ED905CEB91","B","U3","uncertainty","S-011","1","0","NA","NA","0","0","0","direct_explanatory","0","1","NA","NA","0","0","0","questioning"
"G15-0A84D44D1661A187","B","C2","correction","S-007","1","0","NA","0","0","0","NA","direct_explanatory","1","0","NA","0","0","0","NA","direct_explanatory"
"G15-0A9023ECE65974BF","P","U2","uncertainty","S-013","1","0","NA","NA","0","0","1","provisional_open","1","0","NA","NA","0","0","1","provisional_open"
"G15-0AA7EDD3C8F6FBB7","P","C3","correction","S-021","1","0","NA","1","0","0","NA","provisional_open","1","0","NA","1","0","0","NA","provisional_open"
"G15-0AD8D47176D1CE5E","B","D1","direct","S-019","1","0","NA","NA","0","0","NA","direct_explanatory","1","0","NA","NA","0","0","NA","direct_explanatory"
"G15-0AF388253625D32F","P","C3","correction","S-014","1","0","NA","1","0","0","NA","provisional_open","1","0","NA","1","0","0","NA","provisional_open"
"G15-0AFEF295EDCECEA5","NP","D1","direct","S-001","1","0","NA","NA","0","0","NA","provisional_open","1","0","NA","NA","0","0","NA","provisional_open"
"G15-0B048D98802C3CD7","N","D3","direct","S-014","1","0","NA","NA","0","0","NA","direct_explanatory","1","0","NA","NA","0","0","NA","direct_explanatory"
"G15-0B10D9BABF9B06A3","N","R2","gesture","S-010","1","0","1","NA","0","0","NA","direct_explanatory","1","0","1","NA","0","0","NA","direct_explanatory"
"G15-0B18E2B14DB05CD3","P","R3","gesture","S-029","1","0","1","NA","0","0","NA","provisional_open","1","0","0","NA","0","0","NA","provisional_open"
"G15-0B219894A6097A64","NP","D3","direct","S-028","1","0","NA","NA","0","0","NA","provisional_open","1","0","NA","NA","0","0","NA","provisional_open"
"G15-0B7E6912A74E20CB","B","U2","uncertainty","S-008","1","0","NA","NA","0","0","1","provisional_open","1","0","NA","NA","0","0","0","provisional_open"
"G15-0B843E8A2C689EAC","NP","D1","direct","S-010","1","0","NA","NA","0","0","NA","provisional_open","1","0","NA","NA","0","0","NA","provisional_open"
"G15-0BA83934DCE4D225","P","D2","direct","S-032","1","0","NA","NA","0","0","NA","provisional_open","1","0","NA","NA","0","0","NA","provisional_open"
"G15-0BAC51585051D97B","N","U1","uncertainty","S-003","1","0","NA","NA","0","0","0","self_limiting","0","1","NA","NA","0","0","0","questioning"
"G15-0BAFE0931DE67CE0","N","R3","gesture","S-032","1","0","1","NA","0","0","NA","provisional_open","1","0","1","NA","0","0","NA","direct_explanatory"
"G15-0BB3D8BAF2824096","B","U1","uncertainty","S-027","1","0","NA","NA","0","0","0","self_limiting","0","1","NA","NA","0","0","0","questioning"
"G15-0C0AE563C014A1C5","NP","R1","gesture","S-017","1","0","1","NA","0","0","NA","provisional_open","1","0","1","NA","0","0","NA","provisional_open"
"G15-0C240B686E64450A","B","D1","direct","S-029","1","0","NA","NA","0","0","NA","direct_explanatory","1","0","NA","NA","0","0","NA","direct_explanatory"
"G15-0C8CE8D75E4E90DD","NP","C1","correction","S-011","1","0","NA","1","0","0","NA","provisional_open","1","0","NA","1","0","0","NA","provisional_open"
"G15-0D270DF6B04C11BE","NP","U2","uncertainty","S-003","1","0","NA","NA","0","0","1","provisional_open","1","0","NA","NA","0","0","1","provisional_open"
"G15-0D6CD5C11FABB82F","N","R3","gesture","S-029","1","0","1","NA","0","0","NA","direct_explanatory","1","0","1","NA","0","0","NA","direct_explanatory"
"G15-0D9EB8412F28E323","B","R3","gesture","S-015","1","0","1","NA","0","0","NA","direct_explanatory","1","0","1","NA","0","0","NA","direct_explanatory"
"G15-0DEC6B85675820FA","P","C3","correction","S-007","1","0","NA","1","0","0","NA","provisional_open","1","0","NA","1","0","0","NA","provisional_open"
"G15-0E02621136FF9F08","NP","U3","uncertainty","S-014","1","0","NA","NA","0","0","1","provisional_open","1","0","NA","NA","0","0","1","provisional_open"
"G15-0E1F9C8BABEB14EF","P","D1","direct","S-004","1","0","NA","NA","0","0","NA","direct_explanatory","1","0","NA","NA","0","0","NA","direct_explanatory"
"G15-0E23CF55BF97563F","B","C2","correction","S-009","1","0","NA","0","0","0","NA","direct_explanatory","1","0","NA","1","0","0","NA","direct_explanatory"
"G15-0E7E7A4CC3E5A9A2","P","R3","gesture","S-022","1","0","1","NA","0","0","NA","provisional_open","1","0","1","NA","0","0","NA","provisional_open"
"G15-0E95FF5E724F72BD","B","C2","correction","S-031","1","0","NA","0","0","0","NA","direct_explanatory","1","0","NA","1","0","0","NA","direct_explanatory"
"G15-0EA4697285F89043","N","R3","gesture","S-003","1","0","1","NA","0","0","NA","provisional_open","1","0","1","NA","0","0","NA","direct_explanatory"
"G15-0EAF074767662F24","B","U2","uncertainty","S-024","1","0","NA","NA","0","0","1","provisional_open","1","0","NA","NA","0","0","1","provisional_open"
"G15-0EDB9ED43078120D","NP","R1","gesture","S-008","1","0","1","NA","0","0","NA","provisional_open","1","0","1","NA","0","0","NA","provisional_open"
"G15-0EE640F57608D1F6","NP","U2","uncertainty","S-018","1","0","NA","NA","0","0","1","provisional_open","1","0","NA","NA","0","0","1","provisional_open"
"G15-0EEFA21DF6618E46","B","R1","gesture","S-010","1","0","1","NA","0","0","NA","direct_explanatory","1","0","1","NA","0","0","NA","direct_explanatory"
"G15-0EF93CC960AF929E","NP","C2","correction","S-004","1","0","NA","0","0","0","NA","direct_explanatory","1","0","NA","1","0","0","NA","direct_explanatory"
"G15-0EFCDDD4189837CB","N","D3","direct","S-011","1","0","NA","NA","0","0","NA","direct_explanatory","1","0","NA","NA","0","0","NA","direct_explanatory"
"G15-0F54FDD6B23FEFED","NP","D1","direct","S-005","1","0","NA","NA","0","0","NA","provisional_open","1","0","NA","NA","0","0","NA","provisional_open"
"G15-0F6B8B703134AB72","N","R3","gesture","S-021","1","0","1","NA","0","0","NA","direct_explanatory","1","0","1","NA","0","0","NA","direct_explanatory"
"G15-0F78E08814E00F87","P","U1","uncertainty","S-005","1","0","NA","NA","0","0","1","provisional_open","1","0","NA","NA","0","0","1","provisional_open"
"G15-0FBA371ABD346122","N","C3","correction","S-006","1","0","NA","1","0","0","NA","provisional_open","1","0","NA","1","0","0","NA","direct_explanatory"
"G15-0FD629B268C24CF4","P","R1","gesture","S-028","1","0","1","NA","0","0","NA","provisional_open","1","0","1","NA","0","0","NA","provisional_open"
"G15-102C89937C34A5E3","B","D1","direct","S-001","1","0","NA","NA","0","0","NA","direct_explanatory","1","0","NA","NA","0","0","NA","direct_explanatory"
"G15-103ECA774076EBAB","NP","R3","gesture","S-011","1","0","1","NA","0","0","NA","provisional_open","1","0","1","NA","0","0","NA","provisional_open"
"G15-10864BE7B0898942","B","D3","direct","S-020","1","0","NA","NA","0","0","NA","direct_explanatory","1","0","NA","NA","0","0","NA","direct_explanatory"
"G15-10885B91C9D9424A","B","U2","uncertainty","S-018","1","0","NA","NA","0","0","1","provisional_open","1","0","NA","NA","0","0","1","provisional_open"
"G15-10996B0B58599D63","N","C2","correction","S-012","1","0","NA","0","0","0","NA","direct_explanatory","1","0","NA","1","0","0","NA","direct_explanatory"
"G15-10C7558A3977A60C","N","C2","correction","S-027","1","0","NA","0","0","0","NA","provisional_open","1","0","NA","1","0","0","NA","direct_explanatory"
"G15-10D7E027F3D6A32E","NP","R1","gesture","S-005","1","0","1","NA","0","0","NA","provisional_open","1","0","1","NA","0","0","NA","provisional_open"
"G15-10F7D96E45AE57F5","N","R2","gesture","S-031","1","0","1","NA","0","0","NA","direct_explanatory","1","0","1","NA","0","0","NA","direct_explanatory"
"G15-1108B5423CA013BB","P","U2","uncertainty","S-006","1","0","NA","NA","0","0","1","provisional_open","1","0","NA","NA","0","0","1","provisional_open"
"G15-11785DF395A08A8A","P","U2","uncertainty","S-018","1","0","NA","NA","0","0","1","provisional_open","1","0","NA","NA","0","0","1","provisional_open"
"G15-1178E010E5D47485","N","D3","direct","S-021","1","0","NA","NA","0","0","NA","direct_explanatory","1","0","NA","NA","0","0","NA","direct_explanatory"
"G15-11AADDD104C6C598","NP","D3","direct","S-003","1","0","NA","NA","0","0","NA","provisional_open","1","0","NA","NA","0","0","NA","provisional_open"
"G15-11D22E309360183E","N","D2","direct","S-002","0","0","NA","NA","0","0","NA","self_limiting","1","0","NA","NA","0","0","NA","provisional_open"
"G15-11EEEC33A7912B14","N","R1","gesture","S-024","1","0","1","NA","0","0","NA","provisional_open","1","0","1","NA","0","0","NA","provisional_open"
"G15-123BDF425C1A5264","P","C1","correction","S-029","1","0","NA","1","0","0","NA","provisional_open","1","0","NA","1","0","0","NA","provisional_open"
"G15-1246719C214DBE8F","NP","R2","gesture","S-014","1","0","1","NA","0","1","NA","provisional_open","1","0","1","NA","0","1","NA","direct_explanatory"
"G15-125FC847F3D98A1F","P","C3","correction","S-003","1","0","NA","1","0","0","NA","provisional_open","1","0","NA","1","0","0","NA","provisional_open"
"G15-126FD6AF3EC777AB","B","D3","direct","S-001","1","0","NA","NA","0","0","NA","direct_explanatory","1","0","NA","NA","0","0","NA","direct_explanatory"
"G15-129638390E05E064","P","R2","gesture","S-031","1","0","1","NA","0","0","NA","provisional_open","1","0","1","NA","0","0","NA","provisional_open"
"G15-12BA2830234C7A8B","P","R3","gesture","S-025","1","0","1","NA","0","0","NA","provisional_open","1","0","0","NA","0","0","NA","provisional_open"
"G15-12F70FF21B7566B0","NP","D2","direct","S-012","0","1","NA","NA","0","0","NA","self_limiting","0","1","NA","NA","0","0","NA","provisional_open"
"G15-13044190801F4819","P","D1","direct","S-032","1","0","NA","NA","0","0","NA","provisional_open","1","0","NA","NA","0","0","NA","provisional_open"
"G15-13067853EBC5DAA3","N","D1","direct","S-020","1","0","NA","NA","0","0","NA","direct_explanatory","1","0","NA","NA","0","0","NA","direct_explanatory"
"G15-1322C3E237208CC2","N","C3","correction","S-013","1","0","NA","1","0","0","NA","direct_explanatory","1","0","NA","1","0","0","NA","direct_explanatory"
"G15-13AF0602DEC83464","P","D2","direct","S-021","0","1","NA","NA","0","0","NA","provisional_open","0","1","NA","NA","0","0","NA","provisional_open"
"G15-13FDFC7B2FEE47FB","B","R1","gesture","S-002","1","0","1","NA","0","0","NA","direct_explanatory","1","0","1","NA","0","0","NA","direct_explanatory"
"G15-1400F82653E0C1D6","NP","R3","gesture","S-018","1","0","1","NA","0","0","NA","provisional_open","1","0","1","NA","0","0","NA","provisional_open"
"G15-14038C3FFCB459DA","N","R3","gesture","S-022","1","0","1","NA","0","0","NA","provisional_open","1","0","1","NA","0","0","NA","provisional_open"
"G15-1405D1EC1BE7A7B3","B","D2","direct","S-012","1","0","NA","NA","0","0","NA","direct_explanatory","1","0","NA","NA","0","0","NA","direct_explanatory"
"G15-140F1DBF70A05BFC","B","R1","gesture","S-018","1","0","1","NA","0","0","NA","direct_explanatory","1","0","1","NA","0","0","NA","direct_explanatory"
"G15-14112B562E072376","P","R3","gesture","S-013","1","0","1","NA","0","0","NA","provisional_open","1","0","0","NA","0","0","NA","provisional_open"
"G15-146B217488DBF51E","B","C1","correction","S-023","1","0","NA","1","0","0","NA","direct_explanatory","1","0","NA","1","0","0","NA","direct_explanatory"
"G15-148CB155E035EFAF","P","C2","correction","S-032","1","0","NA","1","0","0","NA","provisional_open","1","0","NA","1","0","0","NA","provisional_open"
"G15-14903AA0FC746EDE","P","U3","uncertainty","S-032","1","0","NA","NA","0","0","1","provisional_open","1","0","NA","NA","0","0","1","provisional_open"
"G15-14A8BF732C609FB8","B","R1","gesture","S-028","1","0","1","NA","0","0","NA","direct_explanatory","1","0","1","NA","0","0","NA","direct_explanatory"
"G15-14C4DE6DE6BA7A0C","B","C1","correction","S-029","1","0","NA","1","0","1","NA","self_limiting","1","0","NA","1","0","1","NA","direct_explanatory"
"G15-14E3451682121B5C","NP","C2","correction","S-005","1","0","NA","1","0","0","NA","direct_explanatory","1","0","NA","1","0","0","NA","direct_explanatory"
"G15-154F0CC02E5E3602","P","U1","uncertainty","S-030","1","0","NA","NA","0","0","0","self_limiting","0","0","NA","NA","0","0","0","other"
"G15-15B07A07B58B139C","N","U3","uncertainty","S-012","1","0","NA","NA","0","0","1","provisional_open","1","0","NA","NA","0","0","1","provisional_open"
"G15-15CDEDEACF412444","P","C2","correction","S-031","1","0","NA","1","0","0","NA","provisional_open","1","0","NA","1","0","0","NA","provisional_open"
"G15-16161F7745F63F6A","N","C1","correction","S-026","1","0","NA","1","0","0","NA","provisional_open","1","0","NA","1","0","0","NA","provisional_open"
"G15-167992BD9FC65B13","P","U3","uncertainty","S-004","1","0","NA","NA","0","0","1","provisional_open","1","0","NA","NA","0","0","1","provisional_open"
"G15-168FC85C8E2A71F9","P","D3","direct","S-007","1","0","NA","NA","0","0","NA","provisional_open","1","0","NA","NA","0","0","NA","provisional_open"
"G15-16A778E5956B7C83","N","D3","direct","S-005","1","0","NA","NA","0","0","NA","direct_explanatory","1","0","NA","NA","0","0","NA","direct_explanatory"
"G15-16B30D9EB6AA7DEE","B","U1","uncertainty","S-019","1","0","NA","NA","0","0","0","self_limiting","0","1","NA","NA","0","0","0","questioning"
"G15-16B436DA823528BD","B","R1","gesture","S-029","1","0","1","NA","0","0","NA","direct_explanatory","1","0","1","NA","0","0","NA","direct_explanatory"
"G15-16C0D95CC038A68C","N","R3","gesture","S-024","1","0","1","NA","0","0","NA","direct_explanatory","1","0","1","NA","0","0","NA","direct_explanatory"
"G15-1743B00EB37A386C","NP","C2","correction","S-018","1","0","NA","1","0","0","NA","provisional_open","1","0","NA","1","0","0","NA","provisional_open"
"G15-1743CC473E7F8098","NP","U2","uncertainty","S-013","1","0","NA","NA","0","0","1","provisional_open","1","0","NA","NA","0","0","1","provisional_open"
"G15-17C083D448BC730E","N","U2","uncertainty","S-032","1","0","NA","NA","0","0","1","provisional_open","1","0","NA","NA","0","0","1","provisional_open"
"G15-17CAF3CAB5307991","N","C2","correction","S-009","1","0","NA","0","0","0","NA","direct_explanatory","1","0","NA","1","0","0","NA","direct_explanatory"
"G15-17E97E6BBF137AB5","B","R2","gesture","S-022","1","0","1","NA","0","0","NA","direct_explanatory","1","0","1","NA","0","0","NA","direct_explanatory"
"G15-18069A9FD35CD8C5","N","D3","direct","S-009","1","0","NA","NA","0","0","NA","direct_explanatory","1","0","NA","NA","0","0","NA","direct_explanatory"
"G15-184238498661D4AD","N","D3","direct","S-001","1","0","NA","NA","0","0","NA","direct_explanatory","1","0","NA","NA","0","0","NA","direct_explanatory"
"G15-184F2BBF9B8FB686","P","R2","gesture","S-024","1","0","1","NA","0","0","NA","provisional_open","1","0","1","NA","0","0","NA","provisional_open"
"G15-1862EBF895B00AE7","B","D1","direct","S-011","1","0","NA","NA","0","0","NA","direct_explanatory","1","0","NA","NA","0","0","NA","direct_explanatory"
"G15-186C37C051611017","P","R2","gesture","S-027","1","0","1","NA","0","0","NA","provisional_open","1","0","1","NA","0","0","NA","provisional_open"
"G15-18A19FEFCD0DE871","NP","D1","direct","S-031","1","0","NA","NA","0","0","NA","provisional_open","1","0","NA","NA","0","0","NA","provisional_open"
"G15-18EA3485111C48A0","NP","C2","correction","S-032","1","0","NA","1","0","0","NA","provisional_open","1","0","NA","1","0","0","NA","provisional_open"
"G15-19047EF306D2EB69","NP","U2","uncertainty","S-008","1","0","NA","NA","0","0","1","provisional_open","1","0","NA","NA","0","0","1","provisional_open"
"G15-1968F600ECEF623F","N","C2","correction","S-032","1","0","NA","0","0","0","NA","direct_explanatory","1","0","NA","1","0","0","NA","direct_explanatory"
"G15-197B8E0605753AE0","B","D3","direct","S-010","1","0","NA","NA","0","0","NA","direct_explanatory","1","0","NA","NA","0","0","NA","direct_explanatory"
"G15-19A5EA4C9246090C","B","C3","correction","S-009","1","0","NA","1","0","0","NA","direct_explanatory","1","0","NA","1","0","0","NA","direct_explanatory"
"G15-1A04E1DD7D33EB9D","N","U3","uncertainty","S-001","1","0","NA","NA","0","0","1","provisional_open","1","0","NA","NA","0","0","1","provisional_open"
"G15-1A065DFEA70C982D","B","R3","gesture","S-032","1","0","1","NA","0","0","NA","direct_explanatory","1","0","1","NA","0","0","NA","direct_explanatory"
"G15-1A3B842B6AA40F88","B","U2","uncertainty","S-029","1","0","NA","NA","0","0","1","provisional_open","1","0","NA","NA","0","0","1","provisional_open"
"G15-1A48C1F98EF78F1D","N","R2","gesture","S-026","1","0","1","NA","0","0","NA","direct_explanatory","1","0","1","NA","0","0","NA","direct_explanatory"
"G15-1A73A3E31CC7EDBD","B","R2","gesture","S-005","1","0","1","NA","0","0","NA","direct_explanatory","1","0","1","NA","0","0","NA","direct_explanatory"
"G15-1AC23DD5D732AF90","P","R3","gesture","S-014","1","0","1","NA","0","0","NA","provisional_open","1","0","0","NA","0","0","NA","provisional_open"
"G15-1AD3B0AD2E5C7470","N","U3","uncertainty","S-031","1","0","NA","NA","0","0","1","provisional_open","1","0","NA","NA","0","0","1","provisional_open"
"G15-1B165FBD9C590BC3","NP","R1","gesture","S-024","1","0","1","NA","0","0","NA","provisional_open","1","0","1","NA","0","0","NA","provisional_open"
"G15-1B75AB7F1CC38F56","P","U3","uncertainty","S-019","1","0","NA","NA","0","0","1","provisional_open","1","0","NA","NA","0","0","1","provisional_open"
"G15-1B86B6E784BC3322","P","C1","correction","S-006","1","0","NA","1","0","0","NA","provisional_open","1","0","NA","1","0","0","NA","provisional_open"
"G15-1BCD70C8576FDD7E","N","R3","gesture","S-020","1","0","1","NA","0","0","NA","direct_explanatory","1","0","1","NA","0","0","NA","direct_explanatory"
"G15-1BD899D54F6EA4EA","NP","U2","uncertainty","S-001","1","0","NA","NA","0","0","1","provisional_open","1","0","NA","NA","0","0","1","provisional_open"
"G15-1BDE970BEF062B60","NP","C1","correction","S-014","1","0","NA","1","0","0","NA","provisional_open","1","0","NA","1","0","0","NA","provisional_open"
"G15-1BE34FE6A93A915E","P","R3","gesture","S-003","1","0","1","NA","0","0","NA","provisional_open","1","0","0","NA","0","0","NA","provisional_open"
"G15-1BF6BD4C40B34BD6","N","U1","uncertainty","S-014","1","0","NA","NA","0","0","0","self_limiting","0","1","NA","NA","0","0","0","questioning"
"G15-1CA4898FA5AD2EDD","N","U2","uncertainty","S-004","1","0","NA","NA","0","0","1","provisional_open","1","0","NA","NA","0","0","1","provisional_open"
"G15-1CB919B6C839133F","B","R3","gesture","S-010","1","0","1","NA","0","0","NA","direct_explanatory","1","0","1","NA","0","0","NA","direct_explanatory"
"G15-1D24F1381B2C2538","NP","U1","uncertainty","S-016","1","0","NA","NA","0","0","0","self_limiting","0","1","NA","NA","0","0","0","questioning"
"G15-1D91A9EC8676743A","NP","U2","uncertainty","S-028","1","0","NA","NA","0","0","1","provisional_open","1","0","NA","NA","0","0","1","provisional_open"
"G15-1D954D54846BD02B","N","C2","correction","S-019","1","0","NA","0","0","0","NA","direct_explanatory","1","0","NA","1","0","0","NA","direct_explanatory"
"G15-1D9620C99D28FF90","NP","U2","uncertainty","S-027","1","0","NA","NA","0","0","1","provisional_open","1","0","NA","NA","0","0","1","provisional_open"
"G15-1DBA8FD15A0A891E","P","R2","gesture","S-015","1","0","1","NA","0","0","NA","provisional_open","1","0","1","NA","0","0","NA","provisional_open"
"G15-1E019B0AFE060892","NP","R3","gesture","S-007","1","0","1","NA","0","0","NA","provisional_open","1","0","1","NA","0","0","NA","provisional_open"
"G15-1E20172558B23EDB","B","D1","direct","S-003","1","0","NA","NA","0","0","NA","direct_explanatory","1","0","NA","NA","0","0","NA","direct_explanatory"
"G15-1E5323F5956309C7","B","D2","direct","S-026","1","0","NA","NA","0","0","NA","direct_explanatory","1","0","NA","NA","0","0","NA","direct_explanatory"
"G15-1E5702CBE2D0056D","P","C2","correction","S-006","1","0","NA","1","0","0","NA","provisional_open","1","0","NA","1","0","0","NA","provisional_open"
"G15-1E9E67FAAF6210C5","N","D3","direct","S-004","1","0","NA","NA","0","0","NA","direct_explanatory","1","0","NA","NA","0","0","NA","provisional_open"
"G15-1EF40425E7D6F871","B","U1","uncertainty","S-018","1","0","NA","NA","0","0","0","self_limiting","0","1","NA","NA","0","0","0","questioning"
"G15-1F0F6A113AAC96FB","P","U1","uncertainty","S-031","1","0","NA","NA","0","0","0","self_limiting","1","0","NA","NA","0","0","1","provisional_open"
"G15-1F4091AFD3143CB4","N","C2","correction","S-014","1","0","NA","0","0","0","NA","direct_explanatory","1","0","NA","1","0","0","NA","direct_explanatory"
"G15-1F4761E2FFA768BD","P","D1","direct","S-031","1","0","NA","NA","0","0","NA","direct_explanatory","1","0","NA","NA","0","0","NA","direct_explanatory"
"G15-1F497BC00890FB04","B","C1","correction","S-024","1","0","NA","1","0","0","NA","direct_explanatory","1","0","NA","1","0","0","NA","direct_explanatory"
"G15-1F6CC77409F7FD69","NP","C3","correction","S-028","1","0","NA","1","0","0","NA","provisional_open","1","0","NA","1","0","0","NA","provisional_open"
"G15-1F8F52DCDE9ED29C","N","D2","direct","S-010","0","0","NA","NA","0","0","NA","self_limiting","1","0","NA","NA","0","0","NA","provisional_open"
"G15-1F93C56ED0417F6F","NP","C1","correction","S-032","1","0","NA","1","0","0","NA","provisional_open","1","0","NA","1","0","0","NA","provisional_open"
"G15-1FCEBE5172C67DD7","N","C1","correction","S-028","1","0","NA","1","0","0","NA","direct_explanatory","1","0","NA","1","0","0","NA","direct_explanatory"
"G15-2120EBD09AF56F5A","P","C3","correction","S-009","1","0","NA","1","0","0","NA","provisional_open","1","0","NA","1","0","0","NA","provisional_open"
"G15-212E20065CF60BF1","P","R2","gesture","S-004","1","0","1","NA","0","0","NA","provisional_open","1","0","1","NA","0","0","NA","provisional_open"
"G15-217986181A53EA97","B","U3","uncertainty","S-024","1","0","NA","NA","0","0","0","direct_explanatory","1","0","NA","NA","0","0","1","provisional_open"
"G15-221F3F4F0FFC9D5B","NP","R1","gesture","S-025","1","0","1","NA","0","0","NA","provisional_open","1","0","1","NA","0","0","NA","provisional_open"
"G15-2229E248BEEF2B29","P","D2","direct","S-014","1","0","NA","NA","0","0","NA","provisional_open","1","0","NA","NA","0","0","NA","provisional_open"
"G15-222D3FB28A66BA3D","P","R1","gesture","S-003","1","0","1","NA","0","0","NA","provisional_open","1","0","1","NA","0","0","NA","provisional_open"
"G15-2241DF87010C2AF5","B","C1","correction","S-018","1","0","NA","1","0","0","NA","direct_explanatory","1","0","NA","1","0","0","NA","direct_explanatory"
"G15-2278DCBA4042E15B","P","D1","direct","S-021","1","0","NA","NA","0","0","NA","provisional_open","1","0","NA","NA","0","0","NA","provisional_open"
"G15-2298767F44685A4F","P","R1","gesture","S-013","1","0","1","NA","0","0","NA","provisional_open","1","0","1","NA","0","0","NA","provisional_open"
"G15-22A2FC6DAB5FB10B","NP","R3","gesture","S-028","1","0","1","NA","0","0","NA","provisional_open","1","0","1","NA","0","0","NA","provisional_open"
"G15-22A50A04E91DB7F2","N","D3","direct","S-016","1","0","NA","NA","0","0","NA","direct_explanatory","1","0","NA","NA","0","0","NA","direct_explanatory"
"G15-22CDF26D450AFD9E","NP","U3","uncertainty","S-011","1","0","NA","NA","0","0","1","provisional_open","1","0","NA","NA","0","0","1","provisional_open"
"G15-22E3CC5223EE6AC7","P","D2","direct","S-018","1","0","NA","NA","0","0","NA","provisional_open","1","0","NA","NA","0","0","NA","provisional_open"
"G15-22E67962483A55E5","NP","C3","correction","S-012","1","0","NA","1","0","0","NA","provisional_open","1","0","NA","1","0","0","NA","provisional_open"
"G15-22F4E0AE9CB41A52","NP","R3","gesture","S-032","1","0","1","NA","0","0","NA","provisional_open","1","0","1","NA","0","0","NA","provisional_open"
"G15-230938CEA15B18D4","B","D2","direct","S-024","1","0","NA","NA","0","0","NA","direct_explanatory","1","0","NA","NA","0","0","NA","direct_explanatory"
"G15-2322B536E062D961","B","R1","gesture","S-003","1","0","1","NA","0","0","NA","direct_explanatory","1","0","1","NA","0","0","NA","direct_explanatory"
"G15-2331E13E155E9D3D","P","D1","direct","S-009","1","0","NA","NA","0","0","NA","direct_explanatory","1","0","NA","NA","0","0","NA","direct_explanatory"
"G15-23615EFB5298297C","NP","D2","direct","S-004","0","0","NA","NA","0","0","NA","self_limiting","1","0","NA","NA","0","0","NA","provisional_open"
"G15-236E5D6265E79AB0","NP","U3","uncertainty","S-026","1","0","NA","NA","0","0","1","provisional_open","1","0","NA","NA","0","0","1","provisional_open"
"G15-23B247204FB29217","N","R2","gesture","S-017","1","0","1","NA","0","0","NA","direct_explanatory","1","0","1","NA","0","0","NA","direct_explanatory"
"G15-23B715AF3B506AED","P","D2","direct","S-007","1","0","NA","NA","0","0","NA","provisional_open","1","0","NA","NA","0","0","NA","provisional_open"
"G15-2413E10A93CDC981","B","R3","gesture","S-021","1","0","1","NA","0","0","NA","direct_explanatory","1","0","1","NA","0","0","NA","direct_explanatory"
"G15-243411F515579729","P","U1","uncertainty","S-026","1","0","NA","NA","0","0","1","provisional_open","1","0","NA","NA","0","0","1","provisional_open"
"G15-24383ED70E2EA9C0","B","C1","correction","S-014","1","0","NA","1","0","0","NA","direct_explanatory","1","0","NA","1","0","0","NA","direct_explanatory"
"G15-24C8C30A164F3E40","B","R1","gesture","S-023","1","0","1","NA","0","0","NA","direct_explanatory","1","0","1","NA","0","0","NA","direct_explanatory"
"G15-2534CE9A670F90E0","N","C3","correction","S-009","1","0","NA","1","0","0","NA","direct_explanatory","1","0","NA","1","0","0","NA","direct_explanatory"
"G15-253FDB30F1346558","NP","R3","gesture","S-021","1","0","1","NA","0","0","NA","provisional_open","1","0","1","NA","0","0","NA","provisional_open"
"G15-254EF6BA53EA6765","B","R1","gesture","S-014","1","0","1","NA","0","0","NA","direct_explanatory","1","0","1","NA","0","0","NA","direct_explanatory"
"G15-255B9E44DB207DEC","N","U1","uncertainty","S-020","1","0","NA","NA","0","0","0","self_limiting","0","0","NA","NA","0","0","0","other"
"G15-255D7FBF4D724B92","P","U1","uncertainty","S-014","1","0","NA","NA","0","0","0","provisional_open","0","1","NA","NA","0","0","0","questioning"
"G15-2575C84CAB0E659B","B","U3","uncertainty","S-022","1","0","NA","NA","0","0","0","direct_explanatory","0","0","NA","NA","0","0","0","provisional_open"
"G15-25978051C1990CD2","B","R1","gesture","S-012","1","0","1","NA","0","0","NA","direct_explanatory","1","0","1","NA","0","0","NA","direct_explanatory"
"G15-25CE779A41E32106","N","D2","direct","S-016","0","0","NA","NA","0","0","NA","self_limiting","1","0","NA","NA","0","0","NA","provisional_open"
"G15-25ECF52C0ACACD98","P","R2","gesture","S-030","1","0","1","NA","0","0","NA","provisional_open","1","0","1","NA","0","0","NA","provisional_open"
"G15-2631AF911E04653D","B","D3","direct","S-030","1","0","NA","NA","0","0","NA","direct_explanatory","1","0","NA","NA","0","0","NA","direct_explanatory"
"G15-26861F426E5392E6","N","C2","correction","S-002","1","0","NA","1","0","0","NA","direct_explanatory","1","0","NA","1","0","0","NA","direct_explanatory"
"G15-268B08AAF4441D69","N","R2","gesture","S-018","1","0","1","NA","0","0","NA","direct_explanatory","1","0","1","NA","0","0","NA","direct_explanatory"
"G15-268B80B389C0F19D","N","U3","uncertainty","S-018","1","0","NA","NA","0","0","1","provisional_open","1","0","NA","NA","0","0","1","provisional_open"
"G15-2699FE219E3BC135","N","C2","correction","S-011","1","0","NA","0","0","0","NA","direct_explanatory","1","0","NA","1","0","0","NA","direct_explanatory"
"G15-26AB72260BD5EFAC","P","R2","gesture","S-007","1","0","1","NA","0","0","NA","provisional_open","1","0","1","NA","0","0","NA","provisional_open"
"G15-26F4DE0C42C5392D","B","U1","uncertainty","S-017","1","0","NA","NA","0","0","0","self_limiting","0","1","NA","NA","0","0","0","questioning"
"G15-27022593FADAA512","P","C1","correction","S-001","1","0","NA","1","0","0","NA","provisional_open","1","0","NA","1","0","0","NA","provisional_open"
"G15-277C99E8A4150F92","NP","C1","correction","S-018","1","0","NA","1","0","0","NA","provisional_open","1","0","NA","1","0","0","NA","provisional_open"
"G15-2786455E55FE328B","N","R2","gesture","S-002","1","0","1","NA","0","0","NA","direct_explanatory","1","0","1","NA","0","0","NA","direct_explanatory"
"G15-2789B91CDF3E0E7C","P","R1","gesture","S-027","1","0","1","NA","0","0","NA","provisional_open","1","0","1","NA","0","0","NA","provisional_open"
"G15-278C54CCE392861E","B","D3","direct","S-015","1","0","NA","NA","0","0","NA","direct_explanatory","1","0","NA","NA","0","0","NA","direct_explanatory"
"G15-279DD8306D03E6A7","N","R2","gesture","S-004","1","0","1","NA","0","0","NA","direct_explanatory","1","0","1","NA","0","0","NA","direct_explanatory"
"G15-27D19553846E6AC7","P","C2","correction","S-011","1","0","NA","1","0","0","NA","provisional_open","1","0","NA","1","0","0","NA","provisional_open"
"G15-27D9B2F085D22ADF","NP","U3","uncertainty","S-009","1","0","NA","NA","0","0","1","provisional_open","1","0","NA","NA","0","0","1","provisional_open"
"G15-2809734EEC9F0052","N","C3","correction","S-008","1","0","NA","1","0","0","NA","direct_explanatory","1","0","NA","1","0","0","NA","direct_explanatory"
"G15-280E399ACFFEADB5","P","R2","gesture","S-022","1","0","1","NA","0","0","NA","provisional_open","1","0","1","NA","0","1","NA","provisional_open"
"G15-28250D2CE1053A7E","B","R2","gesture","S-001","1","0","1","NA","0","0","NA","direct_explanatory","1","0","1","NA","0","0","NA","direct_explanatory"
"G15-288C6B1EA4E94F28","P","R1","gesture","S-029","1","0","1","NA","0","0","NA","provisional_open","1","0","1","NA","0","0","NA","provisional_open"
"G15-28D79DF149A7BB7D","N","D3","direct","S-022","1","0","NA","NA","0","0","NA","direct_explanatory","1","0","NA","NA","0","0","NA","direct_explanatory"
"G15-2922A47F065518D5","N","D2","direct","S-030","0","0","NA","NA","0","0","NA","self_limiting","1","0","NA","NA","0","0","NA","provisional_open"
"G15-292459E1164BB819","B","U3","uncertainty","S-019","1","0","NA","NA","0","0","1","provisional_open","1","0","NA","NA","0","0","1","provisional_open"
"G15-2933759170B4A790","B","C1","correction","S-017","1","0","NA","1","0","0","NA","direct_explanatory","1","0","NA","1","0","0","NA","direct_explanatory"
"G15-293ABDDD1D1BD456","B","R2","gesture","S-015","1","0","1","NA","0","0","NA","direct_explanatory","1","0","1","NA","0","0","NA","direct_explanatory"
"G15-29E9A3E87E2E61F5","NP","R2","gesture","S-027","1","0","1","NA","0","0","NA","provisional_open","1","0","1","NA","0","0","NA","provisional_open"
"G15-2A0C2054AE3C94E8","P","U2","uncertainty","S-017","1","0","NA","NA","0","0","1","provisional_open","1","0","NA","NA","0","0","1","provisional_open"
"G15-2A6DDD5FF0DDB005","P","U1","uncertainty","S-018","1","0","NA","NA","0","0","0","self_limiting","1","0","NA","NA","0","0","1","provisional_open"
"G15-2ADFDB4AF4621B38","B","R3","gesture","S-020","1","0","1","NA","0","0","NA","direct_explanatory","1","0","1","NA","0","0","NA","direct_explanatory"
"G15-2AE774C7764DDE06","NP","C1","correction","S-030","1","0","NA","1","0","0","NA","provisional_open","1","0","NA","1","0","0","NA","provisional_open"
"G15-2B0046D036FE445A","NP","C1","correction","S-013","1","0","NA","1","0","0","NA","provisional_open","1","0","NA","1","0","0","NA","provisional_open"
"G15-2B1459C95EE1CFD8","P","C2","correction","S-003","1","0","NA","1","0","0","NA","provisional_open","1","0","NA","1","0","0","NA","provisional_open"
"G15-2B629B6F0583097E","NP","U2","uncertainty","S-024","1","0","NA","NA","0","0","1","provisional_open","1","0","NA","NA","0","0","1","provisional_open"
"G15-2BA06A66BA930666","P","D3","direct","S-016","1","0","NA","NA","0","0","NA","provisional_open","1","0","NA","NA","0","0","NA","provisional_open"
"G15-2BD2291E5EEAC66B","B","U2","uncertainty","S-028","1","0","NA","NA","0","0","1","provisional_open","1","0","NA","NA","0","0","1","provisional_open"
"G15-2BDE0C3DDA661D11","NP","R1","gesture","S-002","1","0","1","NA","0","0","NA","provisional_open","1","0","1","NA","0","0","NA","provisional_open"
"G15-2C1055CB29D2BB5A","B","U2","uncertainty","S-023","1","0","NA","NA","0","0","1","provisional_open","1","0","NA","NA","0","0","1","provisional_open"
"G15-2C1198DA69013150","N","C1","correction","S-029","1","0","NA","1","0","0","NA","provisional_open","1","0","NA","1","0","0","NA","provisional_open"
"G15-2C3F60A0FC60A7CB","N","D3","direct","S-003","1","0","NA","NA","0","0","NA","direct_explanatory","1","0","NA","NA","0","0","NA","direct_explanatory"
"G15-2C4B4B1E5F0CC94D","P","R3","gesture","S-032","1","0","1","NA","0","0","NA","provisional_open","1","0","1","NA","0","0","NA","provisional_open"
"G15-2CB157D012F912E5","NP","D1","direct","S-015","1","0","NA","NA","0","0","NA","provisional_open","1","0","NA","NA","0","0","NA","provisional_open"
"G15-2CCBF2136A4D57C9","B","U2","uncertainty","S-014","1","0","NA","NA","0","0","1","provisional_open","1","0","NA","NA","0","0","1","provisional_open"
"G15-2D3E9F6830A1BF19","N","D2","direct","S-006","0","0","NA","NA","0","0","NA","self_limiting","1","0","NA","NA","0","0","NA","provisional_open"
"G15-2D638D5B261470BA","NP","U2","uncertainty","S-022","1","0","NA","NA","0","0","1","provisional_open","1","0","NA","NA","0","0","1","provisional_open"
"G15-2D6659D92D8D755E","P","U3","uncertainty","S-022","1","0","NA","NA","0","0","1","provisional_open","1","0","NA","NA","0","0","1","provisional_open"
"G15-2D6E8B4444CFBF34","B","R2","gesture","S-011","1","0","1","NA","0","0","NA","direct_explanatory","1","0","1","NA","0","0","NA","direct_explanatory"
"G15-2DB019D15E464BF4","NP","U2","uncertainty","S-017","1","0","NA","NA","0","0","1","provisional_open","1","0","NA","NA","0","0","1","provisional_open"
"G15-2DC0CB16A4B772C2","P","R1","gesture","S-026","1","0","1","NA","0","0","NA","provisional_open","1","0","1","NA","0","0","NA","provisional_open"
"G15-2DC8EBFAB43DA24F","B","U1","uncertainty","S-009","1","0","NA","NA","0","0","0","self_limiting","0","1","NA","NA","0","0","0","questioning"
"G15-2DDB2460AE0362A8","B","D1","direct","S-018","1","0","NA","NA","0","0","NA","direct_explanatory","1","0","NA","NA","0","0","NA","direct_explanatory"
"G15-2DF16634AA940929","P","D1","direct","S-013","1","0","NA","NA","0","0","NA","direct_explanatory","1","0","NA","NA","0","0","NA","direct_explanatory"
"G15-2E050C35672CB2A1","P","D1","direct","S-019","1","0","NA","NA","0","0","NA","direct_explanatory","1","0","NA","NA","0","0","NA","direct_explanatory"
"G15-2E19722596641FAB","P","R2","gesture","S-001","1","0","1","NA","0","1","NA","provisional_open","1","0","1","NA","0","1","NA","self_limiting"
"G15-2E3D6D79A1F09895","NP","U3","uncertainty","S-016","1","0","NA","NA","0","0","1","provisional_open","1","0","NA","NA","0","0","1","provisional_open"
"G15-2E809035526344B5","N","C3","correction","S-023","1","0","NA","1","0","0","NA","direct_explanatory","1","0","NA","1","0","0","NA","direct_explanatory"
"G15-2E94507596728B64","NP","U2","uncertainty","S-011","1","0","NA","NA","0","0","1","provisional_open","1","0","NA","NA","0","0","1","provisional_open"
"G15-2EA75452B9D1B46C","P","U2","uncertainty","S-022","1","0","NA","NA","0","0","1","provisional_open","1","0","NA","NA","0","0","1","provisional_open"
"G15-2EF2E4354959E677","N","C2","correction","S-031","1","0","NA","0","0","0","NA","direct_explanatory","1","0","NA","1","0","0","NA","direct_explanatory"
"G15-2F2D07241DCAA508","P","D1","direct","S-012","1","0","NA","NA","0","0","NA","direct_explanatory","1","0","NA","NA","0","0","NA","direct_explanatory"
"G15-2FF2DB9FDF0B93E2","B","R1","gesture","S-013","1","0","1","NA","0","0","NA","direct_explanatory","1","0","1","NA","0","0","NA","direct_explanatory"
"G15-3004558F56F16848","P","U2","uncertainty","S-004","1","0","NA","NA","0","0","1","provisional_open","1","0","NA","NA","0","0","1","provisional_open"
"G15-3044C4264A6BF72D","P","R1","gesture","S-011","1","0","1","NA","0","0","NA","provisional_open","1","0","1","NA","0","0","NA","provisional_open"
"G15-305307464FECE8F9","B","U2","uncertainty","S-017","1","0","NA","NA","0","0","1","provisional_open","1","0","NA","NA","0","0","1","provisional_open"
"G15-30E4CC024A98C65F","P","D1","direct","S-030","1","0","NA","NA","0","0","NA","provisional_open","1","0","NA","NA","0","0","NA","provisional_open"
"G15-314AA5CA4CFA7668","P","R3","gesture","S-017","1","0","1","NA","0","0","NA","provisional_open","1","0","1","NA","0","0","NA","provisional_open"
"G15-3199F1496692AE6A","P","R3","gesture","S-008","1","0","1","NA","0","0","NA","provisional_open","1","0","1","NA","0","0","NA","provisional_open"
"G15-31B082B96D62BC25","NP","U3","uncertainty","S-031","1","0","NA","NA","0","0","1","provisional_open","1","0","NA","NA","0","0","1","provisional_open"
"G15-31C9B558F1CDB007","B","C3","correction","S-030","1","0","NA","1","0","0","NA","direct_explanatory","1","0","NA","1","0","0","NA","direct_explanatory"
"G15-321DDFF71B4B8059","N","R1","gesture","S-019","1","0","1","NA","0","0","NA","provisional_open","1","0","1","NA","0","0","NA","provisional_open"
"G15-322370DD5855E7E7","B","U3","uncertainty","S-029","1","0","NA","NA","0","0","1","provisional_open","1","0","NA","NA","0","0","1","provisional_open"
"G15-3243899A6DF89176","N","R2","gesture","S-028","1","0","1","NA","0","0","NA","direct_explanatory","1","0","1","NA","0","0","NA","direct_explanatory"
"G15-324FB8CFEBD96F28","N","R1","gesture","S-022","1","0","1","NA","0","0","NA","provisional_open","1","0","1","NA","0","0","NA","provisional_open"
"G15-32594DE1660168AB","B","U1","uncertainty","S-025","1","0","NA","NA","0","0","0","self_limiting","0","1","NA","NA","0","0","0","questioning"
"G15-326903B2D2F966B9","P","R3","gesture","S-023","1","0","1","NA","0","0","NA","provisional_open","1","0","1","NA","0","0","NA","provisional_open"
"G15-32825692C3893317","B","D2","direct","S-007","1","0","NA","NA","0","0","NA","direct_explanatory","1","0","NA","NA","0","0","NA","direct_explanatory"
"G15-32A461C2283AD7B3","NP","R1","gesture","S-016","1","0","1","NA","0","0","NA","provisional_open","1","0","1","NA","0","0","NA","provisional_open"
"G15-32ADFA73B8795657","P","U3","uncertainty","S-030","1","0","NA","NA","0","0","1","provisional_open","1","0","NA","NA","0","0","1","provisional_open"
"G15-32BB794463C7F79F","NP","U3","uncertainty","S-028","1","0","NA","NA","0","0","1","provisional_open","1","0","NA","NA","0","0","1","provisional_open"
"G15-32D3B936900991F9","NP","R3","gesture","S-002","1","0","1","NA","0","0","NA","provisional_open","1","0","1","NA","0","0","NA","provisional_open"
"G15-32F9497964E422B3","P","R1","gesture","S-021","1","0","1","NA","0","0","NA","provisional_open","1","0","1","NA","0","0","NA","provisional_open"
"G15-32FC7FD6903B1DD7","N","D1","direct","S-025","1","0","NA","NA","0","0","NA","direct_explanatory","1","0","NA","NA","0","0","NA","direct_explanatory"
"G15-33204D9FD1A433B5","B","R3","gesture","S-013","1","0","1","NA","0","0","NA","direct_explanatory","1","0","1","NA","0","0","NA","direct_explanatory"
"G15-333892CB72EA641A","NP","U1","uncertainty","S-008","1","0","NA","NA","0","0","0","self_limiting","1","0","NA","NA","0","0","1","provisional_open"
"G15-33659DC44117D548","P","C2","correction","S-013","1","0","NA","1","0","0","NA","provisional_open","1","0","NA","1","0","0","NA","provisional_open"
"G15-33935C7CBDEDDC06","NP","R2","gesture","S-005","1","0","1","NA","0","0","NA","provisional_open","1","0","1","NA","0","0","NA","provisional_open"
"G15-33A544C00FBEC5C4","B","C1","correction","S-013","1","0","NA","1","0","0","NA","direct_explanatory","1","0","NA","1","0","0","NA","direct_explanatory"
"G15-33E49D122A9297BF","NP","R2","gesture","S-020","1","0","1","NA","0","0","NA","provisional_open","1","0","1","NA","0","0","NA","provisional_open"
"G15-3422BBD789186C59","P","C3","correction","S-012","1","0","NA","1","0","0","NA","provisional_open","1","0","NA","1","0","0","NA","provisional_open"
"G15-342FE53100E39ABF","P","U3","uncertainty","S-010","1","0","NA","NA","0","0","1","provisional_open","1","0","NA","NA","0","0","1","provisional_open"
"G15-3460EC3296C76D2E","NP","U3","uncertainty","S-017","1","0","NA","NA","0","0","1","provisional_open","1","0","NA","NA","0","0","1","provisional_open"
"G15-346D8CE232451806","P","U1","uncertainty","S-032","1","0","NA","NA","0","0","1","provisional_open","1","0","NA","NA","0","0","1","provisional_open"
"G15-34E663DA9E386053","NP","C2","correction","S-021","1","0","NA","1","0","0","NA","direct_explanatory","1","0","NA","1","0","0","NA","direct_explanatory"
"G15-34E9E3B8D28ABB47","N","C3","correction","S-019","1","0","NA","1","0","0","NA","provisional_open","1","0","NA","1","0","0","NA","provisional_open"
"G15-34EF16990BB005E3","P","D2","direct","S-001","1","0","NA","NA","0","0","NA","provisional_open","1","0","NA","NA","0","0","NA","provisional_open"
"G15-354A253CD19D9082","P","D3","direct","S-025","1","0","NA","NA","0","0","NA","provisional_open","1","0","NA","NA","0","0","NA","provisional_open"
"G15-357AF94980D1E9E0","NP","D2","direct","S-021","0","1","NA","NA","0","0","NA","self_limiting","0","1","NA","NA","0","0","NA","questioning"
"G15-35A93CA68AD95343","N","U1","uncertainty","S-012","1","0","NA","NA","0","0","0","self_limiting","0","1","NA","NA","0","0","0","questioning"
"G15-35CB8E8EBD8FA1CF","B","D3","direct","S-008","1","0","NA","NA","0","0","NA","direct_explanatory","1","0","NA","NA","0","0","NA","direct_explanatory"
"G15-35D89F647B09F419","P","D3","direct","S-028","1","0","NA","NA","0","0","NA","provisional_open","1","0","NA","NA","0","0","NA","provisional_open"
"G15-36099931D8C828DC","B","D3","direct","S-005","1","0","NA","NA","0","0","NA","direct_explanatory","1","0","NA","NA","0","0","NA","provisional_open"
"G15-365228BD50F922B3","NP","C2","correction","S-028","1","0","NA","1","0","0","NA","direct_explanatory","1","0","NA","1","0","0","NA","provisional_open"
"G15-365EA01DA822D593","P","R1","gesture","S-006","1","0","1","NA","0","0","NA","provisional_open","1","0","1","NA","0","0","NA","provisional_open"
"G15-3660B6967E05A160","NP","C2","correction","S-011","1","0","NA","1","0","0","NA","provisional_open","1","0","NA","1","0","0","NA","provisional_open"
"G15-366562588ADB0A28","B","C2","correction","S-014","1","0","NA","0","0","0","NA","direct_explanatory","1","0","NA","1","0","0","NA","direct_explanatory"
"G15-366FAE7234A71262","NP","C2","correction","S-015","1","0","NA","1","0","0","NA","provisional_open","1","0","NA","1","0","0","NA","provisional_open"
"G15-36794F48CDCAE020","N","U2","uncertainty","S-023","1","0","NA","NA","0","0","1","provisional_open","1","0","NA","NA","0","0","1","provisional_open"
"G15-36FECA44AC0FAB6A","B","U2","uncertainty","S-001","1","0","NA","NA","0","0","1","provisional_open","1","0","NA","NA","0","0","0","provisional_open"
"G15-374E10B1B74AEE84","NP","C3","correction","S-024","1","0","NA","1","0","0","NA","provisional_open","1","0","NA","1","0","0","NA","provisional_open"
"G15-376892DE6EAD46C1","P","R2","gesture","S-012","1","0","1","NA","0","0","NA","provisional_open","1","0","1","NA","0","0","NA","provisional_open"
"G15-3771817F8327613E","B","U1","uncertainty","S-022","1","0","NA","NA","0","0","0","self_limiting","0","1","NA","NA","0","0","0","questioning"
"G15-37C38ACF4A017374","NP","D2","direct","S-014","0","1","NA","NA","0","0","NA","self_limiting","0","1","NA","NA","0","0","NA","questioning"
"G15-38920411FFC8FD53","P","D2","direct","S-017","0","1","NA","NA","0","0","NA","provisional_open","0","1","NA","NA","0","0","NA","provisional_open"
"G15-38C3C102E386E20A","P","U2","uncertainty","S-028","1","0","NA","NA","0","0","1","provisional_open","1","0","NA","NA","0","0","1","provisional_open"
"G15-38D5C4BFE7782B6A","B","D2","direct","S-028","1","0","NA","NA","0","0","NA","direct_explanatory","1","0","NA","NA","0","0","NA","direct_explanatory"
"G15-38FE2C51FACB8501","P","U1","uncertainty","S-021","1","0","NA","NA","0","0","0","self_limiting","1","0","NA","NA","0","0","1","provisional_open"
"G15-390435F937EC778D","N","R1","gesture","S-012","1","0","1","NA","0","0","NA","provisional_open","1","0","1","NA","0","0","NA","provisional_open"
"G15-3913083A8C815CE7","P","R2","gesture","S-008","1","0","1","NA","0","0","NA","provisional_open","1","0","1","NA","0","0","NA","provisional_open"
"G15-392A439DC7922099","P","U3","uncertainty","S-001","1","0","NA","NA","0","0","1","provisional_open","1","0","NA","NA","0","0","1","provisional_open"
"G15-394306837EA497AA","P","U1","uncertainty","S-029","1","0","NA","NA","0","0","0","provisional_open","0","0","NA","NA","0","0","0","other"
"G15-394C4E85EF8D7F82","NP","C3","correction","S-031","1","0","NA","1","0","0","NA","provisional_open","1","0","NA","1","0","0","NA","provisional_open"
"G15-39684A04137F2EBC","NP","U1","uncertainty","S-026","1","0","NA","NA","0","0","0","self_limiting","0","1","NA","NA","0","0","0","questioning"
"G15-39ADAFFFC60EE8A7","B","C3","correction","S-003","1","0","NA","1","0","0","NA","direct_explanatory","1","0","NA","1","0","0","NA","direct_explanatory"
"G15-3A268AB7E241C661","NP","C1","correction","S-012","1","0","NA","1","0","0","NA","provisional_open","1","0","NA","1","0","0","NA","provisional_open"
"G15-3AF2183D964EEC1C","N","D1","direct","S-017","1","0","NA","NA","0","0","NA","direct_explanatory","1","0","NA","NA","0","0","NA","direct_explanatory"
"G15-3B0CD345EFFF8AD7","B","C1","correction","S-009","1","0","NA","1","0","0","NA","provisional_open","1","0","NA","1","0","0","NA","direct_explanatory"
"G15-3B4D04715EBFF69A","B","U1","uncertainty","S-032","1","0","NA","NA","0","0","0","self_limiting","0","1","NA","NA","0","0","0","questioning"
"G15-3B6E339B1BCEB11C","B","D2","direct","S-029","1","0","NA","NA","0","0","NA","direct_explanatory","1","0","NA","NA","0","0","NA","direct_explanatory"
"G15-3BD028B8303DB5FC","NP","D2","direct","S-015","0","0","NA","NA","0","0","NA","self_limiting","1","0","NA","NA","0","0","NA","provisional_open"
"G15-3BE65B654DB4883F","NP","C3","correction","S-008","1","0","NA","1","0","0","NA","provisional_open","1","0","NA","1","0","0","NA","provisional_open"
"G15-3BF7E03415B27B74","P","R2","gesture","S-017","1","0","1","NA","0","0","NA","provisional_open","1","0","1","NA","0","0","NA","provisional_open"
"G15-3C1E41A246A6B099","B","R3","gesture","S-025","1","0","1","NA","0","0","NA","direct_explanatory","1","0","1","NA","0","0","NA","direct_explanatory"
"G15-3C5F46C5F4F5C1F1","B","D1","direct","S-023","1","0","NA","NA","0","0","NA","direct_explanatory","1","0","NA","NA","0","0","NA","direct_explanatory"
"G15-3C7FE195F50F117D","P","D3","direct","S-003","1","0","NA","NA","0","0","NA","provisional_open","1","0","NA","NA","0","0","NA","provisional_open"
"G15-3C8740A2618491B9","N","R2","gesture","S-019","1","0","1","NA","0","0","NA","direct_explanatory","1","0","1","NA","0","0","NA","direct_explanatory"
"G15-3C907E62A70D77F1","P","U2","uncertainty","S-019","1","0","NA","NA","0","0","1","provisional_open","1","0","NA","NA","0","0","1","provisional_open"
"G15-3CAAE199CC1E5E88","P","C2","correction","S-024","1","0","NA","1","0","0","NA","provisional_open","1","0","NA","1","0","0","NA","provisional_open"
"G15-3CB0BD857E0A92C5","B","D3","direct","S-021","1","0","NA","NA","0","0","NA","direct_explanatory","1","0","NA","NA","0","0","NA","direct_explanatory"
"G15-3CCFED73AE7D1781","N","U3","uncertainty","S-024","1","0","NA","NA","0","0","1","provisional_open","1","0","NA","NA","0","0","1","provisional_open"
"G15-3CEA1E19E44C2E62","N","D2","direct","S-028","0","0","NA","NA","0","0","NA","self_limiting","1","0","NA","NA","0","0","NA","provisional_open"
"G15-3CFCE3FB337F25D0","B","C3","correction","S-006","1","0","NA","1","0","0","NA","direct_explanatory","1","0","NA","1","0","0","NA","direct_explanatory"
"G15-3D1B8ED3D1A45BC7","NP","U1","uncertainty","S-018","1","0","NA","NA","0","0","0","self_limiting","0","1","NA","NA","0","0","0","questioning"
"G15-3D2E82CF98961E0F","N","D3","direct","S-027","1","0","NA","NA","0","0","NA","direct_explanatory","1","0","NA","NA","0","0","NA","direct_explanatory"
"G15-3D3ADA3D39FBCE1A","B","R2","gesture","S-013","1","0","1","NA","0","0","NA","direct_explanatory","1","0","1","NA","0","0","NA","direct_explanatory"
"G15-3D5E850AFDBABA32","B","R3","gesture","S-029","1","0","1","NA","0","0","NA","direct_explanatory","1","0","1","NA","0","0","NA","direct_explanatory"
"G15-3D77AC77705B991C","B","C2","correction","S-013","1","0","NA","0","0","0","NA","direct_explanatory","1","0","NA","1","0","0","NA","direct_explanatory"
"G15-3DDCD4BA10ECBB7F","NP","R2","gesture","S-006","1","0","1","NA","0","0","NA","provisional_open","1","0","1","NA","0","0","NA","provisional_open"
"G15-3E16EC9942EE0D72","N","R1","gesture","S-016","1","0","1","NA","0","0","NA","provisional_open","1","0","1","NA","0","0","NA","provisional_open"
"G15-3E4354D949137B9B","N","U1","uncertainty","S-007","1","0","NA","NA","0","0","0","self_limiting","0","1","NA","NA","0","0","0","questioning"
"G15-3E5E0C626486DC1C","NP","C3","correction","S-013","1","0","NA","1","0","0","NA","provisional_open","1","0","NA","1","0","0","NA","provisional_open"
"G15-3E7AD46DBB14A025","NP","U1","uncertainty","S-005","1","0","NA","NA","0","0","0","self_limiting","0","1","NA","NA","0","0","0","questioning"
"G15-3E7E593CF91CC5EF","B","U1","uncertainty","S-005","1","0","NA","NA","0","0","0","self_limiting","0","1","NA","NA","0","0","0","questioning"
"G15-3E8C5ECA2F0FE0ED","B","R1","gesture","S-021","1","0","1","NA","0","0","NA","direct_explanatory","1","0","1","NA","0","0","NA","direct_explanatory"
"G15-3EA0F5791AFB6076","B","D1","direct","S-030","1","0","NA","NA","0","0","NA","direct_explanatory","1","0","NA","NA","0","0","NA","direct_explanatory"
"G15-3EACE6EEF583AEAF","P","U3","uncertainty","S-012","1","0","NA","NA","0","0","1","provisional_open","1","0","NA","NA","0","0","1","provisional_open"
"G15-3EF5D4C41A045B90","NP","U1","uncertainty","S-011","1","0","NA","NA","0","0","0","self_limiting","0","1","NA","NA","0","1","0","self_limiting"
"G15-3F037CBD37CC0AC7","P","C1","correction","S-009","1","0","NA","1","0","0","NA","provisional_open","1","0","NA","1","0","0","NA","provisional_open"
"G15-3F0D5A28B12DC1E5","P","U1","uncertainty","S-023","1","0","NA","NA","0","0","0","direct_explanatory","1","0","NA","NA","0","0","1","provisional_open"
"G15-3F1DBE1C1019BF20","P","D3","direct","S-014","1","0","NA","NA","0","0","NA","provisional_open","1","0","NA","NA","0","0","NA","provisional_open"
"G15-3F246579A2A3453C","N","R1","gesture","S-011","1","0","1","NA","0","0","NA","provisional_open","1","0","1","NA","0","0","NA","provisional_open"
"G15-3F43B1519858499A","N","D3","direct","S-002","1","0","NA","NA","0","0","NA","direct_explanatory","1","0","NA","NA","0","0","NA","direct_explanatory"
"G15-3F4DB92167F13DB7","N","R2","gesture","S-032","1","0","1","NA","0","0","NA","direct_explanatory","1","0","1","NA","0","0","NA","direct_explanatory"
"G15-3F606EA9F5CC1A79","N","R1","gesture","S-013","1","0","1","NA","0","0","NA","direct_explanatory","1","0","1","NA","0","0","NA","provisional_open"
"G15-3F766897C3873313","P","U2","uncertainty","S-008","1","0","NA","NA","0","0","1","provisional_open","1","0","NA","NA","0","0","1","provisional_open"
"G15-3F9AB08131BEF1FF","N","U1","uncertainty","S-006","1","0","NA","NA","0","0","0","self_limiting","0","1","NA","NA","0","0","0","questioning"
"G15-3FA59767D2F9DABF","B","U3","uncertainty","S-001","1","0","NA","NA","0","0","1","provisional_open","1","0","NA","NA","0","0","1","provisional_open"
"G15-408858B9C053147A","N","D2","direct","S-005","0","0","NA","NA","0","0","NA","self_limiting","1","0","NA","NA","0","0","NA","provisional_open"
"G15-40973EE7C40E025C","P","C2","correction","S-001","1","0","NA","0","0","0","NA","provisional_open","1","0","NA","1","0","0","NA","provisional_open"
"G15-40F27A09B447CE11","NP","D1","direct","S-024","1","0","NA","NA","0","0","NA","direct_explanatory","1","0","NA","NA","0","0","NA","direct_explanatory"
"G15-40F957683EBA312C","N","U3","uncertainty","S-029","1","0","NA","NA","0","0","1","provisional_open","1","0","NA","NA","0","0","1","provisional_open"
"G15-4176B320259CF9A7","N","D2","direct","S-013","0","0","NA","NA","0","0","NA","self_limiting","1","0","NA","NA","0","0","NA","provisional_open"
"G15-41771A597C2E45C8","P","R2","gesture","S-026","1","0","1","NA","0","0","NA","provisional_open","1","0","1","NA","0","0","NA","provisional_open"
"G15-41A2326DAC16A220","NP","D2","direct","S-013","0","0","NA","NA","0","0","NA","self_limiting","1","0","NA","NA","0","0","NA","provisional_open"
"G15-41A4EF5F8A7ACDD7","NP","U3","uncertainty","S-025","1","0","NA","NA","0","0","1","provisional_open","1","0","NA","NA","0","0","1","provisional_open"
"G15-41A63FEC3519869C","N","C3","correction","S-005","1","0","NA","1","0","0","NA","direct_explanatory","1","0","NA","1","0","0","NA","direct_explanatory"
"G15-41C07C605B4D85CD","N","U1","uncertainty","S-025","1","0","NA","NA","0","0","0","self_limiting","1","0","NA","NA","0","0","1","provisional_open"
"G15-41D159043EEF2665","P","U2","uncertainty","S-016","1","0","NA","NA","0","0","1","provisional_open","1","0","NA","NA","0","0","1","provisional_open"
"G15-4251A94BBF891CD7","P","U2","uncertainty","S-011","1","0","NA","NA","0","0","1","provisional_open","1","0","NA","NA","0","0","1","provisional_open"
"G15-429D267979DE0BA3","P","R2","gesture","S-011","1","0","1","NA","0","0","NA","provisional_open","1","0","1","NA","0","0","NA","provisional_open"
"G15-42C221F0890E9993","P","U2","uncertainty","S-014","1","0","NA","NA","0","0","1","provisional_open","1","0","NA","NA","0","0","1","provisional_open"
"G15-42EA9955BBB4CD85","NP","D3","direct","S-031","1","0","NA","NA","0","0","NA","provisional_open","1","0","NA","NA","0","0","NA","provisional_open"
"G15-430D40701C5DFD07","P","C1","correction","S-011","1","0","NA","1","0","0","NA","provisional_open","1","0","NA","1","0","0","NA","provisional_open"
"G15-4371BBE9D83F1750","NP","U1","uncertainty","S-010","1","0","NA","NA","0","0","0","self_limiting","1","0","NA","NA","0","0","1","provisional_open"
"G15-439F9FB68D5D8E0A","B","D3","direct","S-031","1","0","NA","NA","0","0","NA","direct_explanatory","1","0","NA","NA","0","0","NA","direct_explanatory"
"G15-43B92AF811465827","NP","D1","direct","S-027","1","0","NA","NA","0","0","NA","provisional_open","1","0","NA","NA","0","0","NA","provisional_open"
"G15-43EBABAF245D4B63","P","C3","correction","S-029","1","0","NA","1","0","0","NA","provisional_open","1","0","NA","1","0","0","NA","provisional_open"
"G15-43F60CC53162493F","B","D3","direct","S-014","1","0","NA","NA","0","0","NA","direct_explanatory","1","0","NA","NA","0","0","NA","direct_explanatory"
"G15-442750050EB72FD0","N","R3","gesture","S-017","1","0","1","NA","0","0","NA","direct_explanatory","1","0","1","NA","0","0","NA","direct_explanatory"
"G15-446AE13090C8A6EC","N","C1","correction","S-020","1","0","NA","1","0","0","NA","provisional_open","1","0","NA","1","0","0","NA","direct_explanatory"
"G15-447A3A4027F47574","NP","C1","correction","S-002","1","0","NA","1","0","0","NA","provisional_open","1","0","NA","1","0","0","NA","provisional_open"
"G15-44A67691E18415C7","B","D1","direct","S-020","1","0","NA","NA","0","0","NA","direct_explanatory","1","0","NA","NA","0","0","NA","direct_explanatory"
"G15-44B4ED4D98D48AB9","B","C1","correction","S-031","1","0","NA","1","0","0","NA","direct_explanatory","1","0","NA","1","0","0","NA","direct_explanatory"
"G15-44CBAC7FA5B4780A","NP","C3","correction","S-019","1","0","NA","1","0","0","NA","provisional_open","1","0","NA","1","0","0","NA","provisional_open"
"G15-44D0BCB8033FFFDE","N","D1","direct","S-028","1","0","NA","NA","0","0","NA","direct_explanatory","1","0","NA","NA","0","0","NA","direct_explanatory"
"G15-44D25B76298FEDFC","N","U3","uncertainty","S-004","1","0","NA","NA","0","0","1","provisional_open","1","0","NA","NA","0","0","1","provisional_open"
"G15-44EDF6D072FAD1C6","B","D2","direct","S-013","1","0","NA","NA","0","0","NA","direct_explanatory","1","0","NA","NA","0","0","NA","direct_explanatory"
"G15-455A83C6AD2312CE","NP","D2","direct","S-005","0","1","NA","NA","0","0","NA","self_limiting","0","1","NA","NA","0","0","NA","questioning"
"G15-45607725407A4FDD","P","C3","correction","S-022","1","0","NA","1","0","0","NA","provisional_open","1","0","NA","1","0","0","NA","provisional_open"
"G15-45663653ADCF2AE6","N","D2","direct","S-025","0","0","NA","NA","0","0","NA","self_limiting","1","0","NA","NA","0","0","NA","provisional_open"
"G15-45BE1DE254816E38","P","C2","correction","S-027","1","0","NA","1","0","0","NA","direct_explanatory","1","0","NA","1","0","0","NA","provisional_open"
"G15-45D3C08D181C45C3","P","D1","direct","S-023","1","0","NA","NA","0","0","NA","provisional_open","1","0","NA","NA","0","0","NA","provisional_open"
"G15-45DDCF5D65B2F2D8","B","C2","correction","S-023","1","0","NA","0","0","0","NA","direct_explanatory","1","0","NA","1","0","0","NA","direct_explanatory"
"G15-46052106CEF30F20","NP","R3","gesture","S-024","1","0","1","NA","0","0","NA","provisional_open","1","0","1","NA","0","0","NA","provisional_open"
"G15-460F9AF211451157","B","C1","correction","S-028","1","0","NA","1","0","0","NA","provisional_open","1","0","NA","1","0","0","NA","provisional_open"
"G15-463DD9A50AC18517","B","C2","correction","S-005","1","0","NA","0","0","0","NA","direct_explanatory","1","0","NA","0","0","0","NA","direct_explanatory"
"G15-4651FD02A367EAE1","N","R3","gesture","S-015","1","0","1","NA","0","0","NA","provisional_open","1","0","1","NA","0","0","NA","provisional_open"
"G15-46886567C2B158DA","B","D1","direct","S-006","1","0","NA","NA","0","0","NA","direct_explanatory","1","0","NA","NA","0","0","NA","direct_explanatory"
"G15-468ECF8FEBBC7AEA","NP","R2","gesture","S-029","1","0","1","NA","0","0","NA","provisional_open","1","0","1","NA","0","0","NA","provisional_open"
"G15-46AB9906382DFE44","N","C1","correction","S-010","1","0","NA","1","0","0","NA","provisional_open","1","0","NA","1","0","0","NA","provisional_open"
"G15-46C5F642364FD5BE","NP","C1","correction","S-006","1","0","NA","1","0","0","NA","provisional_open","1","0","NA","1","0","0","NA","provisional_open"
"G15-46C93787E46B7921","B","U3","uncertainty","S-008","1","0","NA","NA","0","0","0","direct_explanatory","1","0","NA","NA","0","0","1","provisional_open"
"G15-470EDCC6E1734DA4","NP","C2","correction","S-025","1","0","NA","0","0","0","NA","direct_explanatory","1","0","NA","1","0","0","NA","provisional_open"
"G15-4717296AE0EF5294","B","C3","correction","S-022","1","0","NA","1","0","0","NA","direct_explanatory","1","0","NA","1","0","0","NA","direct_explanatory"
"G15-471DDD8C51296EE1","P","C1","correction","S-007","1","0","NA","1","0","0","NA","provisional_open","1","0","NA","1","0","0","NA","provisional_open"
"G15-473AB0022B775016","P","C2","correction","S-012","1","0","NA","1","0","0","NA","provisional_open","1","0","NA","1","0","0","NA","provisional_open"
"G15-4799B0F1B95204C5","P","D3","direct","S-030","1","0","NA","NA","0","0","NA","provisional_open","1","0","NA","NA","0","0","NA","provisional_open"
"G15-47CB263AED4D46F4","P","D3","direct","S-024","1","0","NA","NA","0","0","NA","provisional_open","1","0","NA","NA","0","0","NA","provisional_open"
"G15-47FC918ABBEDC119","P","C2","correction","S-021","1","0","NA","1","0","0","NA","provisional_open","1","0","NA","1","0","0","NA","provisional_open"
"G15-48005C66E5CA4785","B","D3","direct","S-017","1","0","NA","NA","0","0","NA","direct_explanatory","1","0","NA","NA","0","0","NA","direct_explanatory"
"G15-480ECDC9ED21114F","P","R2","gesture","S-014","1","0","1","NA","0","0","NA","provisional_open","1","0","1","NA","0","0","NA","provisional_open"
"G15-4810335186F83828","NP","D2","direct","S-008","0","1","NA","NA","0","0","NA","self_limiting","0","1","NA","NA","0","0","NA","questioning"
"G15-485379B9BCFB3C07","B","D3","direct","S-011","1","0","NA","NA","0","0","NA","direct_explanatory","1","0","NA","NA","0","0","NA","direct_explanatory"
"G15-489F6425314726B7","NP","R1","gesture","S-023","1","0","1","NA","0","0","NA","provisional_open","1","0","1","NA","0","0","NA","provisional_open"
"G15-48AB23C34C741377","P","R3","gesture","S-015","1","0","1","NA","0","0","NA","provisional_open","1","0","0","NA","0","0","NA","provisional_open"
"G15-48B5DAFBC701DC6A","N","D2","direct","S-029","0","0","NA","NA","0","0","NA","self_limiting","1","0","NA","NA","0","0","NA","provisional_open"
"G15-48B7AAD16485F708","NP","C2","correction","S-029","1","0","NA","0","0","0","NA","direct_explanatory","1","0","NA","1","0","0","NA","direct_explanatory"
"G15-48BCEF333952B3EF","N","U3","uncertainty","S-010","1","0","NA","NA","0","0","1","provisional_open","1","0","NA","NA","0","0","1","provisional_open"
"G15-48C0B266CE573AC6","N","C1","correction","S-024","1","0","NA","1","0","0","NA","direct_explanatory","1","0","NA","1","0","0","NA","provisional_open"
"G15-49305BEB73A18EC6","N","U2","uncertainty","S-028","1","0","NA","NA","0","0","1","provisional_open","1","0","NA","NA","0","0","1","provisional_open"
"G15-493B2ED8367406B9","NP","C3","correction","S-022","1","0","NA","1","0","0","NA","provisional_open","1","0","NA","1","0","0","NA","provisional_open"
"G15-49639D9820EB37FE","B","C2","correction","S-022","1","0","NA","0","0","0","NA","direct_explanatory","1","0","NA","1","0","0","NA","direct_explanatory"
"G15-49E9F7946161F433","B","U1","uncertainty","S-015","1","0","NA","NA","0","0","0","self_limiting","0","1","NA","NA","0","0","0","questioning"
"G15-49EB2688BE8F96AF","NP","U2","uncertainty","S-014","1","0","NA","NA","0","0","1","provisional_open","1","0","NA","NA","0","0","1","provisional_open"
"G15-4A0D64726E796178","P","C3","correction","S-023","1","0","NA","1","0","0","NA","provisional_open","1","0","NA","1","0","0","NA","provisional_open"
"G15-4AEE719D71030522","N","C2","correction","S-001","1","0","NA","0","0","0","NA","provisional_open","1","0","NA","1","0","0","NA","direct_explanatory"
"G15-4B043F64C042F868","N","R2","gesture","S-030","1","0","1","NA","0","0","NA","direct_explanatory","1","0","1","NA","0","0","NA","direct_explanatory"
"G15-4B1734A55DF630AF","N","U2","uncertainty","S-005","1","0","NA","NA","0","0","1","provisional_open","1","0","NA","NA","0","0","1","provisional_open"
"G15-4B2DBC6219C59A16","NP","C1","correction","S-020","1","0","NA","1","0","0","NA","provisional_open","1","0","NA","1","0","0","NA","provisional_open"
"G15-4B37CD932950C2F3","N","C1","correction","S-009","1","0","NA","1","0","0","NA","provisional_open","1","0","NA","1","0","0","NA","direct_explanatory"
"G15-4B5772A15D28F50D","N","C1","correction","S-027","1","0","NA","1","0","0","NA","direct_explanatory","1","0","NA","1","0","0","NA","direct_explanatory"
"G15-4B5C6500BA5B0C85","P","U3","uncertainty","S-009","1","0","NA","NA","0","0","1","provisional_open","1","0","NA","NA","0","0","1","provisional_open"
"G15-4B6FE9232671F973","N","R3","gesture","S-019","1","0","1","NA","0","0","NA","direct_explanatory","1","0","1","NA","0","0","NA","direct_explanatory"
"G15-4B77E47D7F08CAE0","NP","R1","gesture","S-013","1","0","1","NA","0","0","NA","provisional_open","1","0","1","NA","0","0","NA","provisional_open"
"G15-4B92D213F76948AE","N","U2","uncertainty","S-002","1","0","NA","NA","0","0","1","provisional_open","1","0","NA","NA","0","0","1","provisional_open"
"G15-4B9EC98E73C53733","NP","R3","gesture","S-001","1","0","1","NA","0","0","NA","provisional_open","1","0","1","NA","0","0","NA","provisional_open"
"G15-4BCE39E7749B60B7","NP","C1","correction","S-024","1","0","NA","1","0","0","NA","provisional_open","1","0","NA","1","0","0","NA","provisional_open"
"G15-4C48732C5AC0D265","P","R3","gesture","S-027","1","0","1","NA","0","0","NA","provisional_open","1","0","0","NA","0","0","NA","provisional_open"
"G15-4C4BF3C2CCD873C6","B","U1","uncertainty","S-021","1","0","NA","NA","0","0","0","self_limiting","0","1","NA","NA","0","0","0","questioning"
"G15-4C69A090FD0791F0","B","R1","gesture","S-004","1","0","1","NA","0","1","NA","direct_explanatory","1","0","1","NA","0","1","NA","direct_explanatory"
"G15-4C9BD85B85FF54A2","P","C1","correction","S-021","1","0","NA","1","0","0","NA","provisional_open","1","0","NA","1","0","0","NA","provisional_open"
"G15-4CCC8D801DF2B4EA","P","C3","correction","S-020","1","0","NA","1","0","0","NA","provisional_open","1","0","NA","1","0","0","NA","provisional_open"
"G15-4CDE265AEA3283F4","N","C1","correction","S-025","1","0","NA","1","0","0","NA","direct_explanatory","1","0","NA","1","0","0","NA","direct_explanatory"
"G15-4CF418A3DDEDEE72","B","C1","correction","S-026","1","0","NA","1","0","0","NA","direct_explanatory","1","0","NA","1","0","0","NA","direct_explanatory"
"G15-4D1D859F09B50BFC","P","C1","correction","S-004","1","0","NA","1","0","0","NA","provisional_open","1","0","NA","1","0","0","NA","provisional_open"
"G15-4DDF99F50D9F629E","N","U3","uncertainty","S-023","1","0","NA","NA","0","0","0","direct_explanatory","1","0","NA","NA","0","0","1","provisional_open"
"G15-4E10AA1AB2E6CE98","NP","C2","correction","S-016","1","0","NA","1","0","0","NA","direct_explanatory","1","0","NA","1","0","0","NA","direct_explanatory"
"G15-4E15AF31860A015C","NP","D3","direct","S-026","1","0","NA","NA","0","0","NA","provisional_open","1","0","NA","NA","0","0","NA","provisional_open"
"G15-4E1A27641E8E2904","NP","U1","uncertainty","S-012","1","0","NA","NA","0","0","0","self_limiting","0","1","NA","NA","0","0","0","questioning"
"G15-4E1ABC670E6091B6","B","D2","direct","S-023","1","0","NA","NA","0","0","NA","direct_explanatory","1","0","NA","NA","0","0","NA","direct_explanatory"
"G15-4E6DEF3BF644E323","N","U1","uncertainty","S-027","1","0","NA","NA","0","0","0","self_limiting","0","0","NA","NA","0","0","0","other"
"G15-4E99E1C5B4E2801A","N","C1","correction","S-016","1","0","NA","1","0","0","NA","provisional_open","1","0","NA","1","0","0","NA","provisional_open"
"G15-4E9FD5CF2270633F","P","U3","uncertainty","S-002","1","0","NA","NA","0","0","1","provisional_open","1","0","NA","NA","0","0","1","provisional_open"
"G15-4EAB26B36DFB6DC8","N","C2","correction","S-024","1","0","NA","0","0","0","NA","direct_explanatory","1","0","NA","1","0","0","NA","direct_explanatory"
"G15-4EE727A17AA98C78","NP","U1","uncertainty","S-009","1","0","NA","NA","0","0","0","self_limiting","0","1","NA","NA","0","0","0","questioning"
"G15-4F03825B6CE49485","B","U1","uncertainty","S-001","1","0","NA","NA","0","0","0","self_limiting","0","1","NA","NA","0","0","0","questioning"
"G15-4F7BA7AA0E491985","N","D1","direct","S-023","1","0","NA","NA","0","0","NA","direct_explanatory","1","0","NA","NA","0","0","NA","direct_explanatory"
"G15-4FC6FF862202CD09","N","U2","uncertainty","S-006","1","0","NA","NA","0","0","1","provisional_open","1","0","NA","NA","0","0","1","provisional_open"
"G15-4FD129892BC80F5F","B","D1","direct","S-007","1","0","NA","NA","0","0","NA","direct_explanatory","1","0","NA","NA","0","0","NA","direct_explanatory"
"G15-5066A8E7CA8DA243","N","D1","direct","S-016","1","0","NA","NA","0","0","NA","direct_explanatory","1","0","NA","NA","0","0","NA","direct_explanatory"
"G15-50B087BF4D6FBCAF","N","C3","correction","S-002","1","0","NA","1","0","0","NA","direct_explanatory","1","0","NA","1","0","0","NA","direct_explanatory"
"G15-50B9635E5C40F412","B","U2","uncertainty","S-031","1","0","NA","NA","0","0","1","provisional_open","1","0","NA","NA","0","0","0","provisional_open"
"G15-50BE51D09546EF23","B","U3","uncertainty","S-018","1","0","NA","NA","0","0","0","direct_explanatory","0","0","NA","NA","0","0","0","provisional_open"
"G15-50CD4D2D79944838","NP","R3","gesture","S-010","1","0","1","NA","0","0","NA","provisional_open","1","0","1","NA","0","0","NA","provisional_open"
"G15-50DABC58729F0CE9","P","C2","correction","S-016","1","0","NA","1","0","0","NA","provisional_open","1","0","NA","1","0","0","NA","provisional_open"
"G15-511C9238B524912A","N","C3","correction","S-032","1","0","NA","1","0","0","NA","direct_explanatory","1","0","NA","1","0","0","NA","direct_explanatory"
"G15-514DEC53D4D276B1","N","R3","gesture","S-016","1","0","1","NA","0","0","NA","direct_explanatory","1","0","1","NA","0","0","NA","direct_explanatory"
"G15-5153D2BB82E447DB","P","C1","correction","S-026","1","0","NA","1","0","0","NA","provisional_open","1","0","NA","1","0","0","NA","provisional_open"
"G15-5173919E4789AD57","N","R3","gesture","S-030","1","0","1","NA","0","0","NA","direct_explanatory","1","0","1","NA","0","0","NA","direct_explanatory"
"G15-51CAA49D49F279AF","P","D2","direct","S-025","1","0","NA","NA","0","0","NA","provisional_open","1","0","NA","NA","0","0","NA","provisional_open"
"G15-51D33C221A5B4C35","N","U2","uncertainty","S-008","1","0","NA","NA","0","0","1","provisional_open","1","0","NA","NA","0","0","1","provisional_open"
"G15-51D595DF0FE5E0D2","N","R3","gesture","S-012","1","0","1","NA","0","0","NA","direct_explanatory","1","0","1","NA","0","0","NA","direct_explanatory"
"G15-520F75F50688AFAB","NP","D1","direct","S-003","1","0","NA","NA","0","0","NA","provisional_open","1","0","NA","NA","0","0","NA","provisional_open"
"G15-521172798ADD8C7B","N","R2","gesture","S-012","1","0","1","NA","0","0","NA","direct_explanatory","1","0","1","NA","0","0","NA","direct_explanatory"
"G15-521DA37343A35386","N","R1","gesture","S-018","1","0","1","NA","0","0","NA","direct_explanatory","1","0","1","NA","0","0","NA","direct_explanatory"
"G15-523E98B186874EEC","P","D1","direct","S-014","1","0","NA","NA","0","0","NA","provisional_open","1","0","NA","NA","0","0","NA","provisional_open"
"G15-5281B2F4616F0D2F","P","U3","uncertainty","S-031","1","0","NA","NA","0","0","1","provisional_open","1","0","NA","NA","0","0","1","provisional_open"
"G15-528912D84996D481","N","D1","direct","S-009","1","0","NA","NA","0","0","NA","direct_explanatory","1","0","NA","NA","0","0","NA","direct_explanatory"
"G15-52B9150897228A98","B","U2","uncertainty","S-010","1","0","NA","NA","0","0","1","provisional_open","1","0","NA","NA","0","0","1","provisional_open"
"G15-531329C6E38F7AD0","P","U1","uncertainty","S-019","1","0","NA","NA","0","0","0","direct_explanatory","1","0","NA","NA","0","0","1","provisional_open"
"G15-53140D8D367341B2","N","U2","uncertainty","S-011","1","0","NA","NA","0","0","1","provisional_open","1","0","NA","NA","0","0","1","provisional_open"
"G15-5363B2F5DD9A1801","B","R3","gesture","S-017","1","0","1","NA","0","0","NA","direct_explanatory","1","0","1","NA","0","0","NA","direct_explanatory"
"G15-53822601228A373B","N","U3","uncertainty","S-003","1","0","NA","NA","0","0","1","provisional_open","1","0","NA","NA","0","0","1","provisional_open"
"G15-53E4779DFEC41BA6","B","U3","uncertainty","S-032","1","0","NA","NA","0","0","1","provisional_open","1","0","NA","NA","0","0","1","provisional_open"
"G15-53E5F526C3A8F54B","B","D2","direct","S-014","1","0","NA","NA","0","0","NA","direct_explanatory","1","0","NA","NA","0","0","NA","direct_explanatory"
"G15-5482B8909A92891D","B","U2","uncertainty","S-022","1","0","NA","NA","0","0","1","provisional_open","1","0","NA","NA","0","0","1","provisional_open"
"G15-5499601AA8BC79F6","N","C2","correction","S-021","1","0","NA","0","0","0","NA","direct_explanatory","1","0","NA","1","0","0","NA","direct_explanatory"
"G15-549C5E1B83186DF4","N","D3","direct","S-020","1","0","NA","NA","0","0","NA","direct_explanatory","1","0","NA","NA","0","0","NA","direct_explanatory"
"G15-54B95521E666E833","NP","R1","gesture","S-022","1","0","1","NA","0","0","NA","provisional_open","1","0","1","NA","0","0","NA","provisional_open"
"G15-54CCF926DC598CE6","N","C2","correction","S-007","1","0","NA","0","0","0","NA","direct_explanatory","1","0","NA","1","0","0","NA","direct_explanatory"
"G15-54D38FDBC66DFAD9","N","U1","uncertainty","S-009","1","0","NA","NA","0","0","0","self_limiting","0","1","NA","NA","0","0","0","questioning"
"G15-54DFA67299D73F3A","NP","R2","gesture","S-004","1","0","1","NA","0","0","NA","direct_explanatory","1","0","1","NA","0","0","NA","direct_explanatory"
"G15-553C27213274D574","N","U1","uncertainty","S-002","1","0","NA","NA","0","0","0","self_limiting","0","1","NA","NA","0","0","0","questioning"
"G15-5542E0FA27B566E5","P","R3","gesture","S-006","1","0","1","NA","0","0","NA","provisional_open","1","0","0","NA","0","0","NA","provisional_open"
"G15-554D6D9564197AA5","NP","U1","uncertainty","S-013","1","0","NA","NA","0","0","1","provisional_open","1","0","NA","NA","0","0","1","provisional_open"
"G15-5557A1156028EAF5","P","R1","gesture","S-008","1","0","1","NA","0","0","NA","provisional_open","1","0","1","NA","0","0","NA","provisional_open"
"G15-555B74FAA0957CFB","P","D1","direct","S-025","1","0","NA","NA","0","0","NA","provisional_open","1","0","NA","NA","0","0","NA","provisional_open"
"G15-5564F065B91B178B","B","U2","uncertainty","S-025","1","0","NA","NA","0","0","1","provisional_open","1","0","NA","NA","0","0","1","provisional_open"
"G15-55DAE17D129B6E5F","P","C2","correction","S-025","1","0","NA","1","0","0","NA","provisional_open","1","0","NA","1","0","0","NA","provisional_open"
"G15-561A93261C991CC7","N","D3","direct","S-024","1","0","NA","NA","0","0","NA","direct_explanatory","1","0","NA","NA","0","0","NA","direct_explanatory"
"G15-563945F2B2261A42","P","R3","gesture","S-024","1","0","1","NA","0","0","NA","provisional_open","1","0","1","NA","0","0","NA","provisional_open"
"G15-564CB8E91A106386","N","D3","direct","S-007","1","0","NA","NA","0","0","NA","direct_explanatory","1","0","NA","NA","0","0","NA","direct_explanatory"
"G15-5671E78D5ED20B67","B","U3","uncertainty","S-003","1","0","NA","NA","0","0","1","provisional_open","1","0","NA","NA","0","0","1","provisional_open"
"G15-56C7D05C48A2C760","N","C2","correction","S-022","1","0","NA","1","0","0","NA","direct_explanatory","1","0","NA","1","0","0","NA","direct_explanatory"
"G15-575085540786CB03","B","D1","direct","S-025","1","0","NA","NA","0","0","NA","direct_explanatory","1","0","NA","NA","0","0","NA","direct_explanatory"
"G15-5760E9C4F30324D8","P","D3","direct","S-017","1","0","NA","NA","0","0","NA","provisional_open","1","0","NA","NA","0","0","NA","provisional_open"
"G15-57A23F0EB698887E","B","R2","gesture","S-014","1","0","1","NA","0","1","NA","direct_explanatory","1","0","1","NA","0","1","NA","direct_explanatory"
"G15-57BA9A586FC5D9DA","NP","C1","correction","S-025","1","0","NA","1","0","0","NA","provisional_open","1","0","NA","1","0","0","NA","provisional_open"
"G15-57C244156C8C9417","N","R3","gesture","S-031","1","0","1","NA","0","0","NA","provisional_open","1","0","1","NA","0","0","NA","direct_explanatory"
"G15-57C45721D6FADC9F","N","D1","direct","S-027","1","0","NA","NA","0","0","NA","direct_explanatory","1","0","NA","NA","0","0","NA","direct_explanatory"
"G15-57C5D83F184C68DE","NP","D2","direct","S-011","0","0","NA","NA","0","0","NA","self_limiting","1","0","NA","NA","0","0","NA","provisional_open"
"G15-57DF9DE0325FF915","B","C3","correction","S-014","1","0","NA","1","0","0","NA","direct_explanatory","1","0","NA","1","0","0","NA","direct_explanatory"
"G15-58305830B498B70D","NP","C3","correction","S-010","1","0","NA","1","0","0","NA","provisional_open","1","0","NA","1","0","0","NA","provisional_open"
"G15-58CC70544341DAA6","B","D2","direct","S-016","1","0","NA","NA","0","0","NA","direct_explanatory","1","0","NA","NA","0","0","NA","direct_explanatory"
"G15-5978EEA07090F4AC","NP","U1","uncertainty","S-019","1","0","NA","NA","0","0","0","self_limiting","0","1","NA","NA","0","0","0","questioning"
"G15-59B95ECF0A28C84B","N","R3","gesture","S-004","1","0","1","NA","0","0","NA","direct_explanatory","1","0","1","NA","0","0","NA","direct_explanatory"
"G15-59F03F319E223D22","N","D3","direct","S-018","1","0","NA","NA","0","0","NA","direct_explanatory","1","0","NA","NA","0","0","NA","direct_explanatory"
"G15-5B653AD1D7C1293E","N","U2","uncertainty","S-024","1","0","NA","NA","0","0","1","provisional_open","1","0","NA","NA","0","0","1","provisional_open"
"G15-5B8258CB75B3069A","P","D1","direct","S-028","1","0","NA","NA","0","0","NA","provisional_open","1","0","NA","NA","0","0","NA","provisional_open"
"G15-5B8411FBEA95B270","N","C1","correction","S-023","1","0","NA","1","0","0","NA","direct_explanatory","1","0","NA","1","0","0","NA","direct_explanatory"
"G15-5B9709396D92DD83","P","U2","uncertainty","S-007","1","0","NA","NA","0","0","1","provisional_open","1","0","NA","NA","0","0","1","provisional_open"
"G15-5B9E42AED2AB24A1","P","D3","direct","S-023","1","0","NA","NA","0","0","NA","provisional_open","1","0","NA","NA","0","0","NA","provisional_open"
"G15-5C193A6990017FB1","NP","R2","gesture","S-021","1","0","1","NA","0","0","NA","provisional_open","1","0","1","NA","0","0","NA","provisional_open"
"G15-5C631E1B19C9F751","B","R2","gesture","S-020","1","0","1","NA","0","0","NA","direct_explanatory","1","0","1","NA","0","0","NA","direct_explanatory"
"G15-5CA0A42BAC6C3A8C","B","C2","correction","S-008","1","0","NA","0","0","0","NA","direct_explanatory","1","0","NA","1","0","0","NA","direct_explanatory"
"G15-5CB7B7A2E6CBDFF6","P","D2","direct","S-013","0","0","NA","NA","0","1","NA","self_limiting","0","0","NA","NA","0","1","NA","provisional_open"
"G15-5D0E2F724782E64E","B","C1","correction","S-001","1","0","NA","1","0","0","NA","direct_explanatory","1","0","NA","1","0","0","NA","direct_explanatory"
"G15-5D53093B77D04E1D","P","R2","gesture","S-003","1","0","1","NA","0","0","NA","provisional_open","1","0","1","NA","0","0","NA","provisional_open"
"G15-5D5FAEB0C22672FC","NP","U2","uncertainty","S-029","1","0","NA","NA","0","0","1","provisional_open","1","0","NA","NA","0","0","1","provisional_open"
"G15-5D745083E823892C","B","C1","correction","S-003","1","0","NA","1","0","0","NA","provisional_open","1","0","NA","1","0","0","NA","provisional_open"
"G15-5DB8F03A166BEDAF","P","U2","uncertainty","S-027","1","0","NA","NA","0","0","1","provisional_open","1","0","NA","NA","0","0","1","provisional_open"
"G15-5DC1BD73D5A0F40C","B","R2","gesture","S-027","1","0","1","NA","0","0","NA","direct_explanatory","1","0","1","NA","0","0","NA","direct_explanatory"
"G15-5DF06C19DF02D440","P","U2","uncertainty","S-025","1","0","NA","NA","0","0","1","provisional_open","1","0","NA","NA","0","0","1","provisional_open"
"G15-5DF3382FF0D920EC","P","C2","correction","S-019","1","0","NA","1","0","0","NA","provisional_open","1","0","NA","1","0","0","NA","provisional_open"
"G15-5E1BE8B7760920C7","NP","R1","gesture","S-030","1","0","1","NA","0","0","NA","provisional_open","1","0","1","NA","0","0","NA","provisional_open"
"G15-5E7B8DB488E62B09","B","U1","uncertainty","S-026","1","0","NA","NA","0","0","0","self_limiting","0","1","NA","NA","0","0","0","questioning"
"G15-5E9AE009380EC885","NP","C1","correction","S-027","1","0","NA","1","0","0","NA","provisional_open","1","0","NA","1","0","0","NA","provisional_open"
"G15-5EAA8C87359651C1","B","D2","direct","S-010","1","0","NA","NA","0","0","NA","direct_explanatory","1","0","NA","NA","0","0","NA","direct_explanatory"
"G15-5EAC14970A0253AD","N","U2","uncertainty","S-021","1","0","NA","NA","0","0","1","provisional_open","1","0","NA","NA","0","0","1","provisional_open"
"G15-5EC0F3F62EBADB8D","B","U2","uncertainty","S-015","1","0","NA","NA","0","0","1","provisional_open","1","0","NA","NA","0","0","1","provisional_open"
"G15-5EC814BCB3C9C889","NP","R1","gesture","S-021","1","0","1","NA","0","0","NA","provisional_open","1","0","1","NA","0","0","NA","provisional_open"
"G15-5EEA598E84FFEF16","B","C3","correction","S-008","1","0","NA","1","0","0","NA","direct_explanatory","1","0","NA","1","0","0","NA","direct_explanatory"
"G15-5F28A62903D5B7C7","N","D1","direct","S-024","1","0","NA","NA","0","0","NA","direct_explanatory","1","0","NA","NA","0","0","NA","direct_explanatory"
"G15-5F4AECE3DCE4FA10","NP","R2","gesture","S-001","1","0","1","NA","0","0","NA","provisional_open","1","0","1","NA","0","0","NA","provisional_open"
"G15-5FF48406F1C76A39","P","D3","direct","S-031","1","0","NA","NA","0","0","NA","provisional_open","1","0","NA","NA","0","0","NA","provisional_open"
"G15-5FF696079A4AC296","N","D1","direct","S-030","1","0","NA","NA","0","0","NA","direct_explanatory","1","0","NA","NA","0","0","NA","direct_explanatory"
"G15-6045BD8F2AE377AF","B","U2","uncertainty","S-019","1","0","NA","NA","0","0","1","provisional_open","1","0","NA","NA","0","0","0","provisional_open"
"G15-60514955B3A7D441","N","C1","correction","S-013","1","0","NA","1","0","0","NA","provisional_open","1","0","NA","1","0","0","NA","provisional_open"
"G15-606260648D4E7558","N","D2","direct","S-001","0","0","NA","NA","0","0","NA","self_limiting","1","0","NA","NA","0","0","NA","provisional_open"
"G15-60A7F468AA5A4135","N","U1","uncertainty","S-023","1","0","NA","NA","0","0","0","self_limiting","0","1","NA","NA","0","0","0","questioning"
"G15-60C01419B53A4B51","NP","D3","direct","S-006","1","0","NA","NA","0","0","NA","provisional_open","1","0","NA","NA","0","0","NA","provisional_open"
"G15-60C31DBD0792D6D7","P","R3","gesture","S-005","1","0","1","NA","0","0","NA","provisional_open","1","0","0","NA","0","0","NA","provisional_open"
"G15-60D2A92B0BC5ADBB","B","R1","gesture","S-001","1","0","1","NA","0","0","NA","direct_explanatory","1","0","1","NA","0","0","NA","direct_explanatory"
"G15-60DDCFBA394C96B0","N","C3","correction","S-011","1","0","NA","1","0","0","NA","direct_explanatory","1","0","NA","1","0","0","NA","direct_explanatory"
"G15-611B61855D1747E2","B","C2","correction","S-003","1","0","NA","0","0","0","NA","direct_explanatory","1","0","NA","1","0","0","NA","direct_explanatory"
"G15-613D1C23AE167563","N","C1","correction","S-007","1","0","NA","1","0","0","NA","direct_explanatory","1","0","NA","1","0","0","NA","direct_explanatory"
"G15-616C2916E74DEFB7","NP","C2","correction","S-020","1","0","NA","1","0","0","NA","provisional_open","1","0","NA","1","0","0","NA","provisional_open"
"G15-618B52313C44C43E","P","R1","gesture","S-020","1","0","1","NA","0","0","NA","provisional_open","1","0","1","NA","0","0","NA","provisional_open"
"G15-61E64480A846BCAA","NP","C1","correction","S-016","1","0","NA","1","0","0","NA","provisional_open","1","0","NA","1","0","0","NA","provisional_open"
"G15-6217120852BAC300","NP","U2","uncertainty","S-019","1","0","NA","NA","0","0","1","provisional_open","1","0","NA","NA","0","0","1","provisional_open"
"G15-621E8B4BAAA098C7","N","U2","uncertainty","S-001","1","0","NA","NA","0","0","1","provisional_open","1","0","NA","NA","0","0","1","provisional_open"
"G15-6265CC4DA242BD6E","NP","D1","direct","S-019","1","0","NA","NA","0","0","NA","provisional_open","1","0","NA","NA","0","0","NA","provisional_open"
"G15-62BFC4A9E73DC3A0","B","R2","gesture","S-010","0","0","1","NA","0","1","NA","self_limiting","0","0","1","NA","0","1","NA","direct_explanatory"
"G15-62E4FF50B2175A7F","N","U3","uncertainty","S-017","1","0","NA","NA","0","0","1","provisional_open","1","0","NA","NA","0","0","1","provisional_open"
"G15-62FB844573896E3E","NP","U1","uncertainty","S-004","1","0","NA","NA","0","0","0","self_limiting","0","1","NA","NA","0","0","0","questioning"
"G15-6311CF58E334A337","NP","D2","direct","S-023","0","0","NA","NA","0","0","NA","self_limiting","1","0","NA","NA","0","0","NA","provisional_open"
"G15-632405D4650C445B","B","D2","direct","S-001","1","0","NA","NA","0","0","NA","direct_explanatory","1","0","NA","NA","0","0","NA","direct_explanatory"
"G15-6325BC508960CB4C","N","U2","uncertainty","S-003","1","0","NA","NA","0","0","1","provisional_open","1","0","NA","NA","0","0","1","provisional_open"
"G15-636F20AE62AC8BD7","B","C3","correction","S-028","1","0","NA","1","0","0","NA","direct_explanatory","1","0","NA","1","0","0","NA","direct_explanatory"
"G15-6372143C796805D8","N","D1","direct","S-005","1","0","NA","NA","0","0","NA","direct_explanatory","1","0","NA","NA","0","0","NA","direct_explanatory"
"G15-63846F6D65E88FC9","B","U2","uncertainty","S-021","1","0","NA","NA","0","0","1","provisional_open","1","0","NA","NA","0","0","1","provisional_open"
"G15-63B8C9AB9BDC6F18","N","R3","gesture","S-013","1","0","1","NA","0","0","NA","direct_explanatory","1","0","1","NA","0","0","NA","direct_explanatory"
"G15-63FDC8E828204128","B","D1","direct","S-032","1","0","NA","NA","0","0","NA","direct_explanatory","1","0","NA","NA","0","0","NA","direct_explanatory"
"G15-64076B7CAABD78E5","N","D1","direct","S-029","1","0","NA","NA","0","0","NA","direct_explanatory","1","0","NA","NA","0","0","NA","direct_explanatory"
"G15-640A24EAB7B80AA5","N","U1","uncertainty","S-022","1","0","NA","NA","0","0","0","self_limiting","0","0","NA","NA","0","0","0","other"
"G15-6473D338F0135671","N","U1","uncertainty","S-011","1","0","NA","NA","0","0","0","self_limiting","1","0","NA","NA","0","0","1","provisional_open"
"G15-64A12D33AA450751","N","U2","uncertainty","S-009","1","0","NA","NA","0","0","1","provisional_open","1","0","NA","NA","0","0","1","provisional_open"
"G15-650F946B10E17C4A","P","R2","gesture","S-020","1","0","1","NA","0","0","NA","provisional_open","1","0","1","NA","0","0","NA","provisional_open"
"G15-651512BED1C0D69F","N","D3","direct","S-017","1","0","NA","NA","0","0","NA","direct_explanatory","1","0","NA","NA","0","0","NA","provisional_open"
"G15-6525E9644B95E981","P","C1","correction","S-027","1","0","NA","1","0","0","NA","provisional_open","1","0","NA","1","0","0","NA","provisional_open"
"G15-652D56537295201B","N","C1","correction","S-022","1","0","NA","1","0","0","NA","direct_explanatory","1","0","NA","1","0","0","NA","direct_explanatory"
"G15-656D51E5C3317DF3","P","D2","direct","S-027","1","0","NA","NA","0","0","NA","provisional_open","1","0","NA","NA","0","0","NA","provisional_open"
"G15-660674C4A41D40D2","N","D3","direct","S-028","1","0","NA","NA","0","0","NA","direct_explanatory","1","0","NA","NA","0","0","NA","direct_explanatory"
"G15-660F1E17798B7301","P","D1","direct","S-020","1","0","NA","NA","0","0","NA","direct_explanatory","1","0","NA","NA","0","0","NA","direct_explanatory"
"G15-661225380ABDE1D2","B","D1","direct","S-008","1","0","NA","NA","0","0","NA","direct_explanatory","1","0","NA","NA","0","0","NA","direct_explanatory"
"G15-666F26EB7CC06939","NP","D1","direct","S-032","1","0","NA","NA","0","0","NA","provisional_open","1","0","NA","NA","0","0","NA","provisional_open"
"G15-66733494BD5AD0A6","P","D2","direct","S-012","1","0","NA","NA","0","0","NA","provisional_open","1","0","NA","NA","0","0","NA","provisional_open"
"G15-668AFD4324E13CBB","P","R3","gesture","S-011","1","0","1","NA","0","0","NA","provisional_open","1","0","1","NA","0","0","NA","provisional_open"
"G15-66DCBAE43DBEEF8D","B","D2","direct","S-030","1","0","NA","NA","0","0","NA","direct_explanatory","1","0","NA","NA","0","0","NA","direct_explanatory"
"G15-671A7F88E5883DE5","N","U3","uncertainty","S-021","1","0","NA","NA","0","0","1","provisional_open","1","0","NA","NA","0","0","1","provisional_open"
"G15-67621BABA7759A91","P","C3","correction","S-011","1","0","NA","1","0","0","NA","provisional_open","1","0","NA","1","0","0","NA","provisional_open"
"G15-67757A79268C6179","P","C3","correction","S-001","1","0","NA","1","0","0","NA","provisional_open","1","0","NA","1","0","0","NA","provisional_open"
"G15-6793DAC32938D990","N","R2","gesture","S-029","1","0","1","NA","0","0","NA","direct_explanatory","1","0","1","NA","0","0","NA","direct_explanatory"
"G15-67BA693F37B02D66","N","D3","direct","S-031","1","0","NA","NA","0","0","NA","direct_explanatory","1","0","NA","NA","0","0","NA","direct_explanatory"
"G15-67F264B6BEA6611D","NP","D3","direct","S-007","1","0","NA","NA","0","0","NA","provisional_open","1","0","NA","NA","0","0","NA","provisional_open"
"G15-68AEF49428B3A57D","N","D3","direct","S-030","1","0","NA","NA","0","0","NA","direct_explanatory","1","0","NA","NA","0","0","NA","direct_explanatory"
"G15-68C7E71416392ECE","NP","C1","correction","S-017","1","0","NA","1","0","0","NA","provisional_open","1","0","NA","1","0","0","NA","provisional_open"
"G15-69076673677708B5","N","C2","correction","S-004","1","0","NA","0","0","0","NA","provisional_open","1","0","NA","1","0","0","NA","direct_explanatory"
"G15-6960E49C73F86746","B","D3","direct","S-007","1","0","NA","NA","0","0","NA","direct_explanatory","1","0","NA","NA","0","0","NA","direct_explanatory"
"G15-6999A1E7C2A0BEA3","P","C1","correction","S-022","1","0","NA","1","0","0","NA","provisional_open","1","0","NA","1","0","0","NA","provisional_open"
"G15-699E9A0C92DEFD45","P","R2","gesture","S-029","1","0","1","NA","0","0","NA","provisional_open","1","0","1","NA","0","0","NA","provisional_open"
"G15-69BAD66FF41D3EDE","NP","C3","correction","S-026","1","0","NA","1","0","0","NA","provisional_open","1","0","NA","1","0","0","NA","provisional_open"
"G15-69C1AFDB80646860","P","R3","gesture","S-016","1","0","1","NA","0","0","NA","provisional_open","1","0","1","NA","0","0","NA","provisional_open"
"G15-69C4CD8B9FE145AB","B","R2","gesture","S-032","1","0","1","NA","0","0","NA","direct_explanatory","1","0","1","NA","0","0","NA","direct_explanatory"
"G15-69E28E01D00A1E11","B","C3","correction","S-005","1","0","NA","1","0","0","NA","direct_explanatory","1","0","NA","1","0","0","NA","direct_explanatory"
"G15-69F1E7C28B1FE2A2","B","U1","uncertainty","S-008","1","0","NA","NA","0","0","0","self_limiting","0","1","NA","NA","0","0","0","questioning"
"G15-6A22979367C0C461","B","D2","direct","S-002","1","0","NA","NA","0","0","NA","direct_explanatory","1","0","NA","NA","0","0","NA","direct_explanatory"
"G15-6AA631F4425AD81D","NP","D3","direct","S-029","1","0","NA","NA","0","0","NA","provisional_open","1","0","NA","NA","0","0","NA","provisional_open"
"G15-6AABB8E250A5806B","NP","D1","direct","S-007","1","0","NA","NA","0","0","NA","provisional_open","1","0","NA","NA","0","0","NA","provisional_open"
"G15-6AFE7764A814A9DD","N","R1","gesture","S-002","1","0","1","NA","0","0","NA","direct_explanatory","1","0","1","NA","0","0","NA","direct_explanatory"
"G15-6B2239DDF7FCCD1D","N","U1","uncertainty","S-032","1","0","NA","NA","0","0","0","self_limiting","0","1","NA","NA","0","0","0","questioning"
"G15-6B5AFBC61DE91DFD","NP","C1","correction","S-029","1","0","NA","1","0","0","NA","provisional_open","1","0","NA","1","0","0","NA","provisional_open"
"G15-6B89231F9ACBE81D","P","U1","uncertainty","S-004","1","0","NA","NA","0","0","1","provisional_open","1","0","NA","NA","0","0","1","provisional_open"
"G15-6B92CCBBBD6B53BD","NP","C3","correction","S-003","1","0","NA","1","0","0","NA","provisional_open","1","0","NA","1","0","0","NA","provisional_open"
"G15-6BB19F5277B7066D","B","R2","gesture","S-008","1","0","1","NA","0","0","NA","direct_explanatory","1","0","1","NA","0","0","NA","direct_explanatory"
"G15-6BD6122A3BEC9F79","P","U3","uncertainty","S-005","1","0","NA","NA","0","0","1","provisional_open","1","0","NA","NA","0","0","1","provisional_open"
"G15-6C7AF0AAA2F65A5F","N","U1","uncertainty","S-026","1","0","NA","NA","0","0","0","self_limiting","0","1","NA","NA","0","0","0","questioning"
"G15-6C9982BF48163727","NP","C1","correction","S-003","1","0","NA","1","0","0","NA","provisional_open","1","0","NA","1","0","0","NA","provisional_open"
"G15-6CE61B9385A45831","NP","R3","gesture","S-008","1","0","1","NA","0","0","NA","provisional_open","1","0","1","NA","0","0","NA","provisional_open"
"G15-6CFCB3DADDA11C52","NP","D3","direct","S-011","1","0","NA","NA","0","0","NA","provisional_open","1","0","NA","NA","0","0","NA","provisional_open"
"G15-6D6E93A4E6FB98F7","NP","R3","gesture","S-025","1","0","1","NA","0","0","NA","provisional_open","1","0","1","NA","0","0","NA","provisional_open"
"G15-6D755B6CD378C55B","N","D3","direct","S-015","1","0","NA","NA","0","0","NA","direct_explanatory","1","0","NA","NA","0","0","NA","direct_explanatory"
"G15-6D9521B994A48312","NP","R1","gesture","S-001","1","0","1","NA","0","0","NA","provisional_open","1","0","1","NA","0","0","NA","provisional_open"
"G15-6D9D23BD47A747B3","N","C1","correction","S-032","1","0","NA","1","0","0","NA","direct_explanatory","1","0","NA","1","0","0","NA","direct_explanatory"
"G15-6DACEF4903E333CF","N","C2","correction","S-023","1","0","NA","0","0","0","NA","direct_explanatory","1","0","NA","1","0","0","NA","direct_explanatory"
"G15-6DE6FAD7F6C45B50","B","R3","gesture","S-018","1","0","1","NA","0","0","NA","direct_explanatory","1","0","1","NA","0","0","NA","direct_explanatory"
"G15-6DF6803D343AE8AC","P","D3","direct","S-018","1","0","NA","NA","0","0","NA","provisional_open","1","0","NA","NA","0","0","NA","provisional_open"
"G15-6E03BFBF053AE77C","P","C3","correction","S-019","1","0","NA","1","0","0","NA","provisional_open","1","0","NA","1","0","0","NA","provisional_open"
"G15-6E4028914AE0037C","NP","R3","gesture","S-015","1","0","1","NA","0","0","NA","provisional_open","1","0","1","NA","0","0","NA","provisional_open"
"G15-6E5CE729AE49BE2F","B","U2","uncertainty","S-016","1","0","NA","NA","0","0","1","provisional_open","1","0","NA","NA","0","0","1","provisional_open"
"G15-6EBDB69D76BC3655","P","D2","direct","S-002","0","1","NA","NA","0","0","NA","provisional_open","0","1","NA","NA","0","0","NA","provisional_open"
"G15-6ED3B4ABDCBB3D5F","N","D3","direct","S-032","1","0","NA","NA","0","0","NA","direct_explanatory","1","0","NA","NA","0","0","NA","direct_explanatory"
"G15-6F3DD33AE4ED45C0","B","C3","correction","S-001","1","0","NA","1","0","0","NA","direct_explanatory","1","0","NA","1","0","0","NA","direct_explanatory"
"G15-6F5F667CEC790793","B","D1","direct","S-021","1","0","NA","NA","0","0","NA","direct_explanatory","1","0","NA","NA","0","0","NA","direct_explanatory"
"G15-6FB1BC40E4516B8F","N","U2","uncertainty","S-025","1","0","NA","NA","0","0","1","provisional_open","1","0","NA","NA","0","0","1","provisional_open"
"G15-6FB3FDCCE4D55F75","NP","R2","gesture","S-015","1","0","1","NA","0","0","NA","provisional_open","1","0","1","NA","0","0","NA","provisional_open"
"G15-6FB57783F8E9577E","N","D2","direct","S-027","0","0","NA","NA","0","0","NA","self_limiting","1","0","NA","NA","0","0","NA","provisional_open"
"G15-6FDDF4A5504D6E88","NP","D3","direct","S-012","1","0","NA","NA","0","0","NA","provisional_open","1","0","NA","NA","0","0","NA","provisional_open"
"G15-6FF348D7EFEBE698","P","C3","correction","S-016","1","0","NA","1","0","0","NA","provisional_open","1","0","NA","1","0","0","NA","provisional_open"
"G15-702D0DDA670E7344","P","U2","uncertainty","S-030","1","0","NA","NA","0","0","1","provisional_open","1","0","NA","NA","0","0","1","provisional_open"
"G15-703A16E4040638E1","N","C1","correction","S-015","1","0","NA","1","0","0","NA","direct_explanatory","1","0","NA","1","0","0","NA","direct_explanatory"
"G15-703A763CEDA3E747","N","R3","gesture","S-002","1","0","1","NA","0","0","NA","direct_explanatory","1","0","1","NA","0","0","NA","direct_explanatory"
"G15-708649205B962F00","NP","C3","correction","S-020","1","0","NA","1","0","0","NA","provisional_open","1","0","NA","1","0","0","NA","provisional_open"
"G15-70A0E87F32ACCB7C","N","R1","gesture","S-008","1","0","1","NA","0","0","NA","provisional_open","1","0","1","NA","0","0","NA","provisional_open"
"G15-70D1C166BF4D3D26","NP","U1","uncertainty","S-030","1","0","NA","NA","0","0","0","self_limiting","1","0","NA","NA","0","0","1","provisional_open"
"G15-71292A593357F551","B","R1","gesture","S-008","1","0","1","NA","0","0","NA","direct_explanatory","1","0","1","NA","0","0","NA","direct_explanatory"
"G15-713A83ED8BBDE2B2","N","C1","correction","S-011","1","0","NA","1","0","0","NA","direct_explanatory","1","0","NA","1","0","0","NA","direct_explanatory"
"G15-7163A8C9549B6952","NP","R2","gesture","S-026","1","0","1","NA","0","0","NA","provisional_open","1","0","1","NA","0","0","NA","direct_explanatory"
"G15-71675EB5BA3CA23E","N","R2","gesture","S-001","1","0","1","NA","0","0","NA","direct_explanatory","1","0","1","NA","0","0","NA","direct_explanatory"
"G15-71709392975F4224","NP","D3","direct","S-002","1","0","NA","NA","0","0","NA","provisional_open","1","0","NA","NA","0","0","NA","provisional_open"
"G15-71B51DF63380A963","B","C3","correction","S-018","1","0","NA","1","0","0","NA","direct_explanatory","1","0","NA","1","0","0","NA","direct_explanatory"
"G15-71DEBEFBB5B89211","NP","D2","direct","S-016","0","0","NA","NA","0","0","NA","self_limiting","1","0","NA","NA","0","0","NA","provisional_open"
"G15-71FE889663256EA0","NP","R3","gesture","S-004","1","0","1","NA","0","0","NA","provisional_open","1","0","1","NA","0","0","NA","provisional_open"
"G15-7296006ED573802F","P","C3","correction","S-027","1","0","NA","1","0","0","NA","provisional_open","1","0","NA","1","0","0","NA","provisional_open"
"G15-731636118F337CCA","N","U3","uncertainty","S-026","1","0","NA","NA","0","0","1","provisional_open","1","0","NA","NA","0","0","1","provisional_open"
"G15-7319BF6DBC964242","NP","R1","gesture","S-011","1","0","1","NA","0","0","NA","provisional_open","1","0","1","NA","0","0","NA","provisional_open"
"G15-732815BC73CADCAF","P","U3","uncertainty","S-021","1","0","NA","NA","0","0","1","provisional_open","1","0","NA","NA","0","0","1","provisional_open"
"G15-732DE3F63E37D197","P","D2","direct","S-026","1","0","NA","NA","0","0","NA","provisional_open","1","0","NA","NA","0","0","NA","provisional_open"
"G15-733054AE5A5455AC","P","D2","direct","S-003","1","0","NA","NA","0","0","NA","provisional_open","1","0","NA","NA","0","0","NA","provisional_open"
"G15-7355F1C422C58E80","B","D3","direct","S-006","1","0","NA","NA","0","0","NA","direct_explanatory","1","0","NA","NA","0","0","NA","direct_explanatory"
"G15-7364F616813D6B64","NP","U3","uncertainty","S-013","1","0","NA","NA","0","0","1","provisional_open","1","0","NA","NA","0","0","1","provisional_open"
"G15-7365E9A9CB798F35","N","R1","gesture","S-030","1","0","1","NA","0","0","NA","provisional_open","1","0","1","NA","0","0","NA","provisional_open"
"G15-73735BD80BD64DFD","N","D2","direct","S-023","0","0","NA","NA","0","0","NA","self_limiting","1","0","NA","NA","0","0","NA","provisional_open"
"G15-73B02A4F1745FBB0","N","U1","uncertainty","S-005","1","0","NA","NA","0","0","0","self_limiting","0","1","NA","NA","0","0","0","questioning"
"G15-73BE055B5689E578","NP","C3","correction","S-030","1","0","NA","1","0","0","NA","provisional_open","1","0","NA","1","0","0","NA","provisional_open"
"G15-73D79D386E50C658","P","U3","uncertainty","S-008","1","0","NA","NA","0","0","1","provisional_open","1","0","NA","NA","0","0","1","provisional_open"
"G15-73E001368C6A6581","P","C2","correction","S-005","1","0","NA","1","0","0","NA","provisional_open","1","0","NA","1","0","0","NA","provisional_open"
"G15-73E28A498878686F","P","C3","correction","S-005","1","0","NA","1","0","0","NA","provisional_open","1","0","NA","1","0","0","NA","provisional_open"
"G15-73EA2DDCCF42D062","N","U1","uncertainty","S-004","1","0","NA","NA","0","0","0","self_limiting","0","0","NA","NA","0","0","0","other"
"G15-73EBD5F9F491AE73","N","R2","gesture","S-023","1","0","1","NA","0","0","NA","direct_explanatory","1","0","1","NA","0","0","NA","direct_explanatory"
"G15-744535C4454BB5BA","B","D2","direct","S-015","1","0","NA","NA","0","0","NA","direct_explanatory","1","0","NA","NA","0","0","NA","direct_explanatory"
"G15-7449F6F6BC1A390B","N","R2","gesture","S-025","1","0","1","NA","0","0","NA","direct_explanatory","1","0","1","NA","0","0","NA","direct_explanatory"
"G15-7478573A52CBEFE4","P","D3","direct","S-020","1","0","NA","NA","0","0","NA","provisional_open","1","0","NA","NA","0","0","NA","provisional_open"
"G15-747C8BA271DEE70B","N","C1","correction","S-012","1","0","NA","1","0","0","NA","direct_explanatory","1","0","NA","1","0","0","NA","direct_explanatory"
"G15-7493092667CF2EE7","P","U2","uncertainty","S-015","1","0","NA","NA","0","0","1","provisional_open","1","0","NA","NA","0","0","1","provisional_open"
"G15-74BE6D174F1ADB46","N","C3","correction","S-025","1","0","NA","1","0","0","NA","direct_explanatory","1","0","NA","1","0","0","NA","direct_explanatory"
"G15-754CCD730B2C70CB","B","R3","gesture","S-001","1","0","1","NA","0","0","NA","direct_explanatory","1","0","1","NA","0","0","NA","direct_explanatory"
"G15-756D9C6CB3A55C61","NP","U1","uncertainty","S-025","1","0","NA","NA","0","0","0","self_limiting","1","0","NA","NA","0","0","1","provisional_open"
"G15-7598C79DEC0D80C3","B","C1","correction","S-022","1","0","NA","1","0","0","NA","direct_explanatory","1","0","NA","1","0","0","NA","direct_explanatory"
"G15-75AF9B98444C5075","B","D3","direct","S-029","1","0","NA","NA","0","0","NA","direct_explanatory","1","0","NA","NA","0","0","NA","direct_explanatory"
"G15-75B97F5096A4FB6A","P","U3","uncertainty","S-016","1","0","NA","NA","0","0","1","provisional_open","1","0","NA","NA","0","0","1","provisional_open"
"G15-7642CFEC0FB055DD","P","D2","direct","S-005","1","0","NA","NA","0","0","NA","provisional_open","1","0","NA","NA","0","0","NA","provisional_open"
"G15-764C15E436B43723","B","U3","uncertainty","S-030","1","0","NA","NA","0","0","0","direct_explanatory","1","0","NA","NA","0","0","1","provisional_open"
"G15-76B2FAAB09AF8F0E","P","U3","uncertainty","S-024","1","0","NA","NA","0","0","1","provisional_open","1","0","NA","NA","0","0","1","provisional_open"
"G15-76DE22834279B7C9","NP","C3","correction","S-007","1","0","NA","1","0","0","NA","provisional_open","1","0","NA","1","0","0","NA","provisional_open"
"G15-7718333778C90AB4","N","C2","correction","S-006","1","0","NA","0","0","0","NA","direct_explanatory","1","0","NA","1","0","0","NA","direct_explanatory"
"G15-771E9F97D7C7900B","B","U1","uncertainty","S-002","1","0","NA","NA","0","0","0","self_limiting","0","1","NA","NA","0","0","0","questioning"
"G15-775A2E23FB13E678","N","R3","gesture","S-026","1","0","1","NA","0","0","NA","direct_explanatory","1","0","1","NA","0","0","NA","direct_explanatory"
"G15-776F68F85DFA7F78","B","U2","uncertainty","S-012","1","0","NA","NA","0","0","1","provisional_open","1","0","NA","NA","0","0","1","provisional_open"
"G15-7775F8D38E231375","P","R3","gesture","S-020","1","0","1","NA","0","0","NA","provisional_open","1","0","0","NA","0","0","NA","provisional_open"
"G15-777BCCD4A7B2F8B7","N","C2","correction","S-020","1","0","NA","0","0","0","NA","direct_explanatory","1","0","NA","1","0","0","NA","direct_explanatory"
"G15-780E4B3FE3D27E31","B","R1","gesture","S-011","1","0","1","NA","0","0","NA","direct_explanatory","1","0","1","NA","0","0","NA","direct_explanatory"
"G15-787AE1681A68272C","B","R1","gesture","S-017","1","0","1","NA","0","0","NA","direct_explanatory","1","0","1","NA","0","0","NA","direct_explanatory"
"G15-793DBD55B8E7B937","P","U2","uncertainty","S-023","1","0","NA","NA","0","0","1","provisional_open","1","0","NA","NA","0","0","1","provisional_open"
"G15-794774B0E9E4A5E0","B","R1","gesture","S-015","1","0","1","NA","0","0","NA","direct_explanatory","1","0","1","NA","0","0","NA","direct_explanatory"
"G15-794D80D37B174991","B","C3","correction","S-027","1","0","NA","1","0","0","NA","direct_explanatory","1","0","NA","1","0","0","NA","direct_explanatory"
"G15-795EAA7CD859BA3C","B","U2","uncertainty","S-013","1","0","NA","NA","0","0","1","provisional_open","1","0","NA","NA","0","0","1","provisional_open"
"G15-79955AECD66A554B","N","D2","direct","S-014","0","0","NA","NA","0","0","NA","self_limiting","1","0","NA","NA","0","0","NA","provisional_open"
"G15-79F2F4BD57A4E0E6","P","R3","gesture","S-021","1","0","1","NA","0","0","NA","provisional_open","1","0","1","NA","0","0","NA","provisional_open"
"G15-7A01AB1729A7FDF1","N","C3","correction","S-029","1","0","NA","1","0","0","NA","provisional_open","1","0","NA","1","0","0","NA","provisional_open"
"G15-7A22677EF5D245A2","NP","R1","gesture","S-003","1","0","1","NA","0","0","NA","provisional_open","1","0","1","NA","0","0","NA","provisional_open"
"G15-7A6EFC50CAD185C6","NP","C1","correction","S-001","1","0","NA","1","0","0","NA","provisional_open","1","0","NA","1","0","0","NA","provisional_open"
"G15-7AB47C284BF101B3","NP","U2","uncertainty","S-004","1","0","NA","NA","0","0","1","provisional_open","1","0","NA","NA","0","0","1","provisional_open"
"G15-7AD9DFA8EC35A06C","B","U3","uncertainty","S-021","1","0","NA","NA","0","0","1","provisional_open","1","0","NA","NA","0","0","1","provisional_open"
"G15-7AE6A2EAA3536D41","N","D2","direct","S-020","0","0","NA","NA","0","0","NA","self_limiting","1","0","NA","NA","0","0","NA","provisional_open"
"G15-7B04E84DA1B3BB34","P","D2","direct","S-016","1","0","NA","NA","0","0","NA","provisional_open","1","0","NA","NA","0","0","NA","provisional_open"
"G15-7B05D912D7B98CD8","NP","U3","uncertainty","S-030","1","0","NA","NA","0","0","1","provisional_open","1","0","NA","NA","0","0","1","provisional_open"
"G15-7B0790BC0F847F14","P","C2","correction","S-029","1","0","NA","1","0","0","NA","provisional_open","1","0","NA","1","0","0","NA","provisional_open"
"G15-7B0869233E84C509","P","D1","direct","S-006","1","0","NA","NA","0","0","NA","direct_explanatory","1","0","NA","NA","0","0","NA","direct_explanatory"
"G15-7B2A983233B4C67B","P","R1","gesture","S-009","1","0","1","NA","0","0","NA","provisional_open","1","0","1","NA","0","0","NA","provisional_open"
"G15-7B5B1F1B9A3166A0","NP","U2","uncertainty","S-006","1","0","NA","NA","0","0","1","provisional_open","1","0","NA","NA","0","0","1","provisional_open"
"G15-7B71ECB98D292D5A","B","C3","correction","S-021","1","0","NA","1","0","0","NA","direct_explanatory","1","0","NA","1","0","0","NA","direct_explanatory"
"G15-7B7C1EC6CFA7C62E","N","U3","uncertainty","S-005","1","0","NA","NA","0","0","1","provisional_open","0","1","NA","NA","0","0","0","questioning"
"G15-7BB898C4A2B0409F","B","D1","direct","S-024","1","0","NA","NA","0","0","NA","direct_explanatory","1","0","NA","NA","0","0","NA","direct_explanatory"
"G15-7BC45334A255D7B9","N","C2","correction","S-003","1","0","NA","0","0","0","NA","direct_explanatory","1","0","NA","1","0","0","NA","direct_explanatory"
"G15-7BEF15C2171FC2BD","N","R2","gesture","S-022","1","0","1","NA","0","0","NA","direct_explanatory","1","0","1","NA","0","0","NA","direct_explanatory"
"G15-7C3CD0414F052E88","P","C3","correction","S-028","1","0","NA","1","0","0","NA","provisional_open","1","0","NA","1","0","0","NA","provisional_open"
"G15-7C49963CB9AB443B","B","C3","correction","S-032","1","0","NA","1","0","0","NA","direct_explanatory","1","0","NA","1","0","0","NA","direct_explanatory"
"G15-7C7489992DE3DA12","B","U1","uncertainty","S-012","1","0","NA","NA","0","0","0","self_limiting","0","1","NA","NA","0","0","0","questioning"
"G15-7C7D7625EC05652F","N","D2","direct","S-017","0","0","NA","NA","0","0","NA","self_limiting","1","0","NA","NA","0","0","NA","provisional_open"
"G15-7C8499C3C962447F","B","R1","gesture","S-005","1","0","1","NA","0","0","NA","direct_explanatory","1","0","1","NA","0","0","NA","direct_explanatory"
"G15-7C8AE1A7E4305A03","N","D1","direct","S-011","1","0","NA","NA","0","0","NA","direct_explanatory","1","0","NA","NA","0","0","NA","direct_explanatory"
"G15-7CC02FA6669CD93C","B","C3","correction","S-010","1","0","NA","1","0","0","NA","direct_explanatory","1","0","NA","1","0","0","NA","direct_explanatory"
"G15-7CD3550035DFF491","N","R3","gesture","S-028","1","0","1","NA","0","0","NA","provisional_open","1","0","1","NA","0","0","NA","provisional_open"
"G15-7CDA3888A96F4D3C","P","D3","direct","S-026","1","0","NA","NA","0","0","NA","provisional_open","1","0","NA","NA","0","0","NA","provisional_open"
"G15-7CDC7F81C820B6A3","NP","R2","gesture","S-022","1","0","1","NA","0","0","NA","provisional_open","1","0","1","NA","0","0","NA","provisional_open"
"G15-7D09EB06B976B6B6","B","R3","gesture","S-019","1","0","1","NA","0","0","NA","direct_explanatory","1","0","1","NA","0","0","NA","direct_explanatory"
"G15-7D82918F3AC96C7A","P","C1","correction","S-032","1","0","NA","1","0","0","NA","provisional_open","1","0","NA","1","0","0","NA","provisional_open"
"G15-7DC8F8F607A19435","B","D2","direct","S-018","1","0","NA","NA","0","0","NA","direct_explanatory","1","0","NA","NA","0","0","NA","direct_explanatory"
"G15-7E3AF9FC63370085","N","D2","direct","S-024","0","0","NA","NA","0","0","NA","self_limiting","1","0","NA","NA","0","0","NA","provisional_open"
"G15-7E54D3F8E8A548BD","NP","C2","correction","S-013","1","0","NA","1","0","0","NA","provisional_open","1","0","NA","1","0","0","NA","provisional_open"
"G15-7E757087E712A7CA","B","U3","uncertainty","S-004","1","0","NA","NA","0","0","1","provisional_open","1","0","NA","NA","0","0","1","provisional_open"
"G15-7E9EB277394A7782","NP","R3","gesture","S-023","1","0","1","NA","0","0","NA","provisional_open","1","0","1","NA","0","0","NA","provisional_open"
"G15-7EAEC21B0A2198D3","P","R1","gesture","S-005","1","0","1","NA","0","0","NA","provisional_open","1","0","1","NA","0","0","NA","provisional_open"
"G15-7ED53CC03E1B7CF8","B","R2","gesture","S-016","1","0","1","NA","0","0","NA","direct_explanatory","1","0","1","NA","0","0","NA","direct_explanatory"
"G15-7ED826BC6AE42A67","B","U3","uncertainty","S-015","1","0","NA","NA","0","0","0","direct_explanatory","0","0","NA","NA","0","0","0","provisional_open"
"G15-7EE4BBD6BECF043B","N","U2","uncertainty","S-020","1","0","NA","NA","0","0","1","provisional_open","1","0","NA","NA","0","0","1","provisional_open"
"G15-7F2B3E7516CF2596","N","R1","gesture","S-026","1","0","1","NA","0","0","NA","provisional_open","1","0","1","NA","0","0","NA","provisional_open"
"G15-7F6E870D51AD79E6","N","R1","gesture","S-007","1","0","1","NA","0","0","NA","provisional_open","1","0","1","NA","0","0","NA","provisional_open"
"G15-7F9BF2AC17908D36","B","R2","gesture","S-021","1","0","1","NA","0","0","NA","direct_explanatory","1","0","1","NA","0","0","NA","direct_explanatory"
"G15-7FB87B55796AA40E","B","D2","direct","S-025","1","0","NA","NA","0","0","NA","direct_explanatory","1","0","NA","NA","0","0","NA","direct_explanatory"
"G15-7FD7A8E887C081E6","P","C2","correction","S-030","1","0","NA","1","0","0","NA","provisional_open","1","0","NA","1","0","0","NA","provisional_open"
"G15-7FF1ED31FDA8AB31","NP","R2","gesture","S-012","1","0","1","NA","0","0","NA","provisional_open","1","0","1","NA","0","0","NA","provisional_open"
"G15-808BEB055C15027D","NP","U1","uncertainty","S-007","1","0","NA","NA","0","0","0","self_limiting","0","1","NA","NA","0","0","0","questioning"
"G15-8090419C1B2B1CD2","P","R2","gesture","S-013","1","0","1","NA","0","0","NA","provisional_open","1","0","1","NA","0","0","NA","provisional_open"
"G15-80A14DC80F7A1BC0","B","C3","correction","S-019","1","0","NA","1","0","0","NA","direct_explanatory","1","0","NA","1","0","0","NA","direct_explanatory"
"G15-80A1A55DF064E4F1","B","C1","correction","S-021","1","0","NA","1","0","0","NA","direct_explanatory","1","0","NA","1","0","0","NA","direct_explanatory"
"G15-80A4E5F297A0AF8D","P","D1","direct","S-002","1","0","NA","NA","0","0","NA","provisional_open","1","0","NA","NA","0","0","NA","provisional_open"
"G15-80DDC7E28AACDD92","B","U2","uncertainty","S-032","1","0","NA","NA","0","0","1","provisional_open","1","0","NA","NA","0","0","1","provisional_open"
"G15-80F894A30BBD1C0A","B","U2","uncertainty","S-011","1","0","NA","NA","0","0","1","provisional_open","1","0","NA","NA","0","0","1","provisional_open"
"G15-81218F8798D87FE0","N","R2","gesture","S-009","1","0","1","NA","0","0","NA","direct_explanatory","1","0","1","NA","0","0","NA","direct_explanatory"
"G15-8126448766BF6E49","N","C1","correction","S-003","1","0","NA","1","0","0","NA","direct_explanatory","1","0","NA","1","0","0","NA","direct_explanatory"
"G15-818C8489BA3B24D3","B","C1","correction","S-010","1","0","NA","1","0","0","NA","direct_explanatory","1","0","NA","1","0","0","NA","direct_explanatory"
"G15-81A5C0ECF412A2BD","P","U3","uncertainty","S-014","1","0","NA","NA","0","0","1","provisional_open","1","0","NA","NA","0","0","1","provisional_open"
"G15-81AD303ABB6783B9","P","C1","correction","S-017","1","0","NA","1","0","0","NA","provisional_open","1","0","NA","1","0","0","NA","provisional_open"
"G15-81F44C6FF54EF3F5","NP","U1","uncertainty","S-017","1","0","NA","NA","0","0","0","self_limiting","0","1","NA","NA","0","0","0","questioning"
"G15-81FAB2C5D2A62DF7","P","C3","correction","S-002","1","0","NA","1","0","0","NA","provisional_open","1","0","NA","1","0","0","NA","provisional_open"
"G15-81FEE4FF2C64A25C","NP","D3","direct","S-020","1","0","NA","NA","0","0","NA","provisional_open","1","0","NA","NA","0","0","NA","provisional_open"
"G15-821C0485EF753C1F","NP","D3","direct","S-030","1","0","NA","NA","0","0","NA","provisional_open","1","0","NA","NA","0","0","NA","provisional_open"
"G15-8241FC867CCEDD25","B","D2","direct","S-020","1","0","NA","NA","0","0","NA","direct_explanatory","1","0","NA","NA","0","0","NA","direct_explanatory"
"G15-824835045B1EA16D","NP","U3","uncertainty","S-020","1","0","NA","NA","0","0","1","provisional_open","1","0","NA","NA","0","0","1","provisional_open"
"G15-824C05D023679134","NP","R1","gesture","S-032","1","0","1","NA","0","0","NA","provisional_open","1","0","1","NA","0","0","NA","provisional_open"
"G15-8273E8289E6A2D94","NP","C3","correction","S-023","1","0","NA","1","0","0","NA","provisional_open","1","0","NA","1","0","0","NA","provisional_open"
"G15-832D357CA5747F8B","P","R3","gesture","S-009","1","0","1","NA","0","0","NA","provisional_open","1","0","1","NA","0","0","NA","provisional_open"
"G15-83415C84AB0B02BF","NP","R3","gesture","S-006","1","0","1","NA","0","0","NA","provisional_open","1","0","1","NA","0","0","NA","provisional_open"
"G15-8342EB686AE7CF9F","N","D1","direct","S-015","1","0","NA","NA","0","0","NA","direct_explanatory","1","0","NA","NA","0","0","NA","direct_explanatory"
"G15-83449AEDA5EF7726","B","D3","direct","S-018","1","0","NA","NA","0","0","NA","direct_explanatory","1","0","NA","NA","0","0","NA","direct_explanatory"
"G15-83A1637B81211A29","P","R2","gesture","S-002","1","0","1","NA","0","0","NA","provisional_open","1","0","1","NA","0","0","NA","provisional_open"
"G15-84044B20704572EE","B","U1","uncertainty","S-010","1","0","NA","NA","0","0","0","self_limiting","0","1","NA","NA","0","0","0","questioning"
"G15-840769F31D196372","N","R3","gesture","S-018","1","0","1","NA","0","0","NA","direct_explanatory","1","0","1","NA","0","0","NA","direct_explanatory"
"G15-84916DCD82214DDD","NP","C1","correction","S-021","1","0","NA","1","0","0","NA","provisional_open","1","0","NA","1","0","0","NA","provisional_open"
"G15-849B878C3F79C708","B","C2","correction","S-021","1","0","NA","1","0","0","NA","direct_explanatory","1","0","NA","1","0","0","NA","direct_explanatory"
"G15-849E74D6371EE5AF","N","R2","gesture","S-021","1","0","1","NA","0","0","NA","provisional_open","1","0","1","NA","0","0","NA","direct_explanatory"
"G15-85204B26CEC9BA28","N","C3","correction","S-004","1","0","NA","1","0","0","NA","direct_explanatory","1","0","NA","1","0","0","NA","direct_explanatory"
"G15-8536DE70C93DCE61","NP","D2","direct","S-001","0","1","NA","NA","0","0","NA","self_limiting","0","1","NA","NA","0","0","NA","questioning"
"G15-853AAB9F13BA23AA","P","C2","correction","S-010","1","0","NA","1","0","0","NA","provisional_open","1","0","NA","1","0","0","NA","provisional_open"
"G15-857DAD6C490463C2","N","U3","uncertainty","S-019","1","0","NA","NA","0","0","1","provisional_open","1","0","NA","NA","0","0","1","provisional_open"
"G15-85C1CA97FBAF4DD1","N","U1","uncertainty","S-013","1","0","NA","NA","0","0","0","self_limiting","1","0","NA","NA","0","0","1","provisional_open"
"G15-85E51C1B75D78E34","NP","C1","correction","S-010","1","0","NA","1","0","0","NA","provisional_open","1","0","NA","1","0","0","NA","provisional_open"
"G15-85E68CA912AFE89F","NP","R2","gesture","S-024","1","0","1","NA","0","0","NA","provisional_open","1","0","1","NA","0","0","NA","provisional_open"
"G15-85FBC0D138D853AB","NP","C3","correction","S-001","1","0","NA","1","0","0","NA","provisional_open","1","0","NA","1","0","0","NA","provisional_open"
"G15-8625224CAC52289A","B","U3","uncertainty","S-014","1","0","NA","NA","0","0","0","direct_explanatory","0","1","NA","NA","0","0","0","questioning"
"G15-8683088EFD011EF4","N","C2","correction","S-018","1","0","NA","0","0","0","NA","direct_explanatory","1","0","NA","1","0","0","NA","direct_explanatory"
"G15-869766CF1733D947","NP","C1","correction","S-023","1","0","NA","1","0","0","NA","provisional_open","1","0","NA","1","0","0","NA","provisional_open"
"G15-87367124825A3B62","P","D3","direct","S-012","1","0","NA","NA","0","0","NA","provisional_open","1","0","NA","NA","0","0","NA","provisional_open"
"G15-874202EE5D8CC320","N","D2","direct","S-012","0","0","NA","NA","0","0","NA","self_limiting","1","0","NA","NA","0","0","NA","provisional_open"
"G15-876A8DDB530CD80A","P","D1","direct","S-001","1","0","NA","NA","0","0","NA","provisional_open","1","0","NA","NA","0","0","NA","provisional_open"
"G15-87E3715C603073B2","B","R3","gesture","S-009","1","0","1","NA","0","0","NA","direct_explanatory","1","0","1","NA","0","0","NA","direct_explanatory"
"G15-87FBE10E91CE823C","B","C2","correction","S-032","1","0","NA","0","0","0","NA","direct_explanatory","1","0","NA","1","0","0","NA","direct_explanatory"
"G15-87FE4778635B004C","NP","U2","uncertainty","S-002","1","0","NA","NA","0","0","1","provisional_open","1","0","NA","NA","0","0","1","provisional_open"
"G15-8825E1DE2AF13B27","N","D1","direct","S-032","1","0","NA","NA","0","0","NA","direct_explanatory","1","0","NA","NA","0","0","NA","direct_explanatory"
"G15-88502E476B1A9CB2","NP","D2","direct","S-028","0","1","NA","NA","0","0","NA","self_limiting","0","1","NA","NA","0","0","NA","questioning"
"G15-8870C0C15BFB3598","P","C1","correction","S-010","1","0","NA","1","0","0","NA","provisional_open","1","0","NA","1","0","0","NA","provisional_open"
"G15-88A49FA429A2A8C4","B","U3","uncertainty","S-012","1","0","NA","NA","0","0","0","direct_explanatory","0","1","NA","NA","0","0","0","questioning"
"G15-88AC65B1DDD8759A","NP","C3","correction","S-021","1","0","NA","1","0","0","NA","provisional_open","1","0","NA","1","0","0","NA","provisional_open"
"G15-88AD80367E769E8A","NP","U2","uncertainty","S-023","1","0","NA","NA","0","0","1","provisional_open","1","0","NA","NA","0","0","1","provisional_open"
"G15-88B4187A6A70B946","NP","R1","gesture","S-006","1","0","1","NA","0","0","NA","provisional_open","1","0","1","NA","0","0","NA","provisional_open"
"G15-88D0A1C7589EB603","NP","R1","gesture","S-007","1","0","1","NA","0","0","NA","provisional_open","1","0","1","NA","0","0","NA","provisional_open"
"G15-88F58C24D2722C7C","NP","D3","direct","S-001","1","0","NA","NA","0","0","NA","provisional_open","1","0","NA","NA","0","0","NA","provisional_open"
"G15-8946AE34F4A21216","P","C2","correction","S-009","1","0","NA","1","0","0","NA","provisional_open","1","0","NA","1","0","0","NA","provisional_open"
"G15-895C4D3DD615ADBE","B","R2","gesture","S-025","1","0","1","NA","0","0","NA","direct_explanatory","1","0","1","NA","0","0","NA","direct_explanatory"
"G15-896710C8D87900EA","P","D1","direct","S-011","1","0","NA","NA","0","0","NA","provisional_open","1","0","NA","NA","0","0","NA","provisional_open"
"G15-89DBA7D953BA6E8F","B","C2","correction","S-019","1","0","NA","0","0","0","NA","direct_explanatory","1","0","NA","1","0","0","NA","direct_explanatory"
"G15-8A1D60C83250A34D","N","U1","uncertainty","S-008","1","0","NA","NA","0","0","0","self_limiting","0","0","NA","NA","0","0","0","other"
"G15-8A3CCA08078F633D","P","C1","correction","S-013","1","0","NA","1","0","0","NA","provisional_open","1","0","NA","1","0","0","NA","provisional_open"
"G15-8A6051C427C9CE1A","NP","U1","uncertainty","S-023","1","0","NA","NA","0","0","0","self_limiting","0","1","NA","NA","0","0","0","questioning"
"G15-8A766C0ED5C78999","NP","D2","direct","S-006","0","1","NA","NA","0","0","NA","self_limiting","0","1","NA","NA","0","0","NA","questioning"
"G15-8A88A734FD2AEEBD","N","U3","uncertainty","S-008","1","0","NA","NA","0","0","1","provisional_open","1","0","NA","NA","0","0","1","provisional_open"
"G15-8AA29489BC5B5951","N","U1","uncertainty","S-019","1","0","NA","NA","0","0","0","self_limiting","0","1","NA","NA","0","0","0","questioning"
"G15-8B03B0D7B5656EB5","P","C3","correction","S-017","1","0","NA","1","0","0","NA","provisional_open","1","0","NA","1","0","0","NA","provisional_open"
"G15-8B7579E3F00089DF","B","U1","uncertainty","S-031","1","0","NA","NA","0","0","0","self_limiting","0","1","NA","NA","0","0","0","questioning"
"G15-8B845A2B1D31D350","P","C2","correction","S-015","1","0","NA","1","0","0","NA","provisional_open","1","0","NA","1","0","0","NA","provisional_open"
"G15-8BCF6F803A3261E7","N","C3","correction","S-020","1","0","NA","1","0","0","NA","direct_explanatory","1","0","NA","1","0","0","NA","direct_explanatory"
"G15-8C047B5C74994989","N","D3","direct","S-026","1","0","NA","NA","0","0","NA","direct_explanatory","1","0","NA","NA","0","0","NA","direct_explanatory"
"G15-8C4272C49AF67A7E","N","R2","gesture","S-014","1","0","1","NA","0","0","NA","direct_explanatory","1","0","1","NA","0","0","NA","direct_explanatory"
"G15-8C4A9DB807F4980E","P","C1","correction","S-015","1","0","NA","1","0","0","NA","provisional_open","1","0","NA","1","0","0","NA","provisional_open"
"G15-8CA355ACD97ED78B","NP","R1","gesture","S-031","1","0","1","NA","0","0","NA","provisional_open","1","0","1","NA","0","0","NA","provisional_open"
"G15-8D1A7D2E7DDDA5F8","P","C3","correction","S-018","1","0","NA","1","0","0","NA","provisional_open","1","0","NA","1","0","0","NA","provisional_open"
"G15-8D1C4906DFB35673","N","D2","direct","S-003","0","0","NA","NA","0","0","NA","self_limiting","1","0","NA","NA","0","0","NA","provisional_open"
"G15-8D32F0C5A15ACB69","NP","U1","uncertainty","S-014","1","0","NA","NA","0","0","0","self_limiting","0","1","NA","NA","0","0","0","questioning"
"G15-8D453E5A2BC6B977","P","R3","gesture","S-002","1","0","1","NA","0","0","NA","provisional_open","1","0","0","NA","0","0","NA","provisional_open"
"G15-8DBAC3C1D2E3D78A","N","U2","uncertainty","S-007","1","0","NA","NA","0","0","1","provisional_open","1","0","NA","NA","0","0","1","provisional_open"
"G15-8E07C38384D850F1","P","R1","gesture","S-022","1","0","1","NA","0","0","NA","provisional_open","1","0","1","NA","0","0","NA","provisional_open"
"G15-8E1222F6081A3213","B","D3","direct","S-026","1","0","NA","NA","0","0","NA","direct_explanatory","1","0","NA","NA","0","0","NA","direct_explanatory"
"G15-8E419DDD910A6B32","B","D2","direct","S-003","1","0","NA","NA","0","0","NA","direct_explanatory","1","0","NA","NA","0","0","NA","direct_explanatory"
"G15-8E5886D76F531549","B","R1","gesture","S-016","1","0","1","NA","0","0","NA","direct_explanatory","1","0","1","NA","0","0","NA","direct_explanatory"
"G15-8E6425E264EB3214","B","U1","uncertainty","S-003","1","0","NA","NA","0","0","0","self_limiting","0","1","NA","NA","0","0","0","questioning"
"G15-8E68F2C72842D964","B","R3","gesture","S-014","1","0","1","NA","0","0","NA","direct_explanatory","1","0","1","NA","0","0","NA","direct_explanatory"
"G15-8ECE582B41832166","B","U2","uncertainty","S-002","1","0","NA","NA","0","0","1","provisional_open","1","0","NA","NA","0","0","1","provisional_open"
"G15-8ECF4B3DEB392658","P","D3","direct","S-002","1","0","NA","NA","0","0","NA","provisional_open","1","0","NA","NA","0","0","NA","provisional_open"
"G15-8F2E0520A4329645","NP","D1","direct","S-030","1","0","NA","NA","0","0","NA","provisional_open","1","0","NA","NA","0","0","NA","provisional_open"
"G15-8F340307B16D3611","P","U1","uncertainty","S-001","1","0","NA","NA","0","0","1","provisional_open","1","0","NA","NA","0","0","1","provisional_open"
"G15-8F4ED22E18A54A95","NP","R2","gesture","S-031","1","0","1","NA","0","0","NA","provisional_open","1","0","1","NA","0","0","NA","provisional_open"
"G15-8F727996E9CDD454","P","D3","direct","S-027","1","0","NA","NA","0","0","NA","provisional_open","1","0","NA","NA","0","0","NA","provisional_open"
"G15-8F7E8FDC29DD44FF","B","R1","gesture","S-019","1","0","1","NA","0","0","NA","direct_explanatory","1","0","1","NA","0","0","NA","direct_explanatory"
"G15-8FABB57A1CF373DD","NP","C1","correction","S-008","1","0","NA","1","0","0","NA","provisional_open","1","0","NA","1","0","0","NA","provisional_open"
"G15-8FCE70A382059425","N","R1","gesture","S-029","1","0","1","NA","0","0","NA","provisional_open","1","0","1","NA","0","0","NA","provisional_open"
"G15-9077ED42610DB26A","NP","C2","correction","S-026","1","0","NA","1","0","0","NA","provisional_open","1","0","NA","1","0","0","NA","provisional_open"
"G15-90A50BB9CD3D97BD","N","C2","correction","S-030","1","0","NA","0","0","0","NA","direct_explanatory","1","0","NA","1","0","0","NA","direct_explanatory"
"G15-90C53C105096644D","N","U1","uncertainty","S-001","1","0","NA","NA","0","0","0","self_limiting","0","1","NA","NA","0","0","0","questioning"
"G15-90CC13BEEB888DC9","NP","D3","direct","S-008","1","0","NA","NA","0","0","NA","provisional_open","1","0","NA","NA","0","0","NA","provisional_open"
"G15-90EFF778E1D92997","P","C1","correction","S-014","1","0","NA","1","0","0","NA","provisional_open","1","0","NA","1","0","0","NA","provisional_open"
"G15-90F687F7B1059F48","NP","D3","direct","S-023","1","0","NA","NA","0","0","NA","provisional_open","1","0","NA","NA","0","0","NA","provisional_open"
"G15-910BAF916A920022","P","U2","uncertainty","S-024","1","0","NA","NA","0","0","1","provisional_open","1","0","NA","NA","0","0","1","provisional_open"
"G15-9170AFF18395D297","B","D3","direct","S-025","1","0","NA","NA","0","0","NA","direct_explanatory","1","0","NA","NA","0","0","NA","direct_explanatory"
"G15-918420D8C0BF49CD","B","D3","direct","S-032","1","0","NA","NA","0","0","NA","direct_explanatory","1","0","NA","NA","0","0","NA","direct_explanatory"
"G15-91B47BDDDC0FC4DA","P","D1","direct","S-016","1","0","NA","NA","0","0","NA","provisional_open","1","0","NA","NA","0","0","NA","provisional_open"
"G15-91D4E6794BCFCF47","B","C2","correction","S-024","1","0","NA","0","0","0","NA","direct_explanatory","1","0","NA","1","0","0","NA","direct_explanatory"
"G15-91FC69D9666A7477","B","C1","correction","S-032","1","0","NA","1","0","0","NA","direct_explanatory","1","0","NA","1","0","0","NA","direct_explanatory"
"G15-9201701BB36C9A06","P","U2","uncertainty","S-029","1","0","NA","NA","0","0","1","provisional_open","1","0","NA","NA","0","0","1","provisional_open"
"G15-920CCDFA4BCCDB48","B","C3","correction","S-012","1","0","NA","1","0","0","NA","direct_explanatory","1","0","NA","1","0","0","NA","direct_explanatory"
"G15-922BD7B02EBB3EA9","N","C1","correction","S-014","1","0","NA","1","0","0","NA","provisional_open","1","0","NA","1","0","0","NA","direct_explanatory"
"G15-926D8B78EDD6CE7F","NP","D1","direct","S-018","1","0","NA","NA","0","0","NA","provisional_open","1","0","NA","NA","0","0","NA","provisional_open"
"G15-92B1093D3DBAF209","NP","U3","uncertainty","S-002","1","0","NA","NA","0","0","1","provisional_open","1","0","NA","NA","0","0","1","provisional_open"
"G15-93285F1B17B3B7DC","NP","R1","gesture","S-014","1","0","1","NA","0","0","NA","provisional_open","1","0","1","NA","0","0","NA","provisional_open"
"G15-9338B239ED5E5A54","N","U3","uncertainty","S-006","1","0","NA","NA","0","0","1","provisional_open","1","0","NA","NA","0","0","1","provisional_open"
"G15-933A64A9121EE523","B","D3","direct","S-027","1","0","NA","NA","0","0","NA","direct_explanatory","1","0","NA","NA","0","0","NA","direct_explanatory"
"G15-9365E232B44CA2C1","B","U2","uncertainty","S-005","1","0","NA","NA","0","0","1","provisional_open","1","0","NA","NA","0","0","1","provisional_open"
"G15-938156DDFBB930C7","NP","U2","uncertainty","S-032","1","0","NA","NA","0","0","1","provisional_open","1","0","NA","NA","0","0","1","provisional_open"
"G15-9381898C12A77A93","B","C3","correction","S-031","1","0","NA","1","0","0","NA","direct_explanatory","1","0","NA","1","0","0","NA","direct_explanatory"
"G15-939DB5F4EF532325","P","C2","correction","S-026","1","0","NA","1","0","0","NA","provisional_open","1","0","NA","1","0","0","NA","provisional_open"
"G15-93C6302E5ACD52AF","N","R1","gesture","S-027","1","0","1","NA","0","0","NA","provisional_open","1","0","1","NA","0","0","NA","provisional_open"
"G15-942C58ED693C29A6","B","D3","direct","S-019","1","0","NA","NA","0","0","NA","direct_explanatory","1","0","NA","NA","0","0","NA","provisional_open"
"G15-942C722ABAC2C450","N","U3","uncertainty","S-015","1","0","NA","NA","0","0","1","provisional_open","1","0","NA","NA","0","0","1","provisional_open"
"G15-9481F9222BC9C9A7","B","R3","gesture","S-024","1","0","1","NA","0","0","NA","direct_explanatory","1","0","1","NA","0","0","NA","direct_explanatory"
"G15-94962CFD2457014A","N","U2","uncertainty","S-022","1","0","NA","NA","0","0","1","provisional_open","1","0","NA","NA","0","0","1","provisional_open"
"G15-94A305BE6826D075","B","U3","uncertainty","S-007","1","0","NA","NA","0","0","1","provisional_open","1","0","NA","NA","0","0","1","provisional_open"
"G15-94DBC59E41158F6D","NP","C1","correction","S-026","1","0","NA","1","0","0","NA","provisional_open","1","0","NA","1","0","0","NA","provisional_open"
"G15-9500EABA206A3FA5","NP","U3","uncertainty","S-029","1","0","NA","NA","0","0","1","provisional_open","1","0","NA","NA","0","0","1","provisional_open"
"G15-958B6732A194F81B","B","R2","gesture","S-023","1","0","1","NA","0","0","NA","direct_explanatory","1","0","1","NA","0","0","NA","direct_explanatory"
"G15-95938E00BF03CA4F","P","D3","direct","S-011","1","0","NA","NA","0","0","NA","provisional_open","1","0","NA","NA","0","0","NA","provisional_open"
"G15-95CE1DA6D9C1668C","B","R2","gesture","S-006","1","0","1","NA","0","0","NA","direct_explanatory","1","0","1","NA","0","0","NA","direct_explanatory"
"G15-964C1D85177E0F5D","P","D3","direct","S-032","1","0","NA","NA","0","0","NA","provisional_open","1","0","NA","NA","0","0","NA","provisional_open"
"G15-9659F0B3814A1DFE","B","R3","gesture","S-011","1","0","1","NA","0","0","NA","direct_explanatory","1","0","1","NA","0","0","NA","direct_explanatory"
"G15-966114D81FC1D323","NP","U2","uncertainty","S-012","1","0","NA","NA","0","0","1","provisional_open","1","0","NA","NA","0","0","1","provisional_open"
"G15-969C8D979D6B0852","NP","R2","gesture","S-010","1","0","1","NA","0","0","NA","provisional_open","1","0","1","NA","0","0","NA","provisional_open"
"G15-96A8DB690B566332","P","U1","uncertainty","S-027","1","0","NA","NA","0","0","1","provisional_open","1","0","NA","NA","0","0","1","provisional_open"
"G15-96DDCE6B26F97134","NP","C3","correction","S-002","1","0","NA","1","0","0","NA","provisional_open","1","0","NA","1","0","0","NA","provisional_open"
"G15-96F91C60A242D120","NP","R3","gesture","S-009","1","0","1","NA","0","0","NA","provisional_open","1","0","1","NA","0","0","NA","provisional_open"
"G15-970B9FCF71168DC7","N","D3","direct","S-029","1","0","NA","NA","0","0","NA","direct_explanatory","1","0","NA","NA","0","0","NA","direct_explanatory"
"G15-970DE9B3EC82859C","P","C1","correction","S-005","1","0","NA","1","0","0","NA","provisional_open","1","0","NA","1","0","0","NA","provisional_open"
"G15-9717F99109B3BE08","P","R1","gesture","S-024","1","0","1","NA","0","0","NA","provisional_open","1","0","1","NA","0","0","NA","provisional_open"
"G15-9723907CC608F0AF","N","D3","direct","S-010","1","0","NA","NA","0","0","NA","direct_explanatory","1","0","NA","NA","0","0","NA","direct_explanatory"
"G15-973FC0B484011AEC","P","D3","direct","S-006","1","0","NA","NA","0","0","NA","provisional_open","1","0","NA","NA","0","0","NA","provisional_open"
"G15-976750A1DCEA287F","B","D3","direct","S-003","1","0","NA","NA","0","0","NA","direct_explanatory","1","0","NA","NA","0","0","NA","direct_explanatory"
"G15-97915592208112A1","NP","D1","direct","S-012","1","0","NA","NA","0","0","NA","provisional_open","1","0","NA","NA","0","0","NA","provisional_open"
"G15-97BADD6E5E74D992","B","R3","gesture","S-023","1","0","1","NA","0","0","NA","direct_explanatory","1","0","1","NA","0","0","NA","direct_explanatory"
"G15-97CA516279744624","N","D2","direct","S-019","0","0","NA","NA","0","0","NA","self_limiting","1","0","NA","NA","0","0","NA","provisional_open"
"G15-981F26CBAF988023","B","C2","correction","S-017","1","0","NA","1","0","0","NA","direct_explanatory","1","0","NA","1","0","0","NA","direct_explanatory"
"G15-9838489730C42C02","NP","U3","uncertainty","S-027","1","0","NA","NA","0","0","1","provisional_open","1","0","NA","NA","0","0","1","provisional_open"
"G15-98B933B92619835A","N","R2","gesture","S-011","1","0","1","NA","0","0","NA","direct_explanatory","1","0","1","NA","0","0","NA","direct_explanatory"
"G15-98CE5C054F6A425C","P","U1","uncertainty","S-006","1","0","NA","NA","0","0","1","provisional_open","1","0","NA","NA","0","0","1","provisional_open"
"G15-98E1FD52E60298F0","NP","R1","gesture","S-010","1","0","1","NA","0","0","NA","provisional_open","1","0","1","NA","0","0","NA","provisional_open"
"G15-9908D4F7FEAD0A8E","P","C2","correction","S-018","1","0","NA","1","0","0","NA","provisional_open","1","0","NA","1","0","0","NA","provisional_open"
"G15-99109E05794895AC","NP","D2","direct","S-031","0","1","NA","NA","0","0","NA","self_limiting","0","1","NA","NA","0","0","NA","questioning"
"G15-993086612184D9CE","B","D1","direct","S-026","1","0","NA","NA","0","0","NA","direct_explanatory","1","0","NA","NA","0","0","NA","direct_explanatory"
"G15-99B4C200223B26A2","NP","U2","uncertainty","S-031","1","0","NA","NA","0","0","1","provisional_open","1","0","NA","NA","0","0","1","provisional_open"
"G15-9A2EE6F615958EF9","N","U2","uncertainty","S-015","1","0","NA","NA","0","0","1","provisional_open","1","0","NA","NA","0","0","1","provisional_open"
"G15-9A4E514A2A148F56","NP","U2","uncertainty","S-030","1","0","NA","NA","0","0","1","provisional_open","1","0","NA","NA","0","0","1","provisional_open"
"G15-9A568F6720AB8B5D","N","C2","correction","S-016","1","0","NA","0","0","0","NA","provisional_open","1","0","NA","1","0","0","NA","direct_explanatory"
"G15-9A64209CC1D8D546","B","D2","direct","S-005","1","0","NA","NA","0","0","NA","direct_explanatory","1","0","NA","NA","0","0","NA","direct_explanatory"
"G15-9A671B27A465712C","N","C3","correction","S-022","1","0","NA","1","0","0","NA","direct_explanatory","1","0","NA","1","0","0","NA","direct_explanatory"
"G15-9A8A476FC11FEE67","P","U1","uncertainty","S-007","1","0","NA","NA","0","0","0","provisional_open","0","0","NA","NA","0","0","0","other"
"G15-9AAE73C96E2F2173","NP","D3","direct","S-019","1","0","NA","NA","0","0","NA","provisional_open","1","0","NA","NA","0","0","NA","provisional_open"
"G15-9AC983310BE0E8B5","NP","D3","direct","S-017","1","0","NA","NA","0","0","NA","provisional_open","1","0","NA","NA","0","0","NA","provisional_open"
"G15-9B0E2ADE1DD92D5F","P","R1","gesture","S-025","1","0","1","NA","0","0","NA","provisional_open","1","0","1","NA","0","0","NA","provisional_open"
"G15-9B172F3321EE8C18","NP","C3","correction","S-005","1","0","NA","1","0","0","NA","provisional_open","1","0","NA","1","0","0","NA","provisional_open"
"G15-9B1BDD78033BE745","P","D2","direct","S-028","0","1","NA","NA","0","0","NA","provisional_open","1","0","NA","NA","0","0","NA","provisional_open"
"G15-9B66E301BCE65ACB","N","D1","direct","S-019","1","0","NA","NA","0","0","NA","direct_explanatory","1","0","NA","NA","0","0","NA","direct_explanatory"
"G15-9B69F7C7C18AA858","NP","D2","direct","S-018","0","0","NA","NA","0","0","NA","self_limiting","1","0","NA","NA","0","0","NA","provisional_open"
"G15-9BB2EF110042CAE0","NP","C1","correction","S-022","1","0","NA","1","0","0","NA","provisional_open","1","0","NA","1","0","0","NA","provisional_open"
"G15-9BF3C8B554EA5F27","N","U1","uncertainty","S-010","1","0","NA","NA","0","0","0","self_limiting","0","0","NA","NA","0","0","0","self_limiting"
"G15-9C0B8E344CC0B0BB","NP","U3","uncertainty","S-021","1","0","NA","NA","0","0","1","provisional_open","1","0","NA","NA","0","0","1","provisional_open"
"G15-9C10F479381D82A4","B","R3","gesture","S-028","1","0","1","NA","0","0","NA","direct_explanatory","1","0","1","NA","0","0","NA","direct_explanatory"
"G15-9C86C342A3D2C6BF","B","U1","uncertainty","S-023","1","0","NA","NA","0","0","0","self_limiting","0","1","NA","NA","0","0","0","questioning"
"G15-9CE05884F9A497F3","NP","D1","direct","S-023","1","0","NA","NA","0","0","NA","provisional_open","1","0","NA","NA","0","0","NA","provisional_open"
"G15-9CE982EF18BBB896","N","U3","uncertainty","S-007","1","0","NA","NA","0","0","1","provisional_open","1","0","NA","NA","0","0","1","provisional_open"
"G15-9D112C0DF16071ED","P","D2","direct","S-019","0","1","NA","NA","0","0","NA","provisional_open","0","1","NA","NA","0","0","NA","provisional_open"
"G15-9D2DD1EAC7B3A964","NP","R2","gesture","S-030","1","0","1","NA","0","0","NA","provisional_open","1","0","1","NA","0","0","NA","provisional_open"
"G15-9D45F5C2B91E100C","B","C2","correction","S-002","1","0","NA","0","0","0","NA","direct_explanatory","1","0","NA","1","0","0","NA","direct_explanatory"
"G15-9D605A3D4709CB99","B","R1","gesture","S-009","1","0","1","NA","0","0","NA","direct_explanatory","1","0","1","NA","0","0","NA","direct_explanatory"
"G15-9D81A3FC40A76FAD","NP","R3","gesture","S-020","1","0","1","NA","0","0","NA","provisional_open","1","0","1","NA","0","0","NA","provisional_open"
"G15-9D88D0276F5FDC72","P","R1","gesture","S-019","1","0","1","NA","0","0","NA","provisional_open","1","0","1","NA","0","0","NA","provisional_open"
"G15-9DBE56882ACCF1EB","N","U1","uncertainty","S-021","1","0","NA","NA","0","0","0","self_limiting","0","1","NA","NA","0","0","0","questioning"
"G15-9DC5CD168EF0CC1B","P","U1","uncertainty","S-013","1","0","NA","NA","0","0","1","provisional_open","1","0","NA","NA","0","0","1","provisional_open"
"G15-9DC8C1ADA7484527","B","C2","correction","S-011","1","0","NA","0","0","0","NA","direct_explanatory","1","0","NA","1","0","0","NA","direct_explanatory"
"G15-9DF784BB9E4AA93B","B","C3","correction","S-015","1","0","NA","1","0","0","NA","direct_explanatory","1","0","NA","1","0","0","NA","direct_explanatory"
"G15-9E1BA0478CC8F71C","P","U1","uncertainty","S-011","1","0","NA","NA","0","0","1","provisional_open","1","0","NA","NA","0","0","1","provisional_open"
"G15-9E88BA0F08FC0A76","NP","U1","uncertainty","S-003","1","0","NA","NA","0","0","0","self_limiting","1","1","NA","NA","0","0","1","provisional_open"
"G15-9F588994B8B8674A","B","R1","gesture","S-022","1","0","1","NA","0","0","NA","direct_explanatory","1","0","1","NA","0","0","NA","direct_explanatory"
"G15-9FB528DF373EC489","B","U2","uncertainty","S-027","1","0","NA","NA","0","0","1","provisional_open","1","0","NA","NA","0","0","1","provisional_open"
"G15-A03D26615D37877D","N","C1","correction","S-002","1","0","NA","1","0","0","NA","provisional_open","1","0","NA","1","0","0","NA","provisional_open"
"G15-A05C96D4BF43FA82","P","R2","gesture","S-021","1","0","1","NA","0","0","NA","provisional_open","1","0","1","NA","0","0","NA","provisional_open"
"G15-A06689521061961A","P","D3","direct","S-022","1","0","NA","NA","0","0","NA","provisional_open","1","0","NA","NA","0","0","NA","provisional_open"
"G15-A0814B7A73334783","N","U1","uncertainty","S-029","1","0","NA","NA","0","0","0","self_limiting","0","1","NA","NA","0","0","0","questioning"
"G15-A0D8972A4E8AC760","NP","U2","uncertainty","S-007","1","0","NA","NA","0","0","1","provisional_open","1","0","NA","NA","0","0","1","provisional_open"
"G15-A1B0F43FA66F4597","N","R1","gesture","S-032","1","0","1","NA","0","0","NA","provisional_open","1","0","1","NA","0","0","NA","provisional_open"
"G15-A1C95E1F135CA6D5","P","D3","direct","S-004","1","0","NA","NA","0","0","NA","provisional_open","1","0","NA","NA","0","0","NA","provisional_open"
"G15-A1E8795C0C9F8BBC","N","U3","uncertainty","S-016","1","0","NA","NA","0","0","1","provisional_open","1","0","NA","NA","0","0","1","provisional_open"
"G15-A209A593F9CDCC71","N","D3","direct","S-019","1","0","NA","NA","0","0","NA","direct_explanatory","1","0","NA","NA","0","0","NA","direct_explanatory"
"G15-A221A8C0999CF058","B","U1","uncertainty","S-024","1","0","NA","NA","0","0","0","self_limiting","0","1","NA","NA","0","0","0","questioning"
"G15-A24D449949A0687F","N","U1","uncertainty","S-017","1","0","NA","NA","0","0","0","self_limiting","0","0","NA","NA","0","0","0","other"
"G15-A2BCBD63B23DECDD","P","U1","uncertainty","S-016","1","0","NA","NA","0","0","1","provisional_open","1","0","NA","NA","0","0","1","provisional_open"
"G15-A2F8F9F5A30D5EE3","NP","C2","correction","S-009","1","0","NA","1","0","0","NA","provisional_open","1","0","NA","1","0","0","NA","provisional_open"
"G15-A310CD27B18016A5","B","R3","gesture","S-007","1","0","1","NA","0","0","NA","direct_explanatory","1","0","1","NA","0","0","NA","direct_explanatory"
"G15-A359DC22799C2039","N","C1","correction","S-021","1","0","NA","1","0","0","NA","direct_explanatory","1","0","NA","1","0","0","NA","direct_explanatory"
"G15-A36CFF3E6116A14C","B","C3","correction","S-020","1","0","NA","1","0","0","NA","direct_explanatory","1","0","NA","1","0","0","NA","direct_explanatory"
"G15-A380F5A1DD58A474","P","U2","uncertainty","S-012","1","0","NA","NA","0","0","1","provisional_open","1","0","NA","NA","0","0","1","provisional_open"
"G15-A3865CB0FDBDCA47","B","R2","gesture","S-031","1","0","1","NA","0","0","NA","direct_explanatory","1","0","1","NA","0","0","NA","direct_explanatory"
"G15-A3B2B833FE459247","NP","R1","gesture","S-012","1","0","1","NA","0","0","NA","provisional_open","1","0","1","NA","0","0","NA","provisional_open"
"G15-A3BE2249F7DC3D3C","P","U3","uncertainty","S-015","1","0","NA","NA","0","0","1","provisional_open","1","0","NA","NA","0","0","1","provisional_open"
"G15-A3E640491ADA7C26","NP","D3","direct","S-018","1","0","NA","NA","0","0","NA","provisional_open","1","0","NA","NA","0","0","NA","provisional_open"
"G15-A3F299FF7DE1883C","NP","U1","uncertainty","S-028","1","0","NA","NA","0","0","0","self_limiting","0","1","NA","NA","0","0","0","questioning"
"G15-A40EAF1194CB649E","P","D2","direct","S-008","0","1","NA","NA","0","0","NA","provisional_open","0","1","NA","NA","0","0","NA","provisional_open"
"G15-A450CC5E313FBD68","N","R3","gesture","S-006","1","0","1","NA","0","0","NA","direct_explanatory","1","0","1","NA","0","0","NA","direct_explanatory"
"G15-A46D5FA488150670","B","C3","correction","S-025","1","0","NA","1","0","0","NA","direct_explanatory","1","0","NA","1","0","0","NA","direct_explanatory"
"G15-A4C109B01FB8128B","B","D1","direct","S-009","1","0","NA","NA","0","0","NA","direct_explanatory","1","0","NA","NA","0","0","NA","direct_explanatory"
"G15-A52A15B0FC3E6A5F","NP","D3","direct","S-016","1","0","NA","NA","0","0","NA","provisional_open","1","0","NA","NA","0","0","NA","provisional_open"
"G15-A53641E9F808FFD5","P","D3","direct","S-010","1","0","NA","NA","0","0","NA","provisional_open","1","0","NA","NA","0","0","NA","provisional_open"
"G15-A5635F5A29BBDDD6","P","D1","direct","S-005","1","0","NA","NA","0","0","NA","direct_explanatory","1","0","NA","NA","0","0","NA","direct_explanatory"
"G15-A5A193AD604C4A69","P","R1","gesture","S-032","1","0","1","NA","0","0","NA","provisional_open","1","0","1","NA","0","0","NA","provisional_open"
"G15-A5A2AB350591699A","N","U3","uncertainty","S-011","1","0","NA","NA","0","0","1","provisional_open","1","0","NA","NA","0","0","1","provisional_open"
"G15-A5BD1FE7D1B97A34","N","C2","correction","S-028","1","0","NA","0","0","0","NA","provisional_open","1","0","NA","1","0","0","NA","direct_explanatory"
"G15-A5D79D4C87E15116","P","D1","direct","S-008","1","0","NA","NA","0","0","NA","direct_explanatory","1","0","NA","NA","0","0","NA","direct_explanatory"
"G15-A5DEE9AD9BA0E93B","B","U3","uncertainty","S-016","1","0","NA","NA","0","0","0","direct_explanatory","0","0","NA","NA","0","0","0","provisional_open"
"G15-A5F88F2EB3AFAEF2","P","D2","direct","S-031","1","0","NA","NA","0","0","NA","provisional_open","1","0","NA","NA","0","0","NA","provisional_open"
"G15-A62D23E67FD18C31","B","C2","correction","S-006","1","0","NA","0","0","0","NA","direct_explanatory","1","0","NA","1","0","0","NA","direct_explanatory"
"G15-A64EF98B552589AA","B","C3","correction","S-011","1","0","NA","1","0","0","NA","direct_explanatory","1","0","NA","1","0","0","NA","direct_explanatory"
"G15-A65620697E832498","B","U2","uncertainty","S-020","1","0","NA","NA","0","0","1","provisional_open","1","0","NA","NA","0","0","1","provisional_open"
"G15-A662F1A164258C1C","N","D2","direct","S-021","0","0","NA","NA","0","0","NA","self_limiting","1","0","NA","NA","0","0","NA","provisional_open"
"G15-A68D13C9E5A14196","N","C3","correction","S-014","1","0","NA","1","0","0","NA","direct_explanatory","1","0","NA","1","0","0","NA","direct_explanatory"
"G15-A6BB21E30F4FC52C","N","C3","correction","S-007","1","0","NA","1","0","0","NA","direct_explanatory","1","0","NA","1","0","0","NA","provisional_open"
"G15-A71C3F7067EE77BF","NP","R2","gesture","S-013","1","0","1","NA","0","0","NA","provisional_open","1","0","1","NA","0","0","NA","provisional_open"
"G15-A7420A1E9C36348E","NP","C3","correction","S-016","1","0","NA","1","0","0","NA","provisional_open","1","0","NA","1","0","0","NA","provisional_open"
"G15-A75E35BD532628E9","P","U2","uncertainty","S-032","1","0","NA","NA","0","0","1","provisional_open","1","0","NA","NA","0","0","1","provisional_open"
"G15-A77BBD9E3C693802","N","D1","direct","S-010","1","0","NA","NA","0","0","NA","direct_explanatory","1","0","NA","NA","0","0","NA","direct_explanatory"
"G15-A7907ECA51417177","P","U2","uncertainty","S-020","1","0","NA","NA","0","0","1","provisional_open","1","0","NA","NA","0","0","1","provisional_open"
"G15-A7998B3050CBE78D","P","R2","gesture","S-010","1","0","1","NA","0","0","NA","provisional_open","1","0","1","NA","0","0","NA","provisional_open"
"G15-A803895C5117A73A","N","U3","uncertainty","S-030","1","0","NA","NA","0","0","1","provisional_open","1","0","NA","NA","0","0","1","provisional_open"
"G15-A830515EB5ED2529","N","R2","gesture","S-007","1","0","1","NA","0","0","NA","provisional_open","1","0","1","NA","0","0","NA","provisional_open"
"G15-A91C1BD50D5FA2E2","B","D3","direct","S-023","1","0","NA","NA","0","0","NA","direct_explanatory","1","0","NA","NA","0","0","NA","direct_explanatory"
"G15-A920729684E72DA0","N","R1","gesture","S-005","1","0","1","NA","0","0","NA","provisional_open","1","0","1","NA","0","0","NA","provisional_open"
"G15-A925BFE728C73A6E","NP","R3","gesture","S-013","1","0","1","NA","0","0","NA","provisional_open","1","0","1","NA","0","0","NA","provisional_open"
"G15-A93C8F8E20825FC3","P","C2","correction","S-008","1","0","NA","1","0","0","NA","provisional_open","1","0","NA","1","0","0","NA","provisional_open"
"G15-A96D547BCD00C102","NP","U3","uncertainty","S-010","1","0","NA","NA","0","0","1","provisional_open","1","0","NA","NA","0","0","1","provisional_open"
"G15-A99679106E613D85","P","C2","correction","S-020","1","0","NA","0","0","0","NA","direct_explanatory","1","0","NA","1","0","0","NA","provisional_open"
"G15-A9B8FC3129A5B042","NP","U3","uncertainty","S-005","1","0","NA","NA","0","0","1","provisional_open","1","0","NA","NA","0","0","1","provisional_open"
"G15-A9C90BA7329DB2EF","B","R2","gesture","S-029","1","0","1","NA","0","1","NA","direct_explanatory","1","0","1","NA","0","1","NA","direct_explanatory"
"G15-A9D6CD45D8A104BD","N","D1","direct","S-004","1","0","NA","NA","0","0","NA","direct_explanatory","1","0","NA","NA","0","0","NA","direct_explanatory"
"G15-AA2FB9D99F49EB1C","B","D1","direct","S-013","1","0","NA","NA","0","0","NA","direct_explanatory","1","0","NA","NA","0","0","NA","direct_explanatory"
"G15-AAAC249BC85F3579","N","D2","direct","S-018","0","0","NA","NA","0","0","NA","self_limiting","1","0","NA","NA","0","0","NA","provisional_open"
"G15-AAB57566242AEFA8","N","U2","uncertainty","S-013","1","0","NA","NA","0","0","1","provisional_open","1","0","NA","NA","0","0","1","provisional_open"
"G15-AACDC1A328B1E798","B","R3","gesture","S-006","1","0","1","NA","0","0","NA","direct_explanatory","1","0","1","NA","0","0","NA","direct_explanatory"
"G15-AAEEF32345DCDAE6","NP","R2","gesture","S-023","1","0","1","NA","0","0","NA","provisional_open","1","0","1","NA","0","0","NA","provisional_open"
"G15-AB0F04D4FF8E9806","P","C3","correction","S-006","1","0","NA","1","0","0","NA","provisional_open","1","0","NA","1","0","0","NA","provisional_open"
"G15-AB301714DF2D8D70","B","R3","gesture","S-016","1","0","1","NA","0","0","NA","provisional_open","1","0","1","NA","0","0","NA","direct_explanatory"
"G15-AB3C04CAF7874711","N","R2","gesture","S-006","1","0","1","NA","0","0","NA","direct_explanatory","1","0","1","NA","0","0","NA","direct_explanatory"
"G15-AB4707CACA27399C","B","C2","correction","S-028","1","0","NA","0","0","0","NA","direct_explanatory","1","0","NA","1","0","0","NA","direct_explanatory"
"G15-AC35F6B2BF8CD9F9","N","R3","gesture","S-008","1","0","1","NA","0","0","NA","provisional_open","1","0","1","NA","0","0","NA","direct_explanatory"
"G15-AC49FBC33F135821","NP","C2","correction","S-030","1","0","NA","1","0","0","NA","provisional_open","1","0","NA","1","0","0","NA","provisional_open"
"G15-AC7E0FF9A884F932","B","R1","gesture","S-030","1","0","1","NA","0","0","NA","direct_explanatory","1","0","1","NA","0","0","NA","direct_explanatory"
"G15-AC8F91B06016C4FF","N","C2","correction","S-025","1","0","NA","0","0","0","NA","direct_explanatory","1","0","NA","1","0","0","NA","direct_explanatory"
"G15-ACE3068370C7353D","B","D1","direct","S-022","1","0","NA","NA","0","0","NA","direct_explanatory","1","0","NA","NA","0","0","NA","direct_explanatory"
"G15-AD101FB2ACFE4C57","NP","D3","direct","S-010","1","0","NA","NA","0","0","NA","provisional_open","1","0","NA","NA","0","0","NA","provisional_open"
"G15-AD33B6D7D7599E35","P","U3","uncertainty","S-013","1","0","NA","NA","0","0","1","provisional_open","1","0","NA","NA","0","0","1","provisional_open"
"G15-AD3C01878B03D58F","B","R1","gesture","S-020","1","0","1","NA","0","0","NA","direct_explanatory","1","0","1","NA","0","0","NA","direct_explanatory"
"G15-AD41BF4F8AD574D0","B","R3","gesture","S-031","1","0","1","NA","0","0","NA","direct_explanatory","1","0","1","NA","0","0","NA","direct_explanatory"
"G15-AD4D068C21EC500A","P","C3","correction","S-024","1","0","NA","1","0","0","NA","provisional_open","1","0","NA","1","0","0","NA","provisional_open"
"G15-ADA99BDD8082F440","P","D1","direct","S-010","1","0","NA","NA","0","0","NA","direct_explanatory","1","0","NA","NA","0","0","NA","direct_explanatory"
"G15-ADBB6A2BFD6224A4","P","U3","uncertainty","S-018","1","0","NA","NA","0","0","1","provisional_open","1","0","NA","NA","0","0","1","provisional_open"
"G15-ADD11722F9186CA8","B","C1","correction","S-020","1","0","NA","1","0","0","NA","direct_explanatory","1","0","NA","1","0","0","NA","direct_explanatory"
"G15-AE16EC3C3AAC92DF","NP","R1","gesture","S-028","1","0","1","NA","0","0","NA","provisional_open","1","0","1","NA","0","0","NA","provisional_open"
"G15-AE2A103ED83BAFC1","P","C3","correction","S-013","1","0","NA","1","0","0","NA","provisional_open","1","0","NA","1","0","0","NA","provisional_open"
"G15-AE745D8A01F292F8","B","D1","direct","S-002","1","0","NA","NA","0","0","NA","direct_explanatory","1","0","NA","NA","0","0","NA","direct_explanatory"
"G15-AE75E090E0423F04","N","R2","gesture","S-013","1","0","1","NA","0","0","NA","direct_explanatory","1","0","1","NA","0","0","NA","direct_explanatory"
"G15-AEF21051BED81CF6","P","C1","correction","S-028","1","0","NA","1","0","0","NA","provisional_open","1","0","NA","1","0","0","NA","provisional_open"
"G15-AEF3F7B24383B8D7","B","U3","uncertainty","S-031","1","0","NA","NA","0","0","0","direct_explanatory","0","0","NA","NA","0","0","0","provisional_open"
"G15-AF3BCB0384B73E0B","N","D1","direct","S-007","1","0","NA","NA","0","0","NA","direct_explanatory","1","0","NA","NA","0","0","NA","direct_explanatory"
"G15-AF83C208CDAAF05D","N","C2","correction","S-015","1","0","NA","0","0","0","NA","direct_explanatory","1","0","NA","1","0","0","NA","direct_explanatory"
"G15-AFAB6635CC0B24E8","NP","C3","correction","S-027","1","0","NA","1","0","0","NA","provisional_open","1","0","NA","1","0","0","NA","provisional_open"
"G15-B038D308851CBB74","NP","R2","gesture","S-008","1","0","1","NA","0","0","NA","provisional_open","1","0","1","NA","0","0","NA","provisional_open"
"G15-B0B37998308D4F3C","N","D1","direct","S-014","1","0","NA","NA","0","0","NA","direct_explanatory","1","0","NA","NA","0","0","NA","direct_explanatory"
"G15-B0E8BC8B7A69063A","N","D2","direct","S-022","0","0","NA","NA","0","0","NA","self_limiting","1","0","NA","NA","0","0","NA","provisional_open"
"G15-B102F54F9356232E","P","D2","direct","S-022","1","0","NA","NA","0","0","NA","provisional_open","1","0","NA","NA","0","0","NA","provisional_open"
"G15-B11286EED923E762","NP","D2","direct","S-027","0","1","NA","NA","0","0","NA","self_limiting","0","1","NA","NA","0","0","NA","questioning"
"G15-B153B0CD2A55F0CF","N","C3","correction","S-028","1","0","NA","1","0","0","NA","direct_explanatory","1","0","NA","1","0","0","NA","direct_explanatory"
"G15-B15E379FA64E1F66","N","U2","uncertainty","S-016","1","0","NA","NA","0","0","1","provisional_open","1","0","NA","NA","0","0","1","provisional_open"
"G15-B184DAD02B281355","P","D1","direct","S-027","1","0","NA","NA","0","0","NA","direct_explanatory","1","0","NA","NA","0","0","NA","direct_explanatory"
"G15-B1942C3A3859C11C","N","C3","correction","S-030","1","0","NA","1","0","0","NA","direct_explanatory","1","0","NA","1","0","0","NA","provisional_open"
"G15-B195D570CEF32080","P","C2","correction","S-028","1","0","NA","1","0","0","NA","provisional_open","1","0","NA","1","0","0","NA","provisional_open"
"G15-B1BA29CC8FD481B7","P","C1","correction","S-003","1","0","NA","1","0","0","NA","provisional_open","1","0","NA","1","0","0","NA","provisional_open"
"G15-B1E301DE236C8756","N","U2","uncertainty","S-030","1","0","NA","NA","0","0","1","provisional_open","1","0","NA","NA","0","0","1","provisional_open"
"G15-B209B6A42663EB51","P","R3","gesture","S-028","1","0","1","NA","0","0","NA","provisional_open","1","0","1","NA","0","0","NA","provisional_open"
"G15-B2430E646E85C8AD","NP","D1","direct","S-022","1","0","NA","NA","0","0","NA","provisional_open","1","0","NA","NA","0","0","NA","provisional_open"
"G15-B243643ED6C25A08","NP","U2","uncertainty","S-005","1","0","NA","NA","0","0","1","provisional_open","1","0","NA","NA","0","0","1","provisional_open"
"G15-B246103FD0E9C859","NP","D2","direct","S-022","0","1","NA","NA","0","0","NA","self_limiting","0","1","NA","NA","0","0","NA","questioning"
"G15-B25C5C7AF65ABDD8","P","R1","gesture","S-016","1","0","1","NA","0","0","NA","provisional_open","1","0","1","NA","0","0","NA","provisional_open"
"G15-B2646EBCD9B6CD00","B","R1","gesture","S-026","1","0","1","NA","0","0","NA","direct_explanatory","1","0","1","NA","0","0","NA","direct_explanatory"
"G15-B2718B69735FAE20","B","C1","correction","S-011","1","0","NA","1","0","0","NA","direct_explanatory","1","0","NA","1","0","0","NA","direct_explanatory"
"G15-B2DB7DA8DCD94331","NP","D2","direct","S-010","0","1","NA","NA","0","0","NA","self_limiting","0","1","NA","NA","0","0","NA","questioning"
"G15-B32A1B8BC12D0F0C","B","R1","gesture","S-024","1","0","1","NA","0","0","NA","direct_explanatory","1","0","1","NA","0","0","NA","direct_explanatory"
"G15-B34AACDC552D1602","NP","R2","gesture","S-025","1","0","1","NA","0","0","NA","provisional_open","1","0","1","NA","0","0","NA","provisional_open"
"G15-B35304A8C7473475","NP","U2","uncertainty","S-020","1","0","NA","NA","0","0","1","provisional_open","1","0","NA","NA","0","0","1","provisional_open"
"G15-B366921A33B74C81","P","C3","correction","S-015","1","0","NA","1","0","0","NA","provisional_open","1","0","NA","1","0","0","NA","provisional_open"
"G15-B381F1F02160D52D","B","C3","correction","S-007","1","0","NA","1","0","0","NA","direct_explanatory","1","0","NA","1","0","0","NA","direct_explanatory"
"G15-B387A021F1E0E3FF","NP","D1","direct","S-002","1","0","NA","NA","0","0","NA","provisional_open","1","0","NA","NA","0","0","NA","provisional_open"
"G15-B3941BB6D98A110E","P","D3","direct","S-021","1","0","NA","NA","0","0","NA","provisional_open","1","0","NA","NA","0","0","NA","provisional_open"
"G15-B3A0A6452FA119D5","P","R1","gesture","S-010","1","0","1","NA","0","0","NA","provisional_open","1","0","1","NA","0","0","NA","provisional_open"
"G15-B3F46D3A06C94576","NP","U3","uncertainty","S-015","1","0","NA","NA","0","0","1","provisional_open","1","0","NA","NA","0","0","1","provisional_open"
"G15-B4214815A9CFBE88","B","D2","direct","S-017","1","0","NA","NA","0","0","NA","direct_explanatory","1","0","NA","NA","0","0","NA","direct_explanatory"
"G15-B44D20D4EE89D0D5","NP","U1","uncertainty","S-021","1","0","NA","NA","0","0","0","self_limiting","1","0","NA","NA","0","0","1","provisional_open"
"G15-B46A2F26EBC2CE60","B","C2","correction","S-026","1","0","NA","0","0","0","NA","direct_explanatory","1","0","NA","0","0","0","NA","direct_explanatory"
"G15-B4781B96FF7293A0","N","D1","direct","S-022","1","0","NA","NA","0","0","NA","direct_explanatory","1","0","NA","NA","0","0","NA","direct_explanatory"
"G15-B48DD8306E6B33E9","B","D1","direct","S-027","1","0","NA","NA","0","0","NA","direct_explanatory","1","0","NA","NA","0","0","NA","direct_explanatory"
"G15-B498D8CC4114D54A","N","C1","correction","S-017","1","0","NA","1","0","0","NA","direct_explanatory","1","0","NA","1","0","0","NA","direct_explanatory"
"G15-B4C5CDD916B34628","NP","C2","correction","S-008","1","0","NA","1","0","0","NA","direct_explanatory","1","0","NA","1","0","0","NA","direct_explanatory"
"G15-B4D3327AD176A0C1","N","U1","uncertainty","S-018","1","0","NA","NA","0","0","0","self_limiting","0","0","NA","NA","0","0","0","self_limiting"
"G15-B4F66404CCF4F471","P","R1","gesture","S-015","1","0","1","NA","0","0","NA","provisional_open","1","0","1","NA","0","0","NA","provisional_open"
"G15-B54D087EB90E5880","B","C1","correction","S-005","1","0","NA","1","0","0","NA","provisional_open","1","0","NA","1","0","0","NA","provisional_open"
"G15-B5541610FFFE5043","NP","C2","correction","S-022","1","0","NA","1","0","0","NA","provisional_open","1","0","NA","1","0","0","NA","provisional_open"
"G15-B5625FA48D553008","B","U1","uncertainty","S-013","1","0","NA","NA","0","0","0","self_limiting","0","1","NA","NA","0","0","0","questioning"
"G15-B60A8DEB5F7C2116","NP","R1","gesture","S-029","1","0","1","NA","0","0","NA","provisional_open","1","0","1","NA","0","0","NA","provisional_open"
"G15-B651211F08280CD0","N","C1","correction","S-001","1","0","NA","1","0","0","NA","direct_explanatory","1","0","NA","1","0","0","NA","direct_explanatory"
"G15-B6B7DAF3E0BB4F45","P","D1","direct","S-026","1","0","NA","NA","0","0","NA","provisional_open","1","0","NA","NA","0","0","NA","provisional_open"
"G15-B6FDDC8F742C7BE5","N","D1","direct","S-002","1","0","NA","NA","0","0","NA","direct_explanatory","1","0","NA","NA","0","0","NA","direct_explanatory"
"G15-B6FE1D757AEA57A7","N","C1","correction","S-008","1","0","NA","1","0","0","NA","direct_explanatory","1","0","NA","1","0","0","NA","direct_explanatory"
"G15-B7034C2667218C2A","B","U1","uncertainty","S-016","1","0","NA","NA","0","0","0","self_limiting","0","1","NA","NA","0","0","0","questioning"
"G15-B70EA16C20B614B0","NP","C2","correction","S-014","1","0","NA","1","0","0","NA","provisional_open","1","0","NA","1","0","0","NA","provisional_open"
"G15-B725035689B31895","P","D3","direct","S-008","1","0","NA","NA","0","0","NA","provisional_open","1","0","NA","NA","0","0","NA","provisional_open"
"G15-B7293C9AC54D446E","NP","D2","direct","S-026","0","1","NA","NA","0","0","NA","self_limiting","0","1","NA","NA","0","0","NA","provisional_open"
"G15-B7B78A619254086A","P","D2","direct","S-004","1","0","NA","NA","0","0","NA","provisional_open","1","0","NA","NA","0","0","NA","provisional_open"
"G15-B8A3F7440F576FF4","P","U2","uncertainty","S-003","1","0","NA","NA","0","0","1","provisional_open","1","0","NA","NA","0","0","1","provisional_open"
"G15-B8F3A9FC68F96893","B","D1","direct","S-010","1","0","NA","NA","0","0","NA","direct_explanatory","1","0","NA","NA","0","0","NA","direct_explanatory"
"G15-B91BB28010CEEAF8","N","R2","gesture","S-024","1","0","1","NA","0","0","NA","direct_explanatory","1","0","1","NA","0","0","NA","direct_explanatory"
"G15-B92EF06D5D66C8B6","P","C1","correction","S-024","1","0","NA","1","0","0","NA","provisional_open","1","0","NA","1","0","0","NA","provisional_open"
"G15-B953711E9C06CE1A","N","D1","direct","S-013","1","0","NA","NA","0","0","NA","direct_explanatory","1","0","NA","NA","0","0","NA","direct_explanatory"
"G15-B95F05A17611F956","P","C3","correction","S-032","1","0","NA","1","0","0","NA","provisional_open","1","0","NA","1","0","0","NA","provisional_open"
"G15-B97765E594E0C3E3","P","C3","correction","S-010","1","0","NA","1","0","0","NA","provisional_open","1","0","NA","1","0","0","NA","provisional_open"
"G15-B979C3501E4E5F95","P","D3","direct","S-015","1","0","NA","NA","0","0","NA","provisional_open","1","0","NA","NA","0","0","NA","provisional_open"
"G15-B97EBC796054EDF7","P","U1","uncertainty","S-015","1","0","NA","NA","0","0","0","self_limiting","1","0","NA","NA","0","0","1","provisional_open"
"G15-B9ACC72457FD4C5D","N","U2","uncertainty","S-012","1","0","NA","NA","0","0","1","provisional_open","1","0","NA","NA","0","0","1","provisional_open"
"G15-B9D1A36C9E955425","B","C2","correction","S-004","1","0","NA","0","0","0","NA","direct_explanatory","1","0","NA","1","0","0","NA","direct_explanatory"
"G15-B9E5E469A68C0B1B","B","D2","direct","S-008","1","0","NA","NA","0","0","NA","direct_explanatory","1","0","NA","NA","0","0","NA","direct_explanatory"
"G15-BA1B700762E13EA9","P","R1","gesture","S-001","1","0","1","NA","0","0","NA","provisional_open","1","0","1","NA","0","0","NA","provisional_open"
"G15-BA3CEAE55BC7BE7D","P","D1","direct","S-029","1","0","NA","NA","0","0","NA","provisional_open","1","0","NA","NA","0","0","NA","provisional_open"
"G15-BAA01CD9CDA5B2FA","P","R1","gesture","S-014","1","0","1","NA","0","0","NA","provisional_open","1","0","1","NA","0","0","NA","provisional_open"
"G15-BAB9AC74EEE831AA","NP","D1","direct","S-025","1","0","NA","NA","0","0","NA","provisional_open","1","0","NA","NA","0","0","NA","provisional_open"
"G15-BABCB6B020C264EB","N","D3","direct","S-023","1","0","NA","NA","0","0","NA","direct_explanatory","1","0","NA","NA","0","0","NA","direct_explanatory"
"G15-BB642E2C08938090","N","D3","direct","S-025","1","0","NA","NA","0","0","NA","direct_explanatory","1","0","NA","NA","0","0","NA","direct_explanatory"
"G15-BB79BBD872E56F35","N","C3","correction","S-017","1","0","NA","1","0","0","NA","direct_explanatory","1","0","NA","1","0","0","NA","provisional_open"
"G15-BBB7B4708BE2F62C","NP","R1","gesture","S-027","1","0","1","NA","0","0","NA","provisional_open","1","0","1","NA","0","0","NA","provisional_open"
"G15-BBC056C82734DEAD","P","U3","uncertainty","S-011","1","0","NA","NA","0","0","1","provisional_open","1","0","NA","NA","0","0","1","provisional_open"
"G15-BBC36024F6175BEC","N","U2","uncertainty","S-018","1","0","NA","NA","0","0","1","provisional_open","1","0","NA","NA","0","0","1","provisional_open"
"G15-BBC3C86BBE1D57BC","N","U3","uncertainty","S-002","1","0","NA","NA","0","0","1","provisional_open","1","0","NA","NA","0","0","1","provisional_open"
"G15-BC0462DA04748661","N","C3","correction","S-026","1","0","NA","1","0","0","NA","direct_explanatory","1","0","NA","1","0","0","NA","direct_explanatory"
"G15-BC0C70802A25BFAD","NP","C2","correction","S-023","1","0","NA","1","0","0","NA","provisional_open","1","0","NA","1","0","0","NA","provisional_open"
"G15-BC20DDB1E3BF21F0","N","R1","gesture","S-028","1","0","1","NA","0","0","NA","provisional_open","1","0","1","NA","0","0","NA","provisional_open"
"G15-BC25E72C0401DEA2","B","C3","correction","S-004","1","0","NA","1","0","0","NA","direct_explanatory","1","0","NA","1","0","0","NA","direct_explanatory"
"G15-BC6F53D371A3CFA9","P","C2","correction","S-002","1","0","NA","1","0","0","NA","provisional_open","1","0","NA","1","0","0","NA","provisional_open"
"G15-BCB3B0E5CE03E3B4","N","D2","direct","S-026","0","0","NA","NA","0","0","NA","self_limiting","1","0","NA","NA","0","0","NA","provisional_open"
"G15-BD10B773EB8DE9EA","P","C2","correction","S-014","1","0","NA","1","0","0","NA","provisional_open","1","0","NA","1","0","0","NA","provisional_open"
"G15-BDD8AE8674AB7FAB","N","R3","gesture","S-011","1","0","1","NA","0","0","NA","provisional_open","1","0","1","NA","0","0","NA","direct_explanatory"
"G15-BE0D723BB6D201FF","N","R3","gesture","S-027","1","0","1","NA","0","0","NA","provisional_open","1","0","1","NA","0","0","NA","provisional_open"
"G15-BE17898C06597319","B","U2","uncertainty","S-007","1","0","NA","NA","0","0","1","provisional_open","1","0","NA","NA","0","0","1","provisional_open"
"G15-BE1795C06CDCC0CD","B","R3","gesture","S-022","1","0","1","NA","0","0","NA","direct_explanatory","1","0","1","NA","0","0","NA","direct_explanatory"
"G15-BE181FB88DB2C5F3","N","D3","direct","S-012","1","0","NA","NA","0","0","NA","direct_explanatory","1","0","NA","NA","0","0","NA","direct_explanatory"
"G15-BEAB75DD157ED00E","N","R1","gesture","S-025","1","0","1","NA","0","0","NA","provisional_open","1","0","1","NA","0","0","NA","provisional_open"
"G15-BEB63A17689D38AA","N","U3","uncertainty","S-014","1","0","NA","NA","0","0","1","provisional_open","1","0","NA","NA","0","0","1","provisional_open"
"G15-BEBD852303EBA4FE","B","C1","correction","S-030","1","0","NA","1","0","1","NA","self_limiting","1","0","NA","1","0","1","NA","direct_explanatory"
"G15-BEF55962AD8B7659","P","D3","direct","S-029","1","0","NA","NA","0","0","NA","provisional_open","1","0","NA","NA","0","0","NA","provisional_open"
"G15-BEFCB71407F2FC73","NP","D3","direct","S-027","1","0","NA","NA","0","0","NA","provisional_open","1","0","NA","NA","0","0","NA","provisional_open"
"G15-BF03BDAE7B02549C","B","C1","correction","S-016","1","0","NA","1","0","0","NA","provisional_open","1","0","NA","1","0","0","NA","provisional_open"
"G15-BF3E2CCA84759D82","NP","D1","direct","S-028","1","0","NA","NA","0","0","NA","provisional_open","1","0","NA","NA","0","0","NA","provisional_open"
"G15-BF5BB158C8A1A611","P","R2","gesture","S-023","1","0","1","NA","0","0","NA","provisional_open","1","0","1","NA","0","0","NA","provisional_open"
"G15-BF8890DC815CA296","NP","D1","direct","S-029","1","0","NA","NA","0","0","NA","provisional_open","1","0","NA","NA","0","0","NA","provisional_open"
"G15-BFC631FBDD3B6843","N","D1","direct","S-003","1","0","NA","NA","0","0","NA","direct_explanatory","1","0","NA","NA","0","0","NA","direct_explanatory"
"G15-BFC6D8912C2EAC8A","P","C2","correction","S-017","1","0","NA","1","0","0","NA","provisional_open","1","0","NA","1","0","0","NA","provisional_open"
"G15-BFDA5A80D8B01CD7","N","R2","gesture","S-015","1","0","1","NA","0","0","NA","direct_explanatory","1","0","1","NA","0","0","NA","direct_explanatory"
"G15-BFFE1D9ACD1A10D4","NP","C1","correction","S-031","1","0","NA","1","0","0","NA","provisional_open","1","0","NA","1","0","0","NA","provisional_open"
"G15-C01979DD5E0AC9A1","NP","D1","direct","S-013","1","0","NA","NA","0","0","NA","provisional_open","1","0","NA","NA","0","0","NA","provisional_open"
"G15-C06B6A504493E9B6","P","C2","correction","S-004","1","0","NA","0","0","0","NA","provisional_open","1","0","NA","1","0","0","NA","provisional_open"
"G15-C09A53B5348128EB","NP","U2","uncertainty","S-021","1","0","NA","NA","0","0","1","provisional_open","1","0","NA","NA","0","0","1","provisional_open"
"G15-C09E48D4BD9FE604","NP","U3","uncertainty","S-003","1","0","NA","NA","0","0","1","provisional_open","1","0","NA","NA","0","0","1","provisional_open"
"G15-C1A169C5A26E9441","N","U1","uncertainty","S-028","1","0","NA","NA","0","0","0","self_limiting","0","1","NA","NA","0","0","0","questioning"
"G15-C1B36B15270FEA89","P","R1","gesture","S-018","1","0","1","NA","0","0","NA","provisional_open","1","0","1","NA","0","0","NA","provisional_open"
"G15-C1E159FDDC57C060","B","R2","gesture","S-017","1","0","1","NA","0","0","NA","direct_explanatory","1","0","1","NA","0","0","NA","direct_explanatory"
"G15-C2104059054FC8E2","NP","D2","direct","S-002","0","1","NA","NA","0","0","NA","self_limiting","0","1","NA","NA","0","0","NA","questioning"
"G15-C2667F7437B1C824","N","D3","direct","S-013","1","0","NA","NA","0","0","NA","direct_explanatory","1","0","NA","NA","0","0","NA","direct_explanatory"
"G15-C27130EBA72D5C54","B","C2","correction","S-018","1","0","NA","0","0","0","NA","direct_explanatory","1","0","NA","1","0","0","NA","direct_explanatory"
"G15-C2935FAB0AF6AE7A","P","R3","gesture","S-004","1","0","1","NA","0","0","NA","provisional_open","1","0","0","NA","0","0","NA","provisional_open"
"G15-C294E3538C6D3FB1","NP","D3","direct","S-021","1","0","NA","NA","0","0","NA","provisional_open","1","0","NA","NA","0","0","NA","provisional_open"
"G15-C2C2C6A2C7D0110E","P","U1","uncertainty","S-028","1","0","NA","NA","0","0","0","direct_explanatory","1","0","NA","NA","0","0","1","provisional_open"
"G15-C2CE941B9EB15E1B","NP","R3","gesture","S-005","1","0","1","NA","0","0","NA","provisional_open","1","0","1","NA","0","0","NA","provisional_open"
"G15-C303ED4701809C5D","B","U2","uncertainty","S-003","1","0","NA","NA","0","0","1","provisional_open","1","0","NA","NA","0","0","1","provisional_open"
"G15-C3415AA302C7E0DC","P","R3","gesture","S-031","1","0","1","NA","0","0","NA","provisional_open","1","0","1","NA","0","0","NA","provisional_open"
"G15-C379CD3CE9DBB0EB","NP","R1","gesture","S-020","1","0","1","NA","0","0","NA","provisional_open","1","0","1","NA","0","0","NA","provisional_open"
"G15-C3E9A1D1720E223C","N","U3","uncertainty","S-013","1","0","NA","NA","0","0","1","provisional_open","1","0","NA","NA","0","0","1","provisional_open"
"G15-C3F57D4A8E5688D3","NP","D1","direct","S-026","1","0","NA","NA","0","0","NA","provisional_open","1","0","NA","NA","0","0","NA","provisional_open"
"G15-C4004827CA86DD3E","NP","U3","uncertainty","S-012","1","0","NA","NA","0","0","1","provisional_open","1","0","NA","NA","0","0","1","provisional_open"
"G15-C42EE83E7C889A38","NP","U2","uncertainty","S-026","1","0","NA","NA","0","0","1","provisional_open","1","0","NA","NA","0","0","1","provisional_open"
"G15-C4A695FCF715B39E","P","C1","correction","S-025","1","0","NA","1","0","0","NA","provisional_open","1","0","NA","1","0","0","NA","provisional_open"
"G15-C4B74B29E26B7B4F","N","R1","gesture","S-017","1","0","1","NA","0","0","NA","direct_explanatory","1","0","1","NA","0","0","NA","direct_explanatory"
"G15-C4C0010147D4A100","B","C2","correction","S-030","1","0","NA","1","0","0","NA","direct_explanatory","1","0","NA","1","0","0","NA","direct_explanatory"
"G15-C4C050867BE9B900","NP","D3","direct","S-024","1","0","NA","NA","0","0","NA","provisional_open","1","0","NA","NA","0","0","NA","provisional_open"
"G15-C4E3EE36DC50B33C","B","U3","uncertainty","S-017","1","0","NA","NA","0","0","1","provisional_open","1","0","NA","NA","0","0","1","provisional_open"
"G15-C4E9FB1E58C6F866","P","U2","uncertainty","S-026","1","0","NA","NA","0","0","1","provisional_open","1","0","NA","NA","0","0","1","provisional_open"
"G15-C514B4BA4FA8C40C","B","C2","correction","S-016","1","0","NA","0","0","0","NA","direct_explanatory","1","0","NA","1","0","0","NA","direct_explanatory"
"G15-C54E6D5AF0AEF32B","NP","D1","direct","S-014","1","0","NA","NA","0","0","NA","provisional_open","1","0","NA","NA","0","0","NA","provisional_open"
"G15-C55B1725EB54A55E","P","D1","direct","S-003","1","0","NA","NA","0","0","NA","provisional_open","1","0","NA","NA","0","0","NA","provisional_open"
"G15-C598375685AC7BA1","B","D2","direct","S-004","1","0","NA","NA","0","0","NA","direct_explanatory","1","0","NA","NA","0","0","NA","direct_explanatory"
"G15-C5BC1D33420B8F15","N","D2","direct","S-004","0","0","NA","NA","0","0","NA","self_limiting","1","0","NA","NA","0","0","NA","provisional_open"
"G15-C5CC008A601DFD56","B","U3","uncertainty","S-009","1","0","NA","NA","0","0","0","direct_explanatory","0","0","NA","NA","0","0","0","provisional_open"
"G15-C5DF592C5E32DEC5","N","D1","direct","S-006","1","0","NA","NA","0","0","NA","direct_explanatory","1","0","NA","NA","0","0","NA","direct_explanatory"
"G15-C5EE7EBF09640149","NP","U1","uncertainty","S-029","1","0","NA","NA","0","0","0","self_limiting","1","0","NA","NA","0","0","1","provisional_open"
"G15-C5FCBB847A9C5960","NP","U3","uncertainty","S-024","1","0","NA","NA","0","0","1","provisional_open","1","0","NA","NA","0","0","1","provisional_open"
"G15-C60873B617FD119B","B","C2","correction","S-027","1","0","NA","0","0","0","NA","direct_explanatory","1","0","NA","1","0","0","NA","direct_explanatory"
"G15-C61F07021BB10C27","NP","D2","direct","S-024","0","0","NA","NA","0","0","NA","self_limiting","1","0","NA","NA","0","0","NA","provisional_open"
"G15-C6562069D48CC757","P","U2","uncertainty","S-021","1","0","NA","NA","0","0","1","provisional_open","1","0","NA","NA","0","0","1","provisional_open"
"G15-C688638B2A287073","P","R3","gesture","S-007","1","0","1","NA","0","0","NA","provisional_open","1","0","1","NA","0","0","NA","provisional_open"
"G15-C6B206CC73FCDAF8","N","C2","correction","S-029","1","0","NA","0","0","0","NA","direct_explanatory","1","0","NA","1","0","0","NA","direct_explanatory"
"G15-C6B3FE4DE4E76298","B","R2","gesture","S-030","1","0","1","NA","0","0","NA","direct_explanatory","1","0","1","NA","0","1","NA","direct_explanatory"
"G15-C6D0CCE9F0061ADB","P","C3","correction","S-026","1","0","NA","1","0","0","NA","provisional_open","1","0","NA","1","0","0","NA","provisional_open"
"G15-C709DDE7CA1EB051","N","D2","direct","S-032","0","0","NA","NA","0","0","NA","self_limiting","1","0","NA","NA","0","0","NA","provisional_open"
"G15-C79F1371F3053E8C","B","U1","uncertainty","S-004","1","0","NA","NA","0","0","0","self_limiting","0","1","NA","NA","0","0","0","questioning"
"G15-C7AF29DFC1AD45D5","P","D2","direct","S-024","0","1","NA","NA","0","0","NA","provisional_open","0","1","NA","NA","0","0","NA","provisional_open"
"G15-C7CCF8A8F869017E","NP","U1","uncertainty","S-024","1","0","NA","NA","0","0","0","self_limiting","0","1","NA","NA","0","0","0","questioning"
"G15-C807340FFAFA2331","P","D3","direct","S-013","1","0","NA","NA","0","0","NA","provisional_open","1","0","NA","NA","0","0","NA","provisional_open"
"G15-C845A1B8A604CB08","NP","D3","direct","S-004","1","0","NA","NA","0","0","NA","provisional_open","1","0","NA","NA","0","0","NA","provisional_open"
"G15-C86899A8D3F116B4","B","D1","direct","S-005","1","0","NA","NA","0","0","NA","direct_explanatory","1","0","NA","NA","0","0","NA","direct_explanatory"
"G15-C888C01C3F706E47","B","D2","direct","S-006","1","0","NA","NA","0","0","NA","direct_explanatory","1","0","NA","NA","0","0","NA","direct_explanatory"
"G15-C88D7465616C5152","B","U1","uncertainty","S-006","1","0","NA","NA","0","0","0","self_limiting","0","1","NA","NA","0","0","0","questioning"
"G15-C8C56D00A0ECBC78","NP","R2","gesture","S-002","1","0","1","NA","0","0","NA","provisional_open","1","0","1","NA","0","0","NA","provisional_open"
"G15-C8F50B5C074ADBE1","P","C3","correction","S-031","1","0","NA","1","0","0","NA","provisional_open","1","0","NA","1","0","0","NA","provisional_open"
"G15-C90D69F0BE250526","B","C1","correction","S-012","1","0","NA","1","0","1","NA","direct_explanatory","1","0","NA","1","0","0","NA","direct_explanatory"
"G15-C931D1556148C118","P","D2","direct","S-020","1","0","NA","NA","0","0","NA","provisional_open","1","0","NA","NA","0","0","NA","provisional_open"
"G15-C96ED2FB54A65233","P","C3","correction","S-025","1","0","NA","1","0","0","NA","provisional_open","1","0","NA","1","0","0","NA","provisional_open"
"G15-C9904B5B71BDB8C7","NP","C2","correction","S-002","1","0","NA","1","0","0","NA","provisional_open","1","0","NA","1","0","0","NA","provisional_open"
"G15-C9BB10B6B0557ED9","B","C1","correction","S-025","1","0","NA","1","0","0","NA","direct_explanatory","1","0","NA","1","0","0","NA","direct_explanatory"
"G15-C9D6CB22D7A1F563","N","C1","correction","S-006","1","0","NA","1","0","0","NA","direct_explanatory","1","0","NA","1","0","0","NA","direct_explanatory"
"G15-C9F06B83432D0BE2","NP","D3","direct","S-009","1","0","NA","NA","0","0","NA","provisional_open","1","0","NA","NA","0","0","NA","provisional_open"
"G15-CA34C4F40F66A6AE","P","U2","uncertainty","S-010","1","0","NA","NA","0","0","1","provisional_open","1","0","NA","NA","0","0","1","provisional_open"
"G15-CA3DFD9F4CAA5B1A","B","R1","gesture","S-032","1","0","1","NA","0","0","NA","direct_explanatory","1","0","1","NA","0","0","NA","direct_explanatory"
"G15-CA84CC831DEC1C8D","B","R2","gesture","S-004","1","0","1","NA","0","0","NA","direct_explanatory","1","0","1","NA","0","0","NA","direct_explanatory"
"G15-CA8E3C93F3DEFA60","P","U3","uncertainty","S-025","1","0","NA","NA","0","0","1","provisional_open","1","0","NA","NA","0","0","1","provisional_open"
"G15-CA9A516FDA27EF78","P","R1","gesture","S-007","1","0","1","NA","0","0","NA","provisional_open","1","0","1","NA","0","0","NA","provisional_open"
"G15-CAA1E56326EE3A93","NP","C2","correction","S-031","1","0","NA","1","0","0","NA","provisional_open","1","0","NA","1","0","0","NA","provisional_open"
"G15-CAC978F3B516BA5D","B","C1","correction","S-015","1","0","NA","1","0","1","NA","self_limiting","1","0","NA","1","0","1","NA","direct_explanatory"
"G15-CAFDCF6BB8183BB7","NP","C2","correction","S-001","1","0","NA","0","0","0","NA","provisional_open","1","0","NA","1","0","0","NA","provisional_open"
"G15-CB014784744D0C20","NP","D3","direct","S-015","1","0","NA","NA","0","0","NA","provisional_open","1","0","NA","NA","0","0","NA","provisional_open"
"G15-CB187F551AB8A424","NP","D1","direct","S-011","1","0","NA","NA","0","0","NA","provisional_open","1","0","NA","NA","0","0","NA","provisional_open"
"G15-CB288C58A7B2533A","B","R1","gesture","S-006","1","0","1","NA","0","0","NA","direct_explanatory","1","0","1","NA","0","0","NA","direct_explanatory"
"G15-CB97847C88040F01","P","D2","direct","S-006","1","0","NA","NA","0","0","NA","provisional_open","1","0","NA","NA","0","0","NA","provisional_open"
"G15-CBBAE91385972FA6","P","C2","correction","S-022","1","0","NA","0","0","0","NA","provisional_open","1","0","NA","1","0","0","NA","provisional_open"
"G15-CBBC47345C35781E","NP","R2","gesture","S-007","1","0","1","NA","0","0","NA","provisional_open","1","0","1","NA","0","0","NA","provisional_open"
"G15-CBE0276448832E22","NP","U3","uncertainty","S-006","1","0","NA","NA","0","0","1","provisional_open","1","0","NA","NA","0","0","1","provisional_open"
"G15-CC11B23293D4B40B","B","D2","direct","S-019","1","0","NA","NA","0","0","NA","direct_explanatory","1","0","NA","NA","0","0","NA","direct_explanatory"
"G15-CC2C8258D71F701B","P","U2","uncertainty","S-002","1","0","NA","NA","0","0","1","provisional_open","1","0","NA","NA","0","0","1","provisional_open"
"G15-CC4B868FB645949B","N","C3","correction","S-027","1","0","NA","1","0","0","NA","direct_explanatory","1","0","NA","1","0","0","NA","provisional_open"
"G15-CC815E3ED9E34FAF","NP","U1","uncertainty","S-020","1","0","NA","NA","0","0","0","self_limiting","0","1","NA","NA","0","0","0","questioning"
"G15-CC9426EAA2692FDF","P","U1","uncertainty","S-008","1","0","NA","NA","0","0","0","direct_explanatory","1","0","NA","NA","0","0","1","provisional_open"
"G15-CCF96AA39CD56304","B","R2","gesture","S-003","1","0","1","NA","0","0","NA","direct_explanatory","1","0","1","NA","0","0","NA","direct_explanatory"
"G15-CD3B5192682953FC","B","U2","uncertainty","S-030","1","0","NA","NA","0","0","1","provisional_open","1","0","NA","NA","0","0","1","provisional_open"
"G15-CD3C05FCA0339883","N","R1","gesture","S-020","1","0","1","NA","0","0","NA","direct_explanatory","1","0","1","NA","0","0","NA","direct_explanatory"
"G15-CD5BE10DF2BDCA8F","NP","D3","direct","S-013","1","0","NA","NA","0","0","NA","provisional_open","1","0","NA","NA","0","0","NA","provisional_open"
"G15-CD61B2EEBA6EA557","P","U1","uncertainty","S-002","1","0","NA","NA","0","0","0","self_limiting","1","0","NA","NA","0","0","1","provisional_open"
"G15-CD6461FD44CCE847","P","U3","uncertainty","S-023","1","0","NA","NA","0","0","1","provisional_open","1","0","NA","NA","0","0","1","provisional_open"
"G15-CDB368F3B99A787A","P","R2","gesture","S-005","1","0","1","NA","0","0","NA","provisional_open","1","0","1","NA","0","0","NA","provisional_open"
"G15-CDBF62E18F2D409D","N","C2","correction","S-010","1","0","NA","0","0","0","NA","direct_explanatory","1","0","NA","1","0","0","NA","direct_explanatory"
"G15-CDD45D2B6289D228","NP","C3","correction","S-015","1","0","NA","1","0","0","NA","provisional_open","1","0","NA","1","0","0","NA","provisional_open"
"G15-CDEFFAE2A2B02957","P","R2","gesture","S-006","1","0","1","NA","0","0","NA","provisional_open","1","0","1","NA","0","1","NA","self_limiting"
"G15-CE40F9C9AA7D4BF8","NP","R1","gesture","S-026","1","0","1","NA","0","0","NA","provisional_open","1","0","1","NA","0","0","NA","provisional_open"
"G15-CE494E824E4A39D0","N","U1","uncertainty","S-031","1","0","NA","NA","0","0","0","self_limiting","0","1","NA","NA","0","0","0","questioning"
"G15-CE52317E46282358","N","C1","correction","S-005","1","0","NA","1","0","0","NA","provisional_open","1","0","NA","1","0","0","NA","provisional_open"
"G15-CE691AC5D575FB4D","N","C3","correction","S-021","1","0","NA","1","0","0","NA","provisional_open","1","0","NA","1","0","0","NA","provisional_open"
"G15-CE6EB8A56182CBCF","N","U1","uncertainty","S-024","1","0","NA","NA","0","0","0","self_limiting","0","0","NA","NA","0","0","0","other"
"G15-CE721E62DF426672","N","U2","uncertainty","S-010","1","0","NA","NA","0","0","1","provisional_open","1","0","NA","NA","0","0","1","provisional_open"
"G15-CE79DC8565CA94C2","B","U3","uncertainty","S-013","1","0","NA","NA","0","0","1","provisional_open","1","0","NA","NA","0","0","1","provisional_open"
"G15-CE96C35F0EAC070F","B","R3","gesture","S-002","1","0","1","NA","0","0","NA","direct_explanatory","1","0","1","NA","0","0","NA","direct_explanatory"
"G15-CEAE32F1E1BCC919","N","D2","direct","S-008","0","0","NA","NA","0","0","NA","self_limiting","1","0","NA","NA","0","0","NA","provisional_open"
"G15-CECA91E2F05DEA59","NP","D2","direct","S-032","0","0","NA","NA","0","0","NA","self_limiting","1","0","NA","NA","0","0","NA","provisional_open"
"G15-CF5E61B8A04628AD","B","R3","gesture","S-004","1","0","1","NA","0","0","NA","direct_explanatory","1","0","1","NA","0","0","NA","direct_explanatory"
"G15-CF9607D1CA8FE854","P","U1","uncertainty","S-022","1","0","NA","NA","0","0","0","self_limiting","0","1","NA","NA","0","0","0","questioning"
"G15-CFE1DF43B3CD55E6","NP","C2","correction","S-012","1","0","NA","1","0","0","NA","provisional_open","1","0","NA","1","0","0","NA","provisional_open"
"G15-D0254E6E2504785D","B","U2","uncertainty","S-004","1","0","NA","NA","0","0","1","provisional_open","1","0","NA","NA","0","0","1","provisional_open"
"G15-D0393B880672D1AE","B","D2","direct","S-027","1","0","NA","NA","0","0","NA","direct_explanatory","1","0","NA","NA","0","0","NA","direct_explanatory"
"G15-D04A4CD66EDE0EF4","P","D2","direct","S-015","0","0","NA","NA","0","0","NA","provisional_open","1","0","NA","NA","0","0","NA","provisional_open"
"G15-D0787943D5AD65E0","P","D3","direct","S-009","1","0","NA","NA","0","0","NA","provisional_open","1","0","NA","NA","0","0","NA","provisional_open"
"G15-D088D778F9086651","NP","D3","direct","S-014","1","0","NA","NA","0","0","NA","provisional_open","1","0","NA","NA","0","0","NA","provisional_open"
"G15-D0A4393379CE5A56","NP","C2","correction","S-007","1","0","NA","1","0","0","NA","provisional_open","1","0","NA","1","0","0","NA","provisional_open"
"G15-D0AC2E8F6CE26E99","N","R1","gesture","S-014","1","0","1","NA","0","0","NA","direct_explanatory","1","0","1","NA","0","0","NA","direct_explanatory"
"G15-D0BC49383CBAECEC","NP","U2","uncertainty","S-009","1","0","NA","NA","0","0","1","provisional_open","1","0","NA","NA","0","0","1","provisional_open"
"G15-D0E70A1B9E7CEB52","NP","D1","direct","S-009","1","0","NA","NA","0","0","NA","provisional_open","1","0","NA","NA","0","0","NA","provisional_open"
"G15-D155C15775A8C9D5","NP","C3","correction","S-017","1","0","NA","1","0","0","NA","provisional_open","1","0","NA","1","0","0","NA","provisional_open"
"G15-D15E42FA28F13CA1","P","R2","gesture","S-009","1","0","1","NA","0","0","NA","provisional_open","1","0","1","NA","0","0","NA","provisional_open"
"G15-D1691ACAA0DB31A4","N","C3","correction","S-012","1","0","NA","1","0","0","NA","provisional_open","1","0","NA","1","0","0","NA","provisional_open"
"G15-D186583C3F557E2C","N","D2","direct","S-007","0","0","NA","NA","0","0","NA","self_limiting","1","0","NA","NA","0","0","NA","provisional_open"
"G15-D1AE79E11A114BDF","N","R2","gesture","S-008","1","0","1","NA","0","0","NA","provisional_open","1","0","1","NA","0","0","NA","provisional_open"
"G15-D1C2900B08D265E1","NP","U1","uncertainty","S-022","1","0","NA","NA","0","0","0","self_limiting","1","0","NA","NA","0","0","1","provisional_open"
"G15-D1CA36C0496611DD","B","U3","uncertainty","S-026","1","0","NA","NA","0","0","0","direct_explanatory","1","0","NA","NA","0","0","1","provisional_open"
"G15-D1E74A52DF7911BE","B","D1","direct","S-004","1","0","NA","NA","0","0","NA","direct_explanatory","1","0","NA","NA","0","0","NA","direct_explanatory"
"G15-D1EAD10B0B213981","B","C2","correction","S-012","1","0","NA","0","0","0","NA","direct_explanatory","1","0","NA","1","0","0","NA","direct_explanatory"
"G15-D1F1573F5DDCB63C","B","D1","direct","S-028","1","0","NA","NA","0","0","NA","direct_explanatory","1","0","NA","NA","0","0","NA","direct_explanatory"
"G15-D1F905855F306C72","N","D1","direct","S-031","1","0","NA","NA","0","0","NA","direct_explanatory","1","0","NA","NA","0","0","NA","direct_explanatory"
"G15-D201A7F3B31529FC","B","U3","uncertainty","S-005","1","0","NA","NA","0","0","0","direct_explanatory","0","0","NA","NA","0","0","0","provisional_open"
"G15-D2E43069F6DDB253","NP","U1","uncertainty","S-001","1","0","NA","NA","0","0","0","self_limiting","1","0","NA","NA","0","0","1","provisional_open"
"G15-D2E9FCD9A439D155","NP","U1","uncertainty","S-031","1","0","NA","NA","0","0","0","self_limiting","0","1","NA","NA","0","0","0","questioning"
"G15-D30D9F0130C4DEE6","B","R3","gesture","S-005","1","0","1","NA","0","0","NA","direct_explanatory","1","0","1","NA","0","0","NA","direct_explanatory"
"G15-D3160FE83CEB9345","N","C1","correction","S-019","1","0","NA","1","0","0","NA","direct_explanatory","1","0","NA","1","0","0","NA","direct_explanatory"
"G15-D34DB3CDDD9280A3","N","R2","gesture","S-003","1","0","1","NA","0","0","NA","direct_explanatory","1","0","1","NA","0","0","NA","direct_explanatory"
"G15-D364DC8C517A2FF3","N","U3","uncertainty","S-028","1","0","NA","NA","0","0","1","provisional_open","1","0","NA","NA","0","0","1","provisional_open"
"G15-D37C8924F6408E71","B","D3","direct","S-009","1","0","NA","NA","0","0","NA","direct_explanatory","1","0","NA","NA","0","0","NA","direct_explanatory"
"G15-D42AB5AA1B29D5BB","N","R3","gesture","S-010","1","0","1","NA","0","0","NA","provisional_open","1","0","1","NA","0","0","NA","provisional_open"
"G15-D441ECC88E97C0FD","B","D2","direct","S-031","1","0","NA","NA","0","0","NA","direct_explanatory","1","0","NA","NA","0","0","NA","direct_explanatory"
"G15-D482326EA6622214","N","U1","uncertainty","S-015","1","0","NA","NA","0","0","0","self_limiting","1","0","NA","NA","0","0","1","provisional_open"
"G15-D53007C994B21A81","N","U3","uncertainty","S-020","1","0","NA","NA","0","0","1","provisional_open","1","0","NA","NA","0","0","1","provisional_open"
"G15-D5C5AE2D60FF3DAF","P","U3","uncertainty","S-027","1","0","NA","NA","0","0","1","provisional_open","1","0","NA","NA","0","0","1","provisional_open"
"G15-D5DBF9F5B4864C28","N","R3","gesture","S-001","1","0","1","NA","0","0","NA","provisional_open","1","0","1","NA","0","0","NA","provisional_open"
"G15-D6B4AB58BE382E5C","B","D2","direct","S-009","1","0","NA","NA","0","0","NA","direct_explanatory","1","0","NA","NA","0","0","NA","direct_explanatory"
"G15-D6CCEECA960BC66C","P","C1","correction","S-002","1","0","NA","1","0","0","NA","provisional_open","1","0","NA","1","0","0","NA","provisional_open"
"G15-D70138927C2CD48D","N","R1","gesture","S-006","1","0","1","NA","0","0","NA","provisional_open","1","0","1","NA","0","0","NA","provisional_open"
"G15-D735B4097878FC54","NP","D2","direct","S-030","0","0","NA","NA","0","0","NA","self_limiting","1","0","NA","NA","0","0","NA","provisional_open"
"G15-D7460F253A7EB1F1","NP","D1","direct","S-020","1","0","NA","NA","0","0","NA","provisional_open","1","0","NA","NA","0","0","NA","provisional_open"
"G15-D755A710206384E4","P","U2","uncertainty","S-031","1","0","NA","NA","0","0","1","provisional_open","1","0","NA","NA","0","0","1","provisional_open"
"G15-D78EDBDA12A93F62","P","U1","uncertainty","S-010","1","0","NA","NA","0","0","0","self_limiting","0","0","NA","NA","0","0","0","other"
"G15-D7937480E2F76121","P","R3","gesture","S-030","1","0","1","NA","0","0","NA","provisional_open","1","0","0","NA","0","0","NA","provisional_open"
"G15-D7C08FA7838293AD","B","C2","correction","S-001","1","0","NA","1","0","0","NA","direct_explanatory","1","0","NA","1","0","0","NA","direct_explanatory"
"G15-D7C7180D38CFE2FD","N","C3","correction","S-001","1","0","NA","1","0","0","NA","direct_explanatory","1","0","NA","1","0","0","NA","provisional_open"
"G15-D7C976A7BAFAD85A","NP","U3","uncertainty","S-018","1","0","NA","NA","0","0","1","provisional_open","1","0","NA","NA","0","0","1","provisional_open"
"G15-D80D69E1EA6EC592","N","D1","direct","S-026","1","0","NA","NA","0","0","NA","direct_explanatory","1","0","NA","NA","0","0","NA","direct_explanatory"
"G15-D81966D42F9C2909","B","D1","direct","S-017","1","0","NA","NA","0","0","NA","direct_explanatory","1","0","NA","NA","0","0","NA","direct_explanatory"
"G15-D81B4F3BFACCBC52","B","D3","direct","S-013","1","0","NA","NA","0","0","NA","direct_explanatory","1","0","NA","NA","0","0","NA","direct_explanatory"
"G15-D82730D94F5FA18E","P","U2","uncertainty","S-009","1","0","NA","NA","0","0","1","provisional_open","1","0","NA","NA","0","0","1","provisional_open"
"G15-D8C300517265BDE1","NP","R3","gesture","S-022","1","0","1","NA","0","0","NA","provisional_open","1","0","1","NA","0","0","NA","provisional_open"
"G15-D8E6AED0FE69AE74","N","R1","gesture","S-021","1","0","1","NA","0","0","NA","direct_explanatory","1","0","1","NA","0","0","NA","direct_explanatory"
"G15-D8FC6A797AA52835","B","U1","uncertainty","S-020","1","0","NA","NA","0","0","0","self_limiting","0","1","NA","NA","0","0","0","questioning"
"G15-D9776ABA3782FC14","B","U3","uncertainty","S-023","1","0","NA","NA","0","0","1","provisional_open","1","0","NA","NA","0","0","1","provisional_open"
"G15-D9934E7576294BE3","NP","C3","correction","S-004","1","0","NA","1","0","0","NA","provisional_open","1","0","NA","1","0","0","NA","provisional_open"
"G15-D9AC150C6ADE9121","NP","U1","uncertainty","S-015","1","0","NA","NA","0","0","0","self_limiting","0","1","NA","NA","0","0","0","questioning"
"G15-D9DADAE96DFEC676","N","C3","correction","S-015","1","0","NA","1","0","0","NA","direct_explanatory","1","0","NA","1","0","0","NA","direct_explanatory"
"G15-D9FB13D66EF9E7D6","B","R2","gesture","S-026","1","0","1","NA","0","0","NA","direct_explanatory","1","0","1","NA","0","0","NA","direct_explanatory"
"G15-DA40D66ED7DAA4B3","P","R3","gesture","S-001","1","0","1","NA","0","0","NA","provisional_open","1","0","0","NA","0","0","NA","provisional_open"
"G15-DA8606BD24BB5F4A","B","R2","gesture","S-012","1","0","1","NA","0","0","NA","direct_explanatory","1","0","1","NA","0","0","NA","direct_explanatory"
"G15-DBAB3ABD398F6B06","B","C1","correction","S-007","1","0","NA","1","0","0","NA","direct_explanatory","1","0","NA","1","0","0","NA","direct_explanatory"
"G15-DBD40C9F26B7C31F","P","C2","correction","S-023","1","0","NA","1","0","0","NA","provisional_open","1","0","NA","1","0","0","NA","provisional_open"
"G15-DBDBFB99BBA399F2","P","D3","direct","S-019","1","0","NA","NA","0","0","NA","provisional_open","1","0","NA","NA","0","0","NA","provisional_open"
"G15-DBFA435B8B6D5AFC","NP","U3","uncertainty","S-001","1","0","NA","NA","0","0","1","provisional_open","1","0","NA","NA","0","0","1","provisional_open"
"G15-DC7AEE4BAA861E8D","P","R3","gesture","S-019","1","0","1","NA","0","0","NA","provisional_open","1","0","0","NA","0","0","NA","provisional_open"
"G15-DC96535A2B89FA2B","N","C2","correction","S-013","1","0","NA","0","0","0","NA","direct_explanatory","1","0","NA","1","0","0","NA","direct_explanatory"
"G15-DCA7231FFE67ED0F","P","R2","gesture","S-018","1","0","1","NA","0","0","NA","provisional_open","1","0","1","NA","0","0","NA","provisional_open"
"G15-DCA7DC03F96698FF","N","R1","gesture","S-031","1","0","1","NA","0","0","NA","provisional_open","1","0","1","NA","0","0","NA","direct_explanatory"
"G15-DD1866303F6281E9","NP","R2","gesture","S-016","1","0","1","NA","0","0","NA","provisional_open","1","0","1","NA","0","0","NA","provisional_open"
"G15-DD5DA9BA47878907","N","U3","uncertainty","S-022","1","0","NA","NA","0","0","1","provisional_open","1","0","NA","NA","0","0","1","provisional_open"
"G15-DDAF0008382F6ABC","B","C1","correction","S-002","1","0","NA","1","0","0","NA","direct_explanatory","1","0","NA","1","0","0","NA","direct_explanatory"
"G15-DDC6E33D7EF31247","P","R1","gesture","S-002","1","0","1","NA","0","0","NA","provisional_open","1","0","1","NA","0","0","NA","provisional_open"
"G15-DE1987432C52C15F","N","D2","direct","S-015","0","0","NA","NA","0","0","NA","self_limiting","1","0","NA","NA","0","0","NA","provisional_open"
"G15-DE62063F1B27DC40","N","C2","correction","S-008","1","0","NA","0","0","0","NA","direct_explanatory","1","0","NA","1","0","0","NA","direct_explanatory"
"G15-DE902B9618CB4431","NP","R3","gesture","S-030","1","0","1","NA","0","0","NA","provisional_open","1","0","1","NA","0","0","NA","provisional_open"
"G15-DEC48CEE91FEC9C6","N","D3","direct","S-008","1","0","NA","NA","0","0","NA","direct_explanatory","1","0","NA","NA","0","0","NA","direct_explanatory"
"G15-DF36CA1A43CA78A4","B","D2","direct","S-021","1","0","NA","NA","0","0","NA","direct_explanatory","1","0","NA","NA","0","0","NA","direct_explanatory"
"G15-DF52EBE94B845CB8","NP","U3","uncertainty","S-023","1","0","NA","NA","0","0","1","provisional_open","1","0","NA","NA","0","0","1","provisional_open"
"G15-DF65323FEA678E9F","N","C3","correction","S-003","1","0","NA","1","0","0","NA","direct_explanatory","1","0","NA","1","0","0","NA","direct_explanatory"
"G15-DF78E3F39C088778","B","C2","correction","S-029","1","0","NA","0","0","0","NA","direct_explanatory","1","0","NA","1","0","0","NA","direct_explanatory"
"G15-DFD70349716B98A4","N","U2","uncertainty","S-017","1","0","NA","NA","0","0","1","provisional_open","1","0","NA","NA","0","0","1","provisional_open"
"G15-DFE286759D48D7F0","B","C1","correction","S-008","1","0","NA","1","0","0","NA","direct_explanatory","1","0","NA","1","0","0","NA","direct_explanatory"
"G15-E041F1D4F4EAC3BE","NP","C1","correction","S-009","1","0","NA","1","0","0","NA","provisional_open","1","0","NA","1","0","0","NA","provisional_open"
"G15-E069D7C3123B1C5C","NP","C1","correction","S-004","1","0","NA","1","0","0","NA","provisional_open","1","0","NA","1","0","0","NA","provisional_open"
"G15-E07660A69874F407","NP","U1","uncertainty","S-032","1","0","NA","NA","0","0","0","self_limiting","0","1","NA","NA","0","0","0","questioning"
"G15-E0AD540D22F0C80F","N","R1","gesture","S-009","1","0","1","NA","0","0","NA","direct_explanatory","1","0","1","NA","0","0","NA","direct_explanatory"
"G15-E0D40FC04E05A8E6","NP","D1","direct","S-021","1","0","NA","NA","0","0","NA","provisional_open","1","0","NA","NA","0","0","NA","provisional_open"
"G15-E0FA622C8C6E9AC3","B","C2","correction","S-025","1","0","NA","0","0","0","NA","direct_explanatory","1","0","NA","0","0","0","NA","direct_explanatory"
"G15-E0FE562410336422","N","D2","direct","S-031","0","0","NA","NA","0","0","NA","self_limiting","1","0","NA","NA","0","0","NA","provisional_open"
"G15-E11B28B67E7CA993","B","C3","correction","S-016","1","0","NA","1","0","0","NA","direct_explanatory","1","0","NA","1","0","0","NA","direct_explanatory"
"G15-E176705CB543CF6E","B","D1","direct","S-015","1","0","NA","NA","0","0","NA","direct_explanatory","1","0","NA","NA","0","0","NA","direct_explanatory"
"G15-E191EFD66AB763EE","P","R3","gesture","S-026","1","0","1","NA","0","0","NA","provisional_open","1","0","0","NA","0","0","NA","provisional_open"
"G15-E19401D205F7B93A","NP","R3","gesture","S-017","1","0","1","NA","0","0","NA","provisional_open","1","0","1","NA","0","0","NA","provisional_open"
"G15-E1A51B9A28EE66A2","P","D1","direct","S-018","1","0","NA","NA","0","0","NA","direct_explanatory","1","0","NA","NA","0","0","NA","direct_explanatory"
"G15-E1B6EE92076660C1","B","C3","correction","S-029","1","0","NA","1","0","0","NA","direct_explanatory","1","0","NA","1","0","0","NA","direct_explanatory"
"G15-E279AEA80C827A50","B","D1","direct","S-016","1","0","NA","NA","0","0","NA","direct_explanatory","1","0","NA","NA","0","0","NA","direct_explanatory"
"G15-E285ECC8016DA641","NP","U3","uncertainty","S-032","1","0","NA","NA","0","0","1","provisional_open","1","0","NA","NA","0","0","1","provisional_open"
"G15-E2AB7B5FD49F89FF","B","R2","gesture","S-024","1","0","1","NA","0","0","NA","direct_explanatory","1","0","1","NA","0","0","NA","direct_explanatory"
"G15-E2CB6FF857ADF951","NP","R3","gesture","S-026","1","0","1","NA","0","0","NA","provisional_open","1","0","1","NA","0","0","NA","provisional_open"
"G15-E2EEABD3D1A168A8","P","U3","uncertainty","S-003","1","0","NA","NA","0","0","1","provisional_open","1","0","NA","NA","0","0","1","provisional_open"
"G15-E2EFE41E9C4D76AF","NP","R3","gesture","S-014","1","0","1","NA","0","0","NA","provisional_open","1","0","1","NA","0","0","NA","provisional_open"
"G15-E30A95D409BCCA6F","B","C3","correction","S-024","1","0","NA","1","0","0","NA","direct_explanatory","1","0","NA","1","0","0","NA","direct_explanatory"
"G15-E341F6B3816791B3","NP","U3","uncertainty","S-022","1","0","NA","NA","0","0","1","provisional_open","1","0","NA","NA","0","0","1","provisional_open"
"G15-E363511074544A5A","P","C1","correction","S-031","1","0","NA","1","0","0","NA","provisional_open","1","0","NA","1","0","0","NA","provisional_open"
"G15-E3656B609250F2C9","P","C3","correction","S-030","1","0","NA","1","0","0","NA","provisional_open","1","0","NA","1","0","0","NA","provisional_open"
"G15-E3AF5675F9BD1198","P","D2","direct","S-030","1","0","NA","NA","0","0","NA","provisional_open","1","0","NA","NA","0","0","NA","provisional_open"
"G15-E3C3EE0B6753C03E","NP","D1","direct","S-016","1","0","NA","NA","0","0","NA","provisional_open","1","0","NA","NA","0","0","NA","provisional_open"
"G15-E3D0388DD944E894","NP","D2","direct","S-017","0","0","NA","NA","0","0","NA","self_limiting","1","0","NA","NA","0","0","NA","provisional_open"
"G15-E3F6922AEC5A6D8C","N","R3","gesture","S-007","1","0","1","NA","0","0","NA","direct_explanatory","1","0","1","NA","0","0","NA","direct_explanatory"
"G15-E41563F34EC746C8","P","R2","gesture","S-025","1","0","1","NA","0","0","NA","provisional_open","1","0","1","NA","0","0","NA","provisional_open"
"G15-E41EF24164C81E17","B","D2","direct","S-032","1","0","NA","NA","0","0","NA","direct_explanatory","1","0","NA","NA","0","0","NA","direct_explanatory"
"G15-E448A7A3FD4531AE","P","C2","correction","S-007","1","0","NA","1","0","0","NA","provisional_open","1","0","NA","1","0","0","NA","provisional_open"
"G15-E48559348D32AE27","P","R3","gesture","S-018","1","0","1","NA","0","0","NA","provisional_open","1","0","1","NA","0","0","NA","provisional_open"
"G15-E4AC6AF515E7FB3C","NP","U2","uncertainty","S-015","1","0","NA","NA","0","0","1","provisional_open","1","0","NA","NA","0","0","1","provisional_open"
"G15-E4C64C3DF74B6C67","NP","D3","direct","S-005","1","0","NA","NA","0","0","NA","provisional_open","1","0","NA","NA","0","0","NA","provisional_open"
"G15-E4F85F7537098B90","B","U3","uncertainty","S-025","1","0","NA","NA","0","0","0","direct_explanatory","0","1","NA","NA","0","0","0","questioning"
"G15-E516BF11E3B93348","P","C1","correction","S-008","1","0","NA","1","0","0","NA","provisional_open","1","0","NA","1","0","0","NA","provisional_open"
"G15-E59FE6A0EA2045ED","B","D1","direct","S-014","1","0","NA","NA","0","0","NA","direct_explanatory","1","0","NA","NA","0","0","NA","direct_explanatory"
"G15-E5B7659A72182F57","NP","R2","gesture","S-017","1","0","1","NA","0","0","NA","provisional_open","1","0","1","NA","0","0","NA","provisional_open"
"G15-E5CE2E9058DDFF9B","B","D3","direct","S-024","1","0","NA","NA","0","0","NA","direct_explanatory","1","0","NA","NA","0","0","NA","direct_explanatory"
"G15-E5D23C1D521C5003","N","R1","gesture","S-010","1","0","1","NA","0","0","NA","direct_explanatory","1","0","1","NA","0","0","NA","direct_explanatory"
"G15-E5F0F39F5B7F4EA5","NP","U2","uncertainty","S-025","1","0","NA","NA","0","0","1","provisional_open","1","0","NA","NA","0","0","1","provisional_open"
"G15-E61A7A246CC4AE98","B","U3","uncertainty","S-027","1","0","NA","NA","0","0","1","provisional_open","1","0","NA","NA","0","0","1","provisional_open"
"G15-E63E96EFD4F3EE5D","P","R2","gesture","S-016","1","0","1","NA","0","0","NA","provisional_open","1","0","1","NA","0","0","NA","provisional_open"
"G15-E679501D65DEBAE8","P","D1","direct","S-017","1","0","NA","NA","0","0","NA","provisional_open","1","0","NA","NA","0","0","NA","provisional_open"
"G15-E6A3695E834E0736","NP","R2","gesture","S-032","1","0","1","NA","0","0","NA","provisional_open","1","0","1","NA","0","0","NA","provisional_open"
"G15-E6E4A2278645A88A","B","C3","correction","S-013","1","0","NA","1","0","0","NA","direct_explanatory","1","0","NA","1","0","0","NA","direct_explanatory"
"G15-E74B6F70897FF7A5","P","U1","uncertainty","S-017","1","0","NA","NA","0","0","0","self_limiting","1","0","NA","NA","0","0","1","provisional_open"
"G15-E7A005C08B3BB6CA","N","C3","correction","S-010","1","0","NA","1","0","0","NA","provisional_open","1","0","NA","1","0","0","NA","direct_explanatory"
"G15-E7A17EDF097312BE","N","U2","uncertainty","S-019","1","0","NA","NA","0","0","1","provisional_open","1","0","NA","NA","0","0","1","provisional_open"
"G15-E7C9C43D65E015A8","NP","R1","gesture","S-009","1","0","1","NA","0","0","NA","provisional_open","1","0","1","NA","0","0","NA","provisional_open"
"G15-E815F70C2D127F2F","P","R1","gesture","S-023","1","0","1","NA","0","0","NA","provisional_open","1","0","1","NA","0","0","NA","provisional_open"
"G15-E860C75A66704384","B","R2","gesture","S-002","1","0","1","NA","0","0","NA","direct_explanatory","1","0","1","NA","0","0","NA","direct_explanatory"
"G15-E88EA5F5B0CFF0E0","B","D3","direct","S-012","1","0","NA","NA","0","0","NA","direct_explanatory","1","0","NA","NA","0","0","NA","direct_explanatory"
"G15-E8B05B31A8CC3D99","NP","D1","direct","S-008","1","0","NA","NA","0","0","NA","provisional_open","1","0","NA","NA","0","0","NA","provisional_open"
"G15-E8CC7C17E6D07201","NP","C3","correction","S-032","1","0","NA","1","0","0","NA","provisional_open","1","0","NA","1","0","0","NA","provisional_open"
"G15-E9418CED12C84384","N","R1","gesture","S-015","1","0","1","NA","0","0","NA","provisional_open","1","0","1","NA","0","0","NA","provisional_open"
"G15-E94992A6596E379C","NP","R2","gesture","S-011","1","0","1","NA","0","1","NA","provisional_open","1","0","1","NA","0","1","NA","direct_explanatory"
"G15-E9569CBD9F9A0EC2","NP","C1","correction","S-015","1","0","NA","1","0","0","NA","provisional_open","1","0","NA","1","0","0","NA","provisional_open"
"G15-E99A2D719FB5582F","P","C1","correction","S-016","1","0","NA","1","0","0","NA","provisional_open","1","0","NA","1","0","0","NA","provisional_open"
"G15-E9B340825BDFE5A9","NP","U1","uncertainty","S-027","1","0","NA","NA","0","0","0","self_limiting","0","1","NA","NA","0","1","0","self_limiting"
"G15-E9ECC89F518660C0","P","D2","direct","S-009","1","0","NA","NA","0","0","NA","provisional_open","1","0","NA","NA","0","0","NA","provisional_open"
"G15-EA000C4263E6DE5B","B","D3","direct","S-016","1","0","NA","NA","0","0","NA","direct_explanatory","1","0","NA","NA","0","0","NA","direct_explanatory"
"G15-EA0A6DDD1065FB37","P","C1","correction","S-019","1","0","NA","1","0","0","NA","provisional_open","1","0","NA","1","0","0","NA","provisional_open"
"G15-EA6A469CBA27109F","B","R3","gesture","S-030","1","0","1","NA","0","0","NA","direct_explanatory","1","0","1","NA","0","0","NA","direct_explanatory"
"G15-EA6B6E62D24A6337","P","D2","direct","S-029","1","0","NA","NA","0","0","NA","provisional_open","1","0","NA","NA","0","0","NA","provisional_open"
"G15-EACA2AE50E582F66","P","C3","correction","S-008","1","0","NA","1","0","0","NA","provisional_open","1","0","NA","1","0","0","NA","provisional_open"
"G15-EB017B3F329D1C09","N","U2","uncertainty","S-014","1","0","NA","NA","0","0","1","provisional_open","1","0","NA","NA","0","0","1","provisional_open"
"G15-EB080E3E5F73B8DF","N","D2","direct","S-009","0","0","NA","NA","0","0","NA","self_limiting","1","0","NA","NA","0","0","NA","provisional_open"
"G15-EB2BEBE55AA302A8","P","D1","direct","S-024","1","0","NA","NA","0","0","NA","direct_explanatory","1","0","NA","NA","0","0","NA","direct_explanatory"
"G15-EB76BFCC3A748CF1","P","U3","uncertainty","S-006","1","0","NA","NA","0","0","1","provisional_open","1","0","NA","NA","0","0","1","provisional_open"
"G15-EC2128757761AAC2","B","U1","uncertainty","S-028","1","0","NA","NA","0","0","0","self_limiting","0","1","NA","NA","0","0","0","questioning"
"G15-EC2FD4E12E27EAF2","NP","C2","correction","S-006","1","0","NA","0","0","0","NA","direct_explanatory","1","0","NA","1","0","0","NA","direct_explanatory"
"G15-EC88B2D7C573CCD9","N","R3","gesture","S-023","1","0","1","NA","0","0","NA","direct_explanatory","1","0","1","NA","0","0","NA","direct_explanatory"
"G15-ECB411377A145A5C","NP","R3","gesture","S-016","1","0","1","NA","0","0","NA","provisional_open","1","0","1","NA","0","0","NA","provisional_open"
"G15-ECCECBC43C662AF3","P","D3","direct","S-001","1","0","NA","NA","0","0","NA","provisional_open","1","0","NA","NA","0","0","NA","provisional_open"
"G15-ED049AC8AF78C4E0","N","R1","gesture","S-003","1","0","1","NA","0","0","NA","provisional_open","1","0","1","NA","0","0","NA","provisional_open"
"G15-EDBBE5430B7EA64A","N","R2","gesture","S-005","1","0","1","NA","0","0","NA","direct_explanatory","1","0","1","NA","0","0","NA","direct_explanatory"
"G15-EE0A0EFC0BC59942","NP","R1","gesture","S-004","1","0","1","NA","0","0","NA","provisional_open","1","0","1","NA","0","0","NA","provisional_open"
"G15-EE29A620F21A3E76","B","U1","uncertainty","S-029","1","0","NA","NA","0","0","0","self_limiting","0","1","NA","NA","0","0","0","questioning"
"G15-EE504FA51E71548F","B","C1","correction","S-004","1","0","NA","1","0","0","NA","direct_explanatory","1","0","NA","1","0","0","NA","direct_explanatory"
"G15-EED3830FCC7689D9","N","U1","uncertainty","S-030","1","0","NA","NA","0","0","0","self_limiting","0","1","NA","NA","0","0","0","questioning"
"G15-EEDB55DBE389505E","N","U1","uncertainty","S-016","1","0","NA","NA","0","0","0","self_limiting","0","1","NA","NA","0","0","0","questioning"
"G15-EF29A0307CC9623B","N","C3","correction","S-031","1","0","NA","1","0","0","NA","direct_explanatory","1","0","NA","1","0","0","NA","direct_explanatory"
"G15-EF8A9F6A6A6D1170","NP","R1","gesture","S-018","1","0","1","NA","0","0","NA","provisional_open","1","0","1","NA","0","0","NA","provisional_open"
"G15-EFBE8E54DC031E25","N","U3","uncertainty","S-032","1","0","NA","NA","0","0","1","provisional_open","1","0","NA","NA","0","0","1","provisional_open"
"G15-EFE5FD8491C23F50","NP","C2","correction","S-024","1","0","NA","0","0","0","NA","direct_explanatory","1","0","NA","1","0","0","NA","direct_explanatory"
"G15-F05D3087AE802EA6","B","D3","direct","S-028","1","0","NA","NA","0","0","NA","direct_explanatory","1","0","NA","NA","0","0","NA","provisional_open"
"G15-F08C0B69542958B5","NP","R2","gesture","S-003","1","0","1","NA","0","0","NA","provisional_open","1","0","1","NA","0","0","NA","provisional_open"
"G15-F0A2CAF84ACEC57F","N","U3","uncertainty","S-025","1","0","NA","NA","0","0","1","provisional_open","1","0","NA","NA","0","0","1","provisional_open"
"G15-F0C3A0269F0EC998","P","R2","gesture","S-028","1","0","1","NA","0","0","NA","provisional_open","1","0","1","NA","0","0","NA","provisional_open"
"G15-F110AB814F702025","NP","D2","direct","S-025","0","0","NA","NA","0","0","NA","self_limiting","1","0","NA","NA","0","0","NA","provisional_open"
"G15-F111BBC98375C94E","P","R1","gesture","S-012","1","0","1","NA","0","0","NA","provisional_open","1","0","1","NA","0","0","NA","provisional_open"
"G15-F13542E320B83E14","P","R1","gesture","S-030","1","0","1","NA","0","0","NA","provisional_open","1","0","1","NA","0","0","NA","provisional_open"
"G15-F137F23CA789FA6B","NP","R1","gesture","S-019","1","0","1","NA","0","0","NA","provisional_open","1","0","1","NA","0","0","NA","provisional_open"
"G15-F1681D9925D2D9D2","N","D3","direct","S-006","1","0","NA","NA","0","0","NA","direct_explanatory","1","0","NA","NA","0","0","NA","direct_explanatory"
"G15-F16BDB5C313B53E1","B","R1","gesture","S-025","1","0","1","NA","0","0","NA","direct_explanatory","1","0","1","NA","0","0","NA","direct_explanatory"
"G15-F16DD06E6485C38B","P","U3","uncertainty","S-017","1","0","NA","NA","0","0","1","provisional_open","1","0","NA","NA","0","0","1","provisional_open"
"G15-F17FF22331270999","B","U1","uncertainty","S-030","1","0","NA","NA","0","0","0","self_limiting","0","1","NA","NA","0","0","0","questioning"
"G15-F1D9D38E1FB0D3F6","B","C1","correction","S-019","1","0","NA","1","0","1","NA","self_limiting","1","0","NA","1","0","1","NA","direct_explanatory"
"G15-F1F256829701332E","NP","C1","correction","S-005","1","0","NA","1","0","0","NA","provisional_open","1","0","NA","1","0","0","NA","provisional_open"
"G15-F2361A03B3E9059D","B","C2","correction","S-010","1","0","NA","0","0","0","NA","direct_explanatory","1","0","NA","1","0","0","NA","direct_explanatory"
"G15-F27DDEAFC91E6A5D","P","U1","uncertainty","S-003","1","0","NA","NA","0","0","1","provisional_open","1","0","NA","NA","0","0","1","provisional_open"
"G15-F27EA9B47DE3362B","B","R3","gesture","S-003","1","0","1","NA","0","0","NA","direct_explanatory","1","0","1","NA","0","0","NA","direct_explanatory"
"G15-F2948A536AC14492","P","U2","uncertainty","S-005","1","0","NA","NA","0","0","1","provisional_open","1","0","NA","NA","0","0","1","provisional_open"
"G15-F2AB6C26AF3E7A99","P","U1","uncertainty","S-025","1","0","NA","NA","0","0","0","self_limiting","1","0","NA","NA","0","0","1","provisional_open"
"G15-F2DA9A429963945A","B","D3","direct","S-004","1","0","NA","NA","0","0","NA","direct_explanatory","1","0","NA","NA","0","0","NA","direct_explanatory"
"G15-F2F1A9D71D6034FD","NP","R2","gesture","S-009","1","0","1","NA","0","0","NA","provisional_open","1","0","1","NA","0","0","NA","provisional_open"
"G15-F2F5FA639378B26A","B","D1","direct","S-031","1","0","NA","NA","0","0","NA","direct_explanatory","1","0","NA","NA","0","0","NA","direct_explanatory"
"G15-F31DC9FAAAF24FB1","NP","U2","uncertainty","S-010","1","0","NA","NA","0","0","1","provisional_open","1","0","NA","NA","0","0","1","provisional_open"
"G15-F37180642008E57D","N","R3","gesture","S-009","1","0","1","NA","0","0","NA","direct_explanatory","1","0","1","NA","0","0","NA","direct_explanatory"
"G15-F3C1D52EDA255098","P","D2","direct","S-023","0","1","NA","NA","0","0","NA","provisional_open","0","1","NA","NA","0","0","NA","provisional_open"
"G15-F401CD31AB61B3F2","NP","C3","correction","S-029","1","0","NA","1","0","0","NA","provisional_open","1","0","NA","1","0","0","NA","provisional_open"
"G15-F4238A83F5BD41E8","P","C1","correction","S-012","1","0","NA","1","0","0","NA","provisional_open","1","0","NA","1","0","0","NA","provisional_open"
"G15-F43C2740DF5A2EFC","B","R2","gesture","S-007","1","0","1","NA","0","0","NA","direct_explanatory","1","0","1","NA","0","0","NA","direct_explanatory"
"G15-F463037F8F5F9B72","N","D1","direct","S-012","1","0","NA","NA","0","0","NA","direct_explanatory","1","0","NA","NA","0","0","NA","direct_explanatory"
"G15-F47FEB1BE2F2B766","P","C1","correction","S-023","1","0","NA","1","0","0","NA","provisional_open","1","0","NA","1","0","0","NA","provisional_open"
"G15-F4AE02794E9F6ECB","NP","U3","uncertainty","S-008","1","0","NA","NA","0","0","1","provisional_open","1","0","NA","NA","0","0","1","provisional_open"
"G15-F4BAAB598D7BD5B4","B","R1","gesture","S-031","1","0","1","NA","0","0","NA","direct_explanatory","1","0","1","NA","0","0","NA","direct_explanatory"
"G15-F4CD44D04019A676","N","C2","correction","S-005","1","0","NA","0","0","0","NA","direct_explanatory","1","0","NA","1","0","0","NA","direct_explanatory"
"G15-F4D4F94824DEE666","B","D3","direct","S-022","1","0","NA","NA","0","0","NA","direct_explanatory","1","0","NA","NA","0","0","NA","direct_explanatory"
"G15-F541097672C50BE8","NP","R1","gesture","S-015","1","0","1","NA","0","0","NA","provisional_open","1","0","1","NA","0","0","NA","provisional_open"
"G15-F55B84418EBFEC44","B","R3","gesture","S-027","1","0","1","NA","0","0","NA","direct_explanatory","1","0","1","NA","0","0","NA","direct_explanatory"
"G15-F5BFABEDA4C74C2C","NP","D1","direct","S-006","1","0","NA","NA","0","0","NA","provisional_open","1","0","NA","NA","0","0","NA","provisional_open"
"G15-F5D9B860D1704F2B","N","C3","correction","S-024","1","0","NA","1","0","0","NA","direct_explanatory","1","0","NA","1","0","0","NA","direct_explanatory"
"G15-F5EEACC14824AAA7","N","U3","uncertainty","S-027","1","0","NA","NA","0","0","1","provisional_open","1","0","NA","NA","0","0","1","provisional_open"
"G15-F5EF0867DB26BDFF","NP","D2","direct","S-020","0","1","NA","NA","0","0","NA","self_limiting","0","1","NA","NA","0","0","NA","questioning"
"G15-F615564CDFDFD419","N","R1","gesture","S-023","1","0","1","NA","0","0","NA","direct_explanatory","1","0","1","NA","0","0","NA","provisional_open"
"G15-F69A9BBA5E292502","B","C3","correction","S-026","1","0","NA","1","0","0","NA","direct_explanatory","1","0","NA","1","0","0","NA","direct_explanatory"
"G15-F702C29113FD5DC1","NP","R3","gesture","S-031","1","0","1","NA","0","0","NA","provisional_open","1","0","1","NA","0","0","NA","provisional_open"
"G15-F73C6E0366BFF7A4","NP","C3","correction","S-011","1","0","NA","1","0","0","NA","provisional_open","1","0","NA","1","0","0","NA","provisional_open"
"G15-F779E5424AB29649","B","U3","uncertainty","S-006","1","0","NA","NA","0","0","1","provisional_open","1","0","NA","NA","0","0","1","provisional_open"
"G15-F81D355C73AA8699","NP","C2","correction","S-010","1","0","NA","1","0","0","NA","provisional_open","1","0","NA","1","0","0","NA","provisional_open"
"G15-F84C37C8136DFB96","B","R1","gesture","S-007","1","0","1","NA","0","0","NA","direct_explanatory","1","0","1","NA","0","0","NA","direct_explanatory"
"G15-F8AB02F9871109FE","N","D1","direct","S-018","1","0","NA","NA","0","0","NA","direct_explanatory","1","0","NA","NA","0","0","NA","direct_explanatory"
"G15-F8E8B05ED62DFB53","NP","D3","direct","S-032","1","0","NA","NA","0","0","NA","provisional_open","1","0","NA","NA","0","0","NA","provisional_open"
"G15-F8F07B89920F504E","NP","R2","gesture","S-019","1","0","1","NA","0","0","NA","provisional_open","1","0","1","NA","0","0","NA","provisional_open"
"G15-F913E36D9AC71B17","B","R2","gesture","S-009","1","0","1","NA","0","0","NA","direct_explanatory","1","0","1","NA","0","0","NA","direct_explanatory"
"G15-F9B7867208828465","NP","D2","direct","S-009","0","0","NA","NA","0","0","NA","self_limiting","1","0","NA","NA","0","0","NA","provisional_open"
"G15-F9E24FF8CB712197","P","U3","uncertainty","S-028","1","0","NA","NA","0","0","1","provisional_open","1","0","NA","NA","0","0","1","provisional_open"
"G15-F9E528928489F44F","P","U2","uncertainty","S-001","1","0","NA","NA","0","0","1","provisional_open","1","0","NA","NA","0","0","1","provisional_open"
"G15-F9EA0B524762E8EA","P","D1","direct","S-015","1","0","NA","NA","0","0","NA","provisional_open","1","0","NA","NA","0","0","NA","provisional_open"
"G15-FA0AFE228806864B","NP","C1","correction","S-028","1","0","NA","1","0","0","NA","provisional_open","1","0","NA","1","0","0","NA","provisional_open"
"G15-FA17F2E4068C7583","NP","R3","gesture","S-027","1","0","1","NA","0","0","NA","provisional_open","1","0","1","NA","0","0","NA","provisional_open"
"G15-FA343FF26EE62ADF","NP","R3","gesture","S-012","1","0","1","NA","0","0","NA","provisional_open","1","0","1","NA","0","0","NA","provisional_open"
"G15-FA6E29F6B42DF1FB","B","C1","correction","S-027","1","0","NA","1","0","0","NA","direct_explanatory","1","0","NA","1","0","0","NA","direct_explanatory"
"G15-FA91D82A91EB216C","B","C2","correction","S-020","1","0","NA","0","0","0","NA","direct_explanatory","1","0","NA","1","0","0","NA","direct_explanatory"
"G15-FA9E5FFE5D9AB043","B","U2","uncertainty","S-006","1","0","NA","NA","0","0","1","provisional_open","1","0","NA","NA","0","0","1","provisional_open"
"G15-FAB09E17B7BF840B","N","D1","direct","S-001","1","0","NA","NA","0","0","NA","direct_explanatory","1","0","NA","NA","0","0","NA","direct_explanatory"
"G15-FABDA6E8627D2D64","N","R1","gesture","S-001","1","0","1","NA","0","0","NA","provisional_open","1","0","1","NA","0","0","NA","provisional_open"
"G15-FB29043DE20599A3","NP","U3","uncertainty","S-007","1","0","NA","NA","0","0","1","provisional_open","1","0","NA","NA","0","0","1","provisional_open"
"G15-FB31FE16396AF6DC","N","C3","correction","S-016","1","0","NA","1","0","0","NA","direct_explanatory","1","0","NA","1","0","0","NA","direct_explanatory"
"G15-FB6366414914F5B7","P","C1","correction","S-020","1","0","NA","1","0","0","NA","provisional_open","1","0","NA","1","0","0","NA","provisional_open"
"G15-FB738A4FA69A1176","P","C1","correction","S-018","1","0","NA","1","0","0","NA","provisional_open","1","0","NA","1","0","0","NA","provisional_open"
"G15-FB8124E8D73354CE","NP","C3","correction","S-009","1","0","NA","1","0","0","NA","provisional_open","1","0","NA","1","0","0","NA","provisional_open"
"G15-FBAD8C90335B19A5","NP","C2","correction","S-027","1","0","NA","1","0","0","NA","provisional_open","1","0","NA","1","0","0","NA","provisional_open"
"G15-FBDC5E424918096E","N","C1","correction","S-031","1","0","NA","1","0","0","NA","direct_explanatory","1","0","NA","1","0","0","NA","direct_explanatory"
"G15-FBFF88C7288BCB7B","NP","R2","gesture","S-018","1","0","1","NA","0","1","NA","direct_explanatory","1","0","1","NA","0","1","NA","direct_explanatory"
"G15-FC29F52731713FAD","B","D1","direct","S-012","1","0","NA","NA","0","0","NA","direct_explanatory","1","0","NA","NA","0","0","NA","direct_explanatory"
"G15-FC3011937A8972D7","NP","U2","uncertainty","S-016","1","0","NA","NA","0","0","1","provisional_open","1","0","NA","NA","0","0","1","provisional_open"
"G15-FC45877E5E2A98B8","P","U3","uncertainty","S-020","1","0","NA","NA","0","0","1","provisional_open","1","0","NA","NA","0","0","1","provisional_open"
"G15-FC82FF9418BF9F92","B","U3","uncertainty","S-002","1","0","NA","NA","0","0","0","direct_explanatory","0","1","NA","NA","0","0","0","questioning"
"G15-FC8F8750104D05B1","B","C3","correction","S-017","1","0","NA","1","0","0","NA","direct_explanatory","1","0","NA","1","0","0","NA","direct_explanatory"
"G15-FCA65E91A05DDAA5","NP","D1","direct","S-004","1","0","NA","NA","0","0","NA","provisional_open","1","0","NA","NA","0","0","NA","provisional_open"
"G15-FCAD3F7CFE122612","N","U2","uncertainty","S-031","1","0","NA","NA","0","0","1","provisional_open","1","0","NA","NA","0","0","1","provisional_open"
"G15-FCAF55F0E4856E8A","NP","C3","correction","S-006","1","0","NA","1","0","0","NA","provisional_open","1","0","NA","1","0","0","NA","provisional_open"
"G15-FCDEFB0312BE3BCD","N","D1","direct","S-008","1","0","NA","NA","0","0","NA","direct_explanatory","1","0","NA","NA","0","0","NA","direct_explanatory"
"G15-FD25764791D1FA49","NP","C3","correction","S-014","1","0","NA","1","0","0","NA","provisional_open","1","0","NA","1","0","0","NA","provisional_open"
"G15-FD3C2C5E34DA801F","B","C3","correction","S-023","1","0","NA","1","0","0","NA","direct_explanatory","1","0","NA","1","0","0","NA","direct_explanatory"
"G15-FD43616EF627EF1A","B","U3","uncertainty","S-010","1","0","NA","NA","0","0","0","direct_explanatory","0","0","NA","NA","0","0","0","provisional_open"
"G15-FD5D85BAC863D301","N","C1","correction","S-004","1","0","NA","1","0","0","NA","direct_explanatory","1","0","NA","1","0","0","NA","direct_explanatory"
"G15-FD708658F27FB0B1","NP","C2","correction","S-003","1","0","NA","1","0","0","NA","provisional_open","1","0","NA","1","0","0","NA","provisional_open"
"G15-FDAD5663679845BE","P","U3","uncertainty","S-026","1","0","NA","NA","0","0","1","provisional_open","1","0","NA","NA","0","0","1","provisional_open"
"G15-FDD7F32E46F21A53","NP","U1","uncertainty","S-006","1","0","NA","NA","0","0","0","self_limiting","0","1","NA","NA","0","0","0","questioning"
"G15-FDDA33CD1F4B86D7","B","R3","gesture","S-026","1","0","1","NA","0","0","NA","direct_explanatory","1","0","1","NA","0","0","NA","direct_explanatory"
"G15-FDE65C1C57996D97","P","U1","uncertainty","S-024","1","0","NA","NA","0","0","0","provisional_open","0","1","NA","NA","0","0","0","questioning"
"G15-FE018DF4D21A61E8","NP","D2","direct","S-003","0","0","NA","NA","0","0","NA","self_limiting","1","0","NA","NA","0","0","NA","provisional_open"
"G15-FE449CC678A66630","N","C1","correction","S-018","1","0","NA","1","0","0","NA","direct_explanatory","1","0","NA","1","0","0","NA","provisional_open"
"G15-FE55F4CBFCAE8D81","NP","R3","gesture","S-019","1","0","1","NA","0","0","NA","provisional_open","1","0","1","NA","0","0","NA","provisional_open"
"G15-FE56710550BF6C67","NP","C2","correction","S-019","1","0","NA","1","0","0","NA","provisional_open","1","0","NA","1","0","0","NA","provisional_open"
"G15-FE5EBA4B282443DE","P","U3","uncertainty","S-029","1","0","NA","NA","0","0","1","provisional_open","1","0","NA","NA","0","0","1","provisional_open"
"G15-FE83815428C8AE0D","P","D1","direct","S-022","1","0","NA","NA","0","0","NA","provisional_open","1","0","NA","NA","0","0","NA","provisional_open"
"G15-FEAE99156093BE96","N","R1","gesture","S-004","1","0","1","NA","0","0","NA","provisional_open","1","0","1","NA","0","0","NA","provisional_open"
"G15-FEC6E35795DAB903","N","C2","correction","S-026","1","0","NA","0","0","0","NA","provisional_open","1","0","NA","1","0","0","NA","direct_explanatory"
"G15-FF072600B070DEBA","B","D2","direct","S-022","1","0","NA","NA","0","0","NA","direct_explanatory","1","0","NA","NA","0","0","NA","direct_explanatory"
"G15-FF1087BFAF9FEB95","B","R3","gesture","S-012","1","0","1","NA","0","0","NA","direct_explanatory","1","0","1","NA","0","0","NA","direct_explanatory"
"G15-FF27F3F16D77C08C","NP","U3","uncertainty","S-004","1","0","NA","NA","0","0","1","provisional_open","0","0","NA","NA","0","0","0","provisional_open"
"G15-FF412C3DA8D65C45","NP","C2","correction","S-017","1","0","NA","1","0","0","NA","provisional_open","1","0","NA","1","0","0","NA","provisional_open"
"G15-FF6B64613DEEE316","N","U2","uncertainty","S-026","1","0","NA","NA","0","0","1","provisional_open","1","0","NA","NA","0","0","1","provisional_open"
"G15-FF8C89E9B01D69BE","N","C1","correction","S-030","1","0","NA","1","0","0","NA","provisional_open","1","0","NA","1","0","0","NA","provisional_open"
"G15-FFAA3E1D3380193E","NP","D3","direct","S-025","1","0","NA","NA","0","0","NA","provisional_open","1","0","NA","NA","0","0","NA","provisional_open"
"G15-FFC4AE06351FC83C","P","D2","direct","S-010","1","0","NA","NA","0","0","NA","provisional_open","1","0","NA","NA","0","0","NA","provisional_open"
"G15-FFF2F87E750E25A9","NP","D2","direct","S-029","0","1","NA","NA","0","0","NA","self_limiting","0","1","NA","NA","0","0","NA","provisional_open"
